ISO-10303-21;
HEADER;
/* Generated by software containing ST-Developer
 * from STEP Tools, Inc. (www.steptools.com) 
 */

FILE_DESCRIPTION(
/* description */ ('STEP AP242'),
/* implementation_level */ '2;1');

FILE_NAME(
/* name */ '5ef31611-2382-4bd4-b201-bebe28268556.stp',
/* time_stamp */ '2026-05-27T11:45:20Z',
/* author */ (''),
/* organization */ (''),
/* preprocessor_version */ 'ST-DEVELOPER v20.1',
/* originating_system */ 'Autodesk Translation Framework v15.8.0.0',
/* authorisation */ '');

FILE_SCHEMA (('AUTOMOTIVE_DESIGN { 1 0 10303 214 3 1 1 }'));
ENDSEC;

DATA;
#10=MECHANICAL_DESIGN_GEOMETRIC_PRESENTATION_REPRESENTATION('',(#175,#176,
#177,#178,#179,#180,#181,#182,#183,#184,#185,#186,#187,#188,#189,#190,#191),
#13490);
#11=ITEM_DEFINED_TRANSFORMATION($,$,#7334,#8255);
#12=ITEM_DEFINED_TRANSFORMATION($,$,#7459,#8256);
#13=ITEM_DEFINED_TRANSFORMATION($,$,#8134,#8257);
#14=ITEM_DEFINED_TRANSFORMATION($,$,#7838,#8258);
#15=ITEM_DEFINED_TRANSFORMATION($,$,#8134,#8259);
#16=ITEM_DEFINED_TRANSFORMATION($,$,#8134,#8260);
#17=(
REPRESENTATION_RELATIONSHIP($,$,#13512,#13511)
REPRESENTATION_RELATIONSHIP_WITH_TRANSFORMATION(#11)
SHAPE_REPRESENTATION_RELATIONSHIP()
);
#18=(
REPRESENTATION_RELATIONSHIP($,$,#13513,#13511)
REPRESENTATION_RELATIONSHIP_WITH_TRANSFORMATION(#12)
SHAPE_REPRESENTATION_RELATIONSHIP()
);
#19=(
REPRESENTATION_RELATIONSHIP($,$,#13515,#13511)
REPRESENTATION_RELATIONSHIP_WITH_TRANSFORMATION(#13)
SHAPE_REPRESENTATION_RELATIONSHIP()
);
#20=(
REPRESENTATION_RELATIONSHIP($,$,#13514,#13511)
REPRESENTATION_RELATIONSHIP_WITH_TRANSFORMATION(#14)
SHAPE_REPRESENTATION_RELATIONSHIP()
);
#21=(
REPRESENTATION_RELATIONSHIP($,$,#13515,#13511)
REPRESENTATION_RELATIONSHIP_WITH_TRANSFORMATION(#15)
SHAPE_REPRESENTATION_RELATIONSHIP()
);
#22=(
REPRESENTATION_RELATIONSHIP($,$,#13515,#13511)
REPRESENTATION_RELATIONSHIP_WITH_TRANSFORMATION(#16)
SHAPE_REPRESENTATION_RELATIONSHIP()
);
#23=CONTEXT_DEPENDENT_SHAPE_REPRESENTATION(#17,#13505);
#24=CONTEXT_DEPENDENT_SHAPE_REPRESENTATION(#18,#13506);
#25=CONTEXT_DEPENDENT_SHAPE_REPRESENTATION(#19,#13507);
#26=CONTEXT_DEPENDENT_SHAPE_REPRESENTATION(#20,#13508);
#27=CONTEXT_DEPENDENT_SHAPE_REPRESENTATION(#21,#13509);
#28=CONTEXT_DEPENDENT_SHAPE_REPRESENTATION(#22,#13510);
#29=NEXT_ASSEMBLY_USAGE_OCCURRENCE('Metal part:1','Metal part:1',
'Metal part:1',#13517,#13518,'Metal part:1');
#30=NEXT_ASSEMBLY_USAGE_OCCURRENCE('Plastic part:1','Plastic part:1',
'Plastic part:1',#13517,#13519,'Plastic part:1');
#31=NEXT_ASSEMBLY_USAGE_OCCURRENCE('Pin:1','Pin:1','Pin:1',#13517,#13521,
'Pin:1');
#32=NEXT_ASSEMBLY_USAGE_OCCURRENCE('Handle:1','Handle:1','Handle:1',#13517,
#13520,'Handle:1');
#33=NEXT_ASSEMBLY_USAGE_OCCURRENCE('Pin:2','Pin:2','Pin:2',#13517,#13521,
'Pin:2');
#34=NEXT_ASSEMBLY_USAGE_OCCURRENCE('Pin:3','Pin:3','Pin:3',#13517,#13521,
'Pin:3');
#35=(
BOUNDED_SURFACE()
B_SPLINE_SURFACE(2,2,((#12917,#12918,#12919),(#12920,#12921,#12922),(#12923,
#12924,#12925)),.UNSPECIFIED.,.F.,.F.,.F.)
B_SPLINE_SURFACE_WITH_KNOTS((3,3),(3,3),(-1.5707963267949,1.07156594925393E-16),
(1.5707963267949,3.14159265358979),.UNSPECIFIED.)
GEOMETRIC_REPRESENTATION_ITEM()
RATIONAL_B_SPLINE_SURFACE(((1.,0.707106781186548,1.),(0.707106781186544,
0.499999999999998,0.707106781186544),(1.,0.707106781186548,1.)))
REPRESENTATION_ITEM('')
SURFACE()
);
#36=(
BOUNDED_SURFACE()
B_SPLINE_SURFACE(2,2,((#12933,#12934,#12935,#12936,#12937),(#12938,#12939,
#12940,#12941,#12942),(#12943,#12944,#12945,#12946,#12947)),
 .UNSPECIFIED.,.F.,.F.,.F.)
B_SPLINE_SURFACE_WITH_KNOTS((3,3),(3,2,3),(-1.5707963267949,1.07156594925393E-16),
(-1.5707963267949,-2.22044604925031E-16,1.5707963267949),.UNSPECIFIED.)
GEOMETRIC_REPRESENTATION_ITEM()
RATIONAL_B_SPLINE_SURFACE(((1.,0.707106781186548,1.,0.707106781186548,1.),
(0.707106781186564,0.500000000000012,0.707106781186564,0.500000000000012,
0.707106781186564),(1.,0.707106781186548,1.,0.707106781186548,1.)))
REPRESENTATION_ITEM('')
SURFACE()
);
#37=(
BOUNDED_SURFACE()
B_SPLINE_SURFACE(2,2,((#12955,#12956,#12957,#12958,#12959),(#12960,#12961,
#12962,#12963,#12964),(#12965,#12966,#12967,#12968,#12969)),
 .UNSPECIFIED.,.F.,.F.,.F.)
B_SPLINE_SURFACE_WITH_KNOTS((3,3),(3,2,3),(-1.5707963267949,1.07156594925393E-16),
(-1.5707963267949,-2.22044604925031E-16,1.5707963267949),.UNSPECIFIED.)
GEOMETRIC_REPRESENTATION_ITEM()
RATIONAL_B_SPLINE_SURFACE(((1.,0.707106781186548,1.,0.707106781186548,1.),
(0.707106781186564,0.500000000000012,0.707106781186564,0.500000000000012,
0.707106781186564),(1.,0.707106781186548,1.,0.707106781186548,1.)))
REPRESENTATION_ITEM('')
SURFACE()
);
#38=(
BOUNDED_SURFACE()
B_SPLINE_SURFACE(2,2,((#12977,#12978,#12979,#12980,#12981),(#12982,#12983,
#12984,#12985,#12986),(#12987,#12988,#12989,#12990,#12991)),
 .UNSPECIFIED.,.F.,.F.,.F.)
B_SPLINE_SURFACE_WITH_KNOTS((3,3),(3,2,3),(-1.5707963267949,1.07156594925393E-16),
(-1.5707963267949,-2.22044604925031E-16,1.5707963267949),.UNSPECIFIED.)
GEOMETRIC_REPRESENTATION_ITEM()
RATIONAL_B_SPLINE_SURFACE(((1.,0.707106781186548,1.,0.707106781186548,1.),
(0.707106781186555,0.500000000000005,0.707106781186555,0.500000000000005,
0.707106781186555),(1.,0.707106781186548,1.,0.707106781186548,1.)))
REPRESENTATION_ITEM('')
SURFACE()
);
#39=(
BOUNDED_SURFACE()
B_SPLINE_SURFACE(2,2,((#12999,#13000,#13001),(#13002,#13003,#13004),(#13005,
#13006,#13007)),.UNSPECIFIED.,.F.,.F.,.F.)
B_SPLINE_SURFACE_WITH_KNOTS((3,3),(3,3),(-1.5707963267949,1.07156594925393E-16),
(1.5707963267949,3.14159265358979),.UNSPECIFIED.)
GEOMETRIC_REPRESENTATION_ITEM()
RATIONAL_B_SPLINE_SURFACE(((1.,0.707106781186547,1.),(0.707106781186564,
0.500000000000012,0.707106781186564),(1.,0.707106781186547,1.)))
REPRESENTATION_ITEM('')
SURFACE()
);
#40=(
BOUNDED_SURFACE()
B_SPLINE_SURFACE(2,2,((#13018,#13019,#13020),(#13021,#13022,#13023),(#13024,
#13025,#13026)),.UNSPECIFIED.,.F.,.F.,.F.)
B_SPLINE_SURFACE_WITH_KNOTS((3,3),(3,3),(0.,1.5707963267949),(1.5707963267949,
3.14159265358979),.UNSPECIFIED.)
GEOMETRIC_REPRESENTATION_ITEM()
RATIONAL_B_SPLINE_SURFACE(((1.,0.707106781186548,1.),(0.707106781186544,
0.499999999999998,0.707106781186544),(1.,0.707106781186548,1.)))
REPRESENTATION_ITEM('')
SURFACE()
);
#41=(
BOUNDED_SURFACE()
B_SPLINE_SURFACE(2,2,((#13034,#13035,#13036,#13037,#13038),(#13039,#13040,
#13041,#13042,#13043),(#13044,#13045,#13046,#13047,#13048)),
 .UNSPECIFIED.,.F.,.F.,.F.)
B_SPLINE_SURFACE_WITH_KNOTS((3,3),(3,2,3),(0.,1.5707963267949),(-1.5707963267949,
0.,1.5707963267949),.UNSPECIFIED.)
GEOMETRIC_REPRESENTATION_ITEM()
RATIONAL_B_SPLINE_SURFACE(((1.,0.707106781186548,1.,0.707106781186548,1.),
(0.707106781186561,0.50000000000001,0.707106781186561,0.50000000000001,
0.707106781186561),(1.,0.707106781186548,1.,0.707106781186548,1.)))
REPRESENTATION_ITEM('')
SURFACE()
);
#42=(
BOUNDED_SURFACE()
B_SPLINE_SURFACE(2,2,((#13056,#13057,#13058,#13059,#13060),(#13061,#13062,
#13063,#13064,#13065),(#13066,#13067,#13068,#13069,#13070)),
 .UNSPECIFIED.,.F.,.F.,.F.)
B_SPLINE_SURFACE_WITH_KNOTS((3,3),(3,2,3),(0.,1.5707963267949),(-1.5707963267949,
0.,1.5707963267949),.UNSPECIFIED.)
GEOMETRIC_REPRESENTATION_ITEM()
RATIONAL_B_SPLINE_SURFACE(((1.,0.707106781186548,1.,0.707106781186548,1.),
(0.707106781186561,0.50000000000001,0.707106781186561,0.50000000000001,
0.707106781186561),(1.,0.707106781186548,1.,0.707106781186548,1.)))
REPRESENTATION_ITEM('')
SURFACE()
);
#43=(
BOUNDED_SURFACE()
B_SPLINE_SURFACE(2,2,((#13078,#13079,#13080,#13081,#13082),(#13083,#13084,
#13085,#13086,#13087),(#13088,#13089,#13090,#13091,#13092)),
 .UNSPECIFIED.,.F.,.F.,.F.)
B_SPLINE_SURFACE_WITH_KNOTS((3,3),(3,2,3),(0.,1.5707963267949),(-1.5707963267949,
0.,1.5707963267949),.UNSPECIFIED.)
GEOMETRIC_REPRESENTATION_ITEM()
RATIONAL_B_SPLINE_SURFACE(((1.,0.707106781186548,1.,0.707106781186548,1.),
(0.707106781186555,0.500000000000005,0.707106781186555,0.500000000000005,
0.707106781186555),(1.,0.707106781186548,1.,0.707106781186548,1.)))
REPRESENTATION_ITEM('')
SURFACE()
);
#44=(
BOUNDED_SURFACE()
B_SPLINE_SURFACE(2,2,((#13100,#13101,#13102),(#13103,#13104,#13105),(#13106,
#13107,#13108)),.UNSPECIFIED.,.F.,.F.,.F.)
B_SPLINE_SURFACE_WITH_KNOTS((3,3),(3,3),(0.,1.5707963267949),(1.5707963267949,
3.14159265358979),.UNSPECIFIED.)
GEOMETRIC_REPRESENTATION_ITEM()
RATIONAL_B_SPLINE_SURFACE(((1.,0.707106781186547,1.),(0.707106781186561,
0.500000000000009,0.707106781186561),(1.,0.707106781186547,1.)))
REPRESENTATION_ITEM('')
SURFACE()
);
#45=SPHERICAL_SURFACE('',#7953,0.1);
#46=SPHERICAL_SURFACE('',#7957,0.1);
#47=SPHERICAL_SURFACE('',#7964,0.1);
#48=SPHERICAL_SURFACE('',#7968,0.1);
#49=SPHERICAL_SURFACE('',#7975,0.1);
#50=SPHERICAL_SURFACE('',#8006,0.1);
#51=SPHERICAL_SURFACE('',#8013,0.1);
#52=SPHERICAL_SURFACE('',#8044,0.1);
#53=SPHERICAL_SURFACE('',#8051,0.1);
#54=SPHERICAL_SURFACE('',#8055,0.1);
#55=SPHERICAL_SURFACE('',#8059,0.1);
#56=SPHERICAL_SURFACE('',#8063,0.1);
#57=SPHERICAL_SURFACE('',#8067,0.1);
#58=SPHERICAL_SURFACE('',#8071,0.1);
#59=SPHERICAL_SURFACE('',#8075,0.1);
#60=SPHERICAL_SURFACE('',#8079,0.1);
#61=SPHERICAL_SURFACE('',#8098,0.1);
#62=SPHERICAL_SURFACE('',#8102,0.1);
#63=SPHERICAL_SURFACE('',#8107,0.1);
#64=SPHERICAL_SURFACE('',#8111,0.1);
#65=SPHERICAL_SURFACE('',#8198,0.1);
#66=SPHERICAL_SURFACE('',#8202,0.1);
#67=SPHERICAL_SURFACE('',#8206,0.1);
#68=SPHERICAL_SURFACE('',#8210,0.1);
#69=SPHERICAL_SURFACE('',#8214,0.1);
#70=SPHERICAL_SURFACE('',#8218,0.1);
#71=SPHERICAL_SURFACE('',#8222,0.1);
#72=SPHERICAL_SURFACE('',#8238,0.1);
#73=TOROIDAL_SURFACE('',#7619,0.15,0.1);
#74=TOROIDAL_SURFACE('',#7623,0.15,0.1);
#75=TOROIDAL_SURFACE('',#7627,0.15,0.1);
#76=TOROIDAL_SURFACE('',#7631,0.15,0.1);
#77=TOROIDAL_SURFACE('',#7639,0.15,0.1);
#78=TOROIDAL_SURFACE('',#7643,0.15,0.1);
#79=TOROIDAL_SURFACE('',#7651,0.15,0.1);
#80=TOROIDAL_SURFACE('',#7655,0.15,0.1);
#81=TOROIDAL_SURFACE('',#7659,0.15,0.1);
#82=TOROIDAL_SURFACE('',#7663,0.15,0.1);
#83=TOROIDAL_SURFACE('',#7671,0.15,0.1);
#84=TOROIDAL_SURFACE('',#7675,0.15,0.1);
#85=TOROIDAL_SURFACE('',#7678,0.15,0.1);
#86=TOROIDAL_SURFACE('',#7683,0.15,0.1);
#87=TOROIDAL_SURFACE('',#7691,0.15,0.1);
#88=TOROIDAL_SURFACE('',#7695,0.15,0.1);
#89=TOROIDAL_SURFACE('',#7699,0.15,0.1);
#90=TOROIDAL_SURFACE('',#7703,0.15,0.1);
#91=TOROIDAL_SURFACE('',#7711,0.15,0.1);
#92=TOROIDAL_SURFACE('',#7715,0.15,0.1);
#93=TOROIDAL_SURFACE('',#7723,0.15,0.1);
#94=TOROIDAL_SURFACE('',#7727,0.15,0.1);
#95=TOROIDAL_SURFACE('',#7731,0.15,0.1);
#96=TOROIDAL_SURFACE('',#7735,0.15,0.1);
#97=TOROIDAL_SURFACE('',#7745,0.2,0.1);
#98=TOROIDAL_SURFACE('',#7749,0.2,0.1);
#99=TOROIDAL_SURFACE('',#7753,0.2,0.1);
#100=TOROIDAL_SURFACE('',#7757,0.2,0.1);
#101=TOROIDAL_SURFACE('',#7761,0.2,0.1);
#102=TOROIDAL_SURFACE('',#7765,0.2,0.1);
#103=TOROIDAL_SURFACE('',#7769,0.2,0.1);
#104=TOROIDAL_SURFACE('',#7773,0.2,0.1);
#105=TOROIDAL_SURFACE('',#7777,0.2,0.1);
#106=TOROIDAL_SURFACE('',#7781,0.2,0.1);
#107=TOROIDAL_SURFACE('',#7785,0.2,0.1);
#108=TOROIDAL_SURFACE('',#7789,0.2,0.1);
#109=TOROIDAL_SURFACE('',#7793,0.2,0.1);
#110=TOROIDAL_SURFACE('',#7797,0.2,0.1);
#111=TOROIDAL_SURFACE('',#7801,0.2,0.1);
#112=TOROIDAL_SURFACE('',#7805,0.2,0.1);
#113=TOROIDAL_SURFACE('',#7809,0.2,0.1);
#114=TOROIDAL_SURFACE('',#7813,0.2,0.1);
#115=TOROIDAL_SURFACE('',#7817,0.2,0.1);
#116=TOROIDAL_SURFACE('',#7821,0.2,0.1);
#117=TOROIDAL_SURFACE('',#7825,0.2,0.1);
#118=TOROIDAL_SURFACE('',#7829,0.2,0.1);
#119=TOROIDAL_SURFACE('',#7833,0.2,0.1);
#120=TOROIDAL_SURFACE('',#7837,0.2,0.1);
#121=TOROIDAL_SURFACE('',#7980,0.275,0.1);
#122=TOROIDAL_SURFACE('',#7987,0.275,0.1);
#123=TOROIDAL_SURFACE('',#7994,0.275,0.1);
#124=TOROIDAL_SURFACE('',#8001,0.275,0.1);
#125=TOROIDAL_SURFACE('',#8018,0.275,0.1);
#126=TOROIDAL_SURFACE('',#8025,0.275,0.1);
#127=TOROIDAL_SURFACE('',#8032,0.275,0.1);
#128=TOROIDAL_SURFACE('',#8039,0.275,0.1);
#129=TOROIDAL_SURFACE('',#8083,0.2,0.1);
#130=TOROIDAL_SURFACE('',#8087,0.2,0.1);
#131=TOROIDAL_SURFACE('',#8091,0.2,0.1);
#132=TOROIDAL_SURFACE('',#8095,0.2,0.1);
#133=TOROIDAL_SURFACE('',#8186,0.2,0.1);
#134=TOROIDAL_SURFACE('',#8190,0.65,0.1);
#135=TOROIDAL_SURFACE('',#8194,0.2,0.1);
#136=TOROIDAL_SURFACE('',#8226,0.2,0.1);
#137=TOROIDAL_SURFACE('',#8230,0.65,0.1);
#138=TOROIDAL_SURFACE('',#8234,0.2,0.1);
#139=TOROIDAL_SURFACE('',#8239,0.5,0.1);
#140=TOROIDAL_SURFACE('',#8244,0.5,0.1);
#141=TOROIDAL_SURFACE('',#8247,0.5,0.1);
#142=TOROIDAL_SURFACE('',#8252,0.5,0.1);
#143=ELLIPSE('',#7615,0.141421356237346,0.100000000000031);
#144=ELLIPSE('',#7616,0.141421356237275,0.099999999999976);
#145=ELLIPSE('',#7634,0.141421356237275,0.099999999999976);
#146=ELLIPSE('',#7636,0.141421356237336,0.100000000000023);
#147=ELLIPSE('',#7646,0.141421356237327,0.100000000000013);
#148=ELLIPSE('',#7648,0.141421356237341,0.100000000000024);
#149=ELLIPSE('',#7666,0.141421356237278,0.0999999999999774);
#150=ELLIPSE('',#7668,0.141421356237329,0.100000000000016);
#151=ELLIPSE('',#7686,0.141421356237361,0.10000000000004);
#152=ELLIPSE('',#7688,0.141421356237297,0.0999999999999902);
#153=ELLIPSE('',#7706,0.141421356237297,0.0999999999999902);
#154=ELLIPSE('',#7708,0.141421356237356,0.100000000000036);
#155=ELLIPSE('',#7718,0.141421356237352,0.100000000000029);
#156=ELLIPSE('',#7720,0.141421356237348,0.100000000000027);
#157=ELLIPSE('',#7738,0.141421356237319,0.100000000000006);
#158=ELLIPSE('',#7740,0.141421356237339,0.10000000000002);
#159=ELLIPSE('',#7938,0.141421356237317,0.100000000000003);
#160=ELLIPSE('',#7940,0.141421356237331,0.100000000000013);
#161=ELLIPSE('',#7945,0.141421356237317,0.100000000000003);
#162=ELLIPSE('',#7947,0.141421356237362,0.100000000000031);
#163=ELLIPSE('',#8125,0.141421356237393,0.100000000000061);
#164=ELLIPSE('',#8127,0.14142135623742,0.100000000000077);
#165=ELLIPSE('',#8130,0.141421356237373,0.100000000000044);
#166=ELLIPSE('',#8132,0.141421356237395,0.10000000000006);
#167=SHAPE_REPRESENTATION_RELATIONSHIP('SRR','None',#13512,#171);
#168=SHAPE_REPRESENTATION_RELATIONSHIP('SRR','None',#13513,#172);
#169=SHAPE_REPRESENTATION_RELATIONSHIP('SRR','None',#13514,#173);
#170=SHAPE_REPRESENTATION_RELATIONSHIP('SRR','None',#13515,#174);
#171=ADVANCED_BREP_SHAPE_REPRESENTATION('',(#192),#13486);
#172=ADVANCED_BREP_SHAPE_REPRESENTATION('',(#193),#13487);
#173=ADVANCED_BREP_SHAPE_REPRESENTATION('',(#194,#195),#13488);
#174=ADVANCED_BREP_SHAPE_REPRESENTATION('',(#196),#13489);
#175=STYLED_ITEM('',(#13541),#192);
#176=STYLED_ITEM('',(#13542),#193);
#177=STYLED_ITEM('',(#13541),#194);
#178=STYLED_ITEM('',(#13543),#7215);
#179=STYLED_ITEM('',(#13543),#7216);
#180=STYLED_ITEM('',(#13543),#7217);
#181=STYLED_ITEM('',(#13543),#7218);
#182=STYLED_ITEM('',(#13543),#7219);
#183=STYLED_ITEM('',(#13543),#7220);
#184=STYLED_ITEM('',(#13543),#7221);
#185=STYLED_ITEM('',(#13543),#7222);
#186=STYLED_ITEM('',(#13543),#7223);
#187=STYLED_ITEM('',(#13543),#7224);
#188=STYLED_ITEM('',(#13543),#7225);
#189=STYLED_ITEM('',(#13543),#7226);
#190=STYLED_ITEM('',(#13541),#195);
#191=STYLED_ITEM('',(#13543),#196);
#192=MANIFOLD_SOLID_BREP('Body1',#7283);
#193=MANIFOLD_SOLID_BREP('Body1',#7284);
#194=MANIFOLD_SOLID_BREP('Body1',#7285);
#195=MANIFOLD_SOLID_BREP('Body2',#7286);
#196=MANIFOLD_SOLID_BREP('Body1',#7287);
#197=B_SPLINE_SURFACE_WITH_KNOTS('',3,3,((#11013,#11014,#11015,#11016),
(#11017,#11018,#11019,#11020),(#11021,#11022,#11023,#11024),(#11025,#11026,
#11027,#11028),(#11029,#11030,#11031,#11032),(#11033,#11034,#11035,#11036),
(#11037,#11038,#11039,#11040),(#11041,#11042,#11043,#11044),(#11045,#11046,
#11047,#11048),(#11049,#11050,#11051,#11052),(#11053,#11054,#11055,#11056),
(#11057,#11058,#11059,#11060),(#11061,#11062,#11063,#11064),(#11065,#11066,
#11067,#11068)),.UNSPECIFIED.,.F.,.F.,.F.,(4,1,1,1,1,1,1,1,1,1,1,4),(4,
4),(0.,0.168734485338172,0.316444084451774,0.449811777921051,0.583179471390328,
0.722986636317259,0.871829125039116,1.02493638082488,1.18297860716019,1.34209321802409,
1.48364820272865,1.5707963267949),(-8.10103913882993E-6,1.),
 .UNSPECIFIED.);
#198=B_SPLINE_SURFACE_WITH_KNOTS('',3,3,((#11093,#11094,#11095,#11096),
(#11097,#11098,#11099,#11100),(#11101,#11102,#11103,#11104),(#11105,#11106,
#11107,#11108),(#11109,#11110,#11111,#11112),(#11113,#11114,#11115,#11116),
(#11117,#11118,#11119,#11120),(#11121,#11122,#11123,#11124),(#11125,#11126,
#11127,#11128),(#11129,#11130,#11131,#11132),(#11133,#11134,#11135,#11136),
(#11137,#11138,#11139,#11140),(#11141,#11142,#11143,#11144),(#11145,#11146,
#11147,#11148)),.UNSPECIFIED.,.F.,.F.,.F.,(4,1,1,1,1,1,1,1,1,1,1,4),(4,
4),(0.,0.192051006995379,0.359893121869808,0.511119883781384,0.66234664569296,
0.818400708536651,0.97691043696968,1.12199033559223,1.25930554772582,1.3966207598594,
1.50400237289119,1.5707963267949),(0.,1.),.UNSPECIFIED.);
#199=B_SPLINE_SURFACE_WITH_KNOTS('',3,3,((#11585,#11586,#11587,#11588),
(#11589,#11590,#11591,#11592),(#11593,#11594,#11595,#11596),(#11597,#11598,
#11599,#11600),(#11601,#11602,#11603,#11604),(#11605,#11606,#11607,#11608),
(#11609,#11610,#11611,#11612),(#11613,#11614,#11615,#11616),(#11617,#11618,
#11619,#11620),(#11621,#11622,#11623,#11624),(#11625,#11626,#11627,#11628),
(#11629,#11630,#11631,#11632),(#11633,#11634,#11635,#11636),(#11637,#11638,
#11639,#11640)),.UNSPECIFIED.,.F.,.F.,.F.,(4,1,1,1,1,1,1,1,1,1,1,4),(4,
4),(0.,0.192051006995822,0.359893121870466,0.511119883782093,0.662346645693721,
0.818400708537445,0.976910436970311,1.12199033559275,1.2593055477264,1.39662075986006,
1.50400237289274,1.5707963267949),(0.,1.),.UNSPECIFIED.);
#200=B_SPLINE_SURFACE_WITH_KNOTS('',3,3,((#11642,#11643,#11644,#11645),
(#11646,#11647,#11648,#11649),(#11650,#11651,#11652,#11653),(#11654,#11655,
#11656,#11657),(#11658,#11659,#11660,#11661),(#11662,#11663,#11664,#11665),
(#11666,#11667,#11668,#11669),(#11670,#11671,#11672,#11673),(#11674,#11675,
#11676,#11677),(#11678,#11679,#11680,#11681),(#11682,#11683,#11684,#11685),
(#11686,#11687,#11688,#11689),(#11690,#11691,#11692,#11693),(#11694,#11695,
#11696,#11697)),.UNSPECIFIED.,.F.,.F.,.F.,(4,1,1,1,1,1,1,1,1,1,1,4),(4,
4),(0.,0.168734485338118,0.316444084451677,0.449811777920927,0.583179471390178,
0.722986636317082,0.871829125038893,1.02493638082472,1.18297860716001,1.34209321802391,
1.48364820272851,1.5707963267949),(-8.10103913891847E-6,1.),
 .UNSPECIFIED.);
#201=B_SPLINE_CURVE_WITH_KNOTS('',3,(#10776,#10777,#10778,#10779,#10780,
#10781,#10782,#10783,#10784,#10785,#10786,#10787,#10788,#10789,#10790,#10791,
#10792,#10793,#10794,#10795,#10796,#10797,#10798,#10799,#10800,#10801,#10802,
#10803,#10804,#10805,#10806,#10807,#10808,#10809,#10810,#10811,#10812,#10813,
#10814,#10815,#10816,#10817,#10818,#10819,#10820,#10821,#10822,#10823,#10824,
#10825,#10826,#10827,#10828,#10829,#10830),.UNSPECIFIED.,.F.,.F.,(4,3,3,
3,3,3,3,3,3,3,3,3,3,3,3,3,3,3,4),(0.,0.0554344590407581,0.145576805604484,
0.184607333583944,0.246903744261725,0.347201220061701,0.347505200802888,
0.444974447487908,0.485829505345457,0.539732472346969,0.618748921047156,
0.628736740704453,0.713643015130309,0.743711721802259,0.798529833090139,
0.868793927833613,0.892613302475813,0.991556858196308,1.),.UNSPECIFIED.);
#202=B_SPLINE_CURVE_WITH_KNOTS('',3,(#10832,#10833,#10834,#10835,#10836,
#10837,#10838,#10839,#10840,#10841,#10842,#10843,#10844,#10845,#10846,#10847,
#10848,#10849,#10850,#10851,#10852,#10853,#10854,#10855,#10856,#10857,#10858,
#10859,#10860,#10861,#10862,#10863,#10864,#10865,#10866,#10867,#10868,#10869,
#10870,#10871,#10872,#10873,#10874,#10875,#10876,#10877),.UNSPECIFIED.,
 .F.,.F.,(4,3,3,3,3,3,3,3,3,3,3,3,3,3,3,4),(0.,0.0423161204555538,0.110758796792902,
0.158503612487578,0.198338897752098,0.285724856531997,0.304477849668299,
0.378076516725511,0.439314334620728,0.478990901114728,0.580378427487643,
0.674611538474572,0.740875548217319,0.770884012400526,0.879888055648433,
1.),.UNSPECIFIED.);
#203=B_SPLINE_CURVE_WITH_KNOTS('',3,(#10907,#10908,#10909,#10910,#10911,
#10912,#10913,#10914,#10915,#10916,#10917,#10918,#10919,#10920,#10921,#10922,
#10923,#10924,#10925,#10926,#10927,#10928,#10929,#10930,#10931,#10932,#10933,
#10934,#10935,#10936,#10937,#10938,#10939,#10940,#10941,#10942,#10943,#10944,
#10945,#10946,#10947,#10948,#10949,#10950,#10951,#10952,#10953,#10954,#10955,
#10956,#10957,#10958,#10959,#10960,#10961),.UNSPECIFIED.,.F.,.F.,(4,3,3,
3,3,3,3,3,3,3,3,3,3,3,3,3,3,3,4),(0.,0.0554344590408382,0.145576805604602,
0.184607333581126,0.246903744261857,0.347201220057429,0.347505200803011,
0.444974447488042,0.485829505341228,0.539732472347078,0.618748921042943,
0.628736740704576,0.713643015130421,0.74371172179804,0.798529833090218,
0.868793927830746,0.892613302475854,0.991556858191875,1.),.UNSPECIFIED.);
#204=B_SPLINE_CURVE_WITH_KNOTS('',3,(#10963,#10964,#10965,#10966,#10967,
#10968,#10969,#10970,#10971,#10972,#10973,#10974,#10975,#10976,#10977,#10978,
#10979,#10980,#10981,#10982,#10983,#10984,#10985,#10986,#10987,#10988,#10989,
#10990,#10991,#10992,#10993,#10994,#10995,#10996,#10997,#10998,#10999,#11000,
#11001,#11002,#11003,#11004,#11005,#11006,#11007,#11008),.UNSPECIFIED.,
 .F.,.F.,(4,3,3,3,3,3,3,3,3,3,3,3,3,3,3,4),(0.,0.0423161204546081,0.110758796792481,
0.158503612487442,0.198338897751721,0.285724856531666,0.304477849668336,
0.378076516725114,0.439314334620554,0.47899090111424,0.58037842748744,0.67461153847412,
0.740875548217001,0.770884012400111,0.879888055648365,1.),.UNSPECIFIED.);
#205=B_SPLINE_CURVE_WITH_KNOTS('',3,(#11070,#11071,#11072,#11073,#11074,
#11075,#11076,#11077,#11078,#11079,#11080,#11081,#11082,#11083,#11084,#11085),
 .UNSPECIFIED.,.F.,.F.,(4,2,2,2,2,2,2,4),(-0.0676899213525212,-0.063866038864751,
-0.0599319191536234,-0.0513459683702749,-0.0362508049085425,-0.0189601650870245,
-0.00961965266557486,0.),.UNSPECIFIED.);
#206=B_SPLINE_CURVE_WITH_KNOTS('',3,(#11149,#11150,#11151,#11152,#11153,
#11154,#11155,#11156,#11157,#11158,#11159,#11160,#11161,#11162,#11163,#11164,
#11165,#11166,#11167,#11168,#11169,#11170,#11171,#11172,#11173,#11174,#11175,
#11176,#11177,#11178,#11179,#11180,#11181,#11182,#11183,#11184,#11185,#11186,
#11187,#11188,#11189,#11190,#11191,#11192,#11193,#11194,#11195,#11196,#11197,
#11198,#11199,#11200,#11201,#11202,#11203,#11204,#11205,#11206,#11207,#11208,
#11209),.UNSPECIFIED.,.F.,.F.,(4,3,3,3,3,3,3,3,3,3,3,3,3,3,3,3,3,3,3,3,
4),(0.,0.0737334607223796,0.107419729818773,0.176148870810418,0.201454589178863,
0.273785911428498,0.286359100036866,0.361060406007943,0.375363106450971,
0.454900434787102,0.470119179109506,0.556174986321453,0.567590282392693,
0.65810091721307,0.668203087874081,0.755162900073513,0.769498595037094,
0.851283477233235,0.867954809182454,0.944519800894005,1.),.UNSPECIFIED.);
#207=B_SPLINE_CURVE_WITH_KNOTS('',3,(#11274,#11275,#11276,#11277,#11278,
#11279,#11280,#11281,#11282,#11283,#11284,#11285,#11286,#11287,#11288,#11289,
#11290,#11291,#11292,#11293,#11294,#11295,#11296,#11297,#11298,#11299,#11300,
#11301,#11302,#11303,#11304,#11305,#11306,#11307,#11308,#11309,#11310,#11311,
#11312,#11313,#11314,#11315,#11316,#11317,#11318,#11319,#11320,#11321,#11322,
#11323,#11324,#11325,#11326,#11327,#11328,#11329,#11330,#11331,#11332,#11333,
#11334),.UNSPECIFIED.,.F.,.F.,(4,3,3,3,3,3,3,3,3,3,3,3,3,3,3,3,3,3,3,3,
4),(0.,0.0737334607219552,0.107419729818743,0.1761488708107,0.201454589178811,
0.27378591142797,0.286359100036846,0.361060406007961,0.375363106450951,
0.454900434787288,0.470119179109534,0.556174986321433,0.567590282392696,
0.658100917212909,0.668203087874109,0.755162900073975,0.769498595037109,
0.851283477233133,0.867954809182462,0.944519800894008,1.),.UNSPECIFIED.);
#208=B_SPLINE_CURVE_WITH_KNOTS('',3,(#11336,#11337,#11338,#11339,#11340,
#11341,#11342,#11343,#11344,#11345,#11346,#11347,#11348,#11349,#11350,#11351),
 .UNSPECIFIED.,.F.,.F.,(4,2,2,2,2,2,2,4),(-0.0676899213527742,-0.0638660388649765,
-0.059931919153819,-0.0513459683704036,-0.0362508049085892,-0.0189601650870111,
-0.00961965266556633,0.),.UNSPECIFIED.);
#209=CYLINDRICAL_SURFACE('',#7342,1.1);
#210=CYLINDRICAL_SURFACE('',#7344,1.1);
#211=CYLINDRICAL_SURFACE('',#7351,0.5);
#212=CYLINDRICAL_SURFACE('',#7354,0.5);
#213=CYLINDRICAL_SURFACE('',#7357,0.1);
#214=CYLINDRICAL_SURFACE('',#7361,0.5);
#215=CYLINDRICAL_SURFACE('',#7364,0.5);
#216=CYLINDRICAL_SURFACE('',#7367,0.1);
#217=CYLINDRICAL_SURFACE('',#7377,0.5);
#218=CYLINDRICAL_SURFACE('',#7378,0.5);
#219=CYLINDRICAL_SURFACE('',#7385,0.1);
#220=CYLINDRICAL_SURFACE('',#7393,0.1);
#221=CYLINDRICAL_SURFACE('',#7402,0.1);
#222=CYLINDRICAL_SURFACE('',#7410,0.1);
#223=CYLINDRICAL_SURFACE('',#7437,0.5);
#224=CYLINDRICAL_SURFACE('',#7438,0.5);
#225=CYLINDRICAL_SURFACE('',#7439,0.5);
#226=CYLINDRICAL_SURFACE('',#7440,0.5);
#227=CYLINDRICAL_SURFACE('',#7511,0.1);
#228=CYLINDRICAL_SURFACE('',#7515,0.1);
#229=CYLINDRICAL_SURFACE('',#7519,0.1);
#230=CYLINDRICAL_SURFACE('',#7523,0.1);
#231=CYLINDRICAL_SURFACE('',#7527,0.1);
#232=CYLINDRICAL_SURFACE('',#7531,0.1);
#233=CYLINDRICAL_SURFACE('',#7535,0.1);
#234=CYLINDRICAL_SURFACE('',#7539,0.1);
#235=CYLINDRICAL_SURFACE('',#7543,0.1);
#236=CYLINDRICAL_SURFACE('',#7547,0.1);
#237=CYLINDRICAL_SURFACE('',#7551,0.1);
#238=CYLINDRICAL_SURFACE('',#7555,0.1);
#239=CYLINDRICAL_SURFACE('',#7561,0.25);
#240=CYLINDRICAL_SURFACE('',#7565,0.25);
#241=CYLINDRICAL_SURFACE('',#7569,0.25);
#242=CYLINDRICAL_SURFACE('',#7573,0.25);
#243=CYLINDRICAL_SURFACE('',#7579,0.25);
#244=CYLINDRICAL_SURFACE('',#7583,0.25);
#245=CYLINDRICAL_SURFACE('',#7589,0.25);
#246=CYLINDRICAL_SURFACE('',#7593,0.25);
#247=CYLINDRICAL_SURFACE('',#7597,0.25);
#248=CYLINDRICAL_SURFACE('',#7601,0.25);
#249=CYLINDRICAL_SURFACE('',#7607,0.25);
#250=CYLINDRICAL_SURFACE('',#7611,0.25);
#251=CYLINDRICAL_SURFACE('',#7614,0.1);
#252=CYLINDRICAL_SURFACE('',#7617,0.1);
#253=CYLINDRICAL_SURFACE('',#7621,0.1);
#254=CYLINDRICAL_SURFACE('',#7625,0.1);
#255=CYLINDRICAL_SURFACE('',#7629,0.1);
#256=CYLINDRICAL_SURFACE('',#7633,0.1);
#257=CYLINDRICAL_SURFACE('',#7635,0.1);
#258=CYLINDRICAL_SURFACE('',#7637,0.1);
#259=CYLINDRICAL_SURFACE('',#7641,0.1);
#260=CYLINDRICAL_SURFACE('',#7645,0.1);
#261=CYLINDRICAL_SURFACE('',#7647,0.1);
#262=CYLINDRICAL_SURFACE('',#7649,0.1);
#263=CYLINDRICAL_SURFACE('',#7653,0.1);
#264=CYLINDRICAL_SURFACE('',#7657,0.1);
#265=CYLINDRICAL_SURFACE('',#7661,0.1);
#266=CYLINDRICAL_SURFACE('',#7665,0.1);
#267=CYLINDRICAL_SURFACE('',#7667,0.1);
#268=CYLINDRICAL_SURFACE('',#7669,0.1);
#269=CYLINDRICAL_SURFACE('',#7673,0.1);
#270=CYLINDRICAL_SURFACE('',#7677,0.1);
#271=CYLINDRICAL_SURFACE('',#7681,0.1);
#272=CYLINDRICAL_SURFACE('',#7685,0.1);
#273=CYLINDRICAL_SURFACE('',#7687,0.1);
#274=CYLINDRICAL_SURFACE('',#7689,0.1);
#275=CYLINDRICAL_SURFACE('',#7693,0.1);
#276=CYLINDRICAL_SURFACE('',#7697,0.1);
#277=CYLINDRICAL_SURFACE('',#7701,0.1);
#278=CYLINDRICAL_SURFACE('',#7705,0.1);
#279=CYLINDRICAL_SURFACE('',#7707,0.1);
#280=CYLINDRICAL_SURFACE('',#7709,0.1);
#281=CYLINDRICAL_SURFACE('',#7713,0.1);
#282=CYLINDRICAL_SURFACE('',#7717,0.1);
#283=CYLINDRICAL_SURFACE('',#7719,0.1);
#284=CYLINDRICAL_SURFACE('',#7721,0.1);
#285=CYLINDRICAL_SURFACE('',#7725,0.1);
#286=CYLINDRICAL_SURFACE('',#7729,0.1);
#287=CYLINDRICAL_SURFACE('',#7733,0.1);
#288=CYLINDRICAL_SURFACE('',#7737,0.1);
#289=CYLINDRICAL_SURFACE('',#7739,0.1);
#290=CYLINDRICAL_SURFACE('',#7741,0.1);
#291=CYLINDRICAL_SURFACE('',#7742,0.1);
#292=CYLINDRICAL_SURFACE('',#7747,0.1);
#293=CYLINDRICAL_SURFACE('',#7751,0.1);
#294=CYLINDRICAL_SURFACE('',#7755,0.1);
#295=CYLINDRICAL_SURFACE('',#7758,0.1);
#296=CYLINDRICAL_SURFACE('',#7763,0.1);
#297=CYLINDRICAL_SURFACE('',#7767,0.1);
#298=CYLINDRICAL_SURFACE('',#7771,0.1);
#299=CYLINDRICAL_SURFACE('',#7774,0.1);
#300=CYLINDRICAL_SURFACE('',#7779,0.1);
#301=CYLINDRICAL_SURFACE('',#7783,0.1);
#302=CYLINDRICAL_SURFACE('',#7787,0.1);
#303=CYLINDRICAL_SURFACE('',#7790,0.1);
#304=CYLINDRICAL_SURFACE('',#7795,0.1);
#305=CYLINDRICAL_SURFACE('',#7799,0.1);
#306=CYLINDRICAL_SURFACE('',#7803,0.1);
#307=CYLINDRICAL_SURFACE('',#7806,0.1);
#308=CYLINDRICAL_SURFACE('',#7811,0.1);
#309=CYLINDRICAL_SURFACE('',#7815,0.1);
#310=CYLINDRICAL_SURFACE('',#7819,0.1);
#311=CYLINDRICAL_SURFACE('',#7822,0.1);
#312=CYLINDRICAL_SURFACE('',#7827,0.1);
#313=CYLINDRICAL_SURFACE('',#7831,0.1);
#314=CYLINDRICAL_SURFACE('',#7835,0.1);
#315=CYLINDRICAL_SURFACE('',#7841,0.1);
#316=CYLINDRICAL_SURFACE('',#7844,0.1);
#317=CYLINDRICAL_SURFACE('',#7847,0.1);
#318=CYLINDRICAL_SURFACE('',#7850,0.1);
#319=CYLINDRICAL_SURFACE('',#7895,0.1);
#320=CYLINDRICAL_SURFACE('',#7898,0.175);
#321=CYLINDRICAL_SURFACE('',#7902,0.175);
#322=CYLINDRICAL_SURFACE('',#7906,0.175);
#323=CYLINDRICAL_SURFACE('',#7910,0.175);
#324=CYLINDRICAL_SURFACE('',#7914,0.175);
#325=CYLINDRICAL_SURFACE('',#7918,0.175);
#326=CYLINDRICAL_SURFACE('',#7922,0.175);
#327=CYLINDRICAL_SURFACE('',#7926,0.175);
#328=CYLINDRICAL_SURFACE('',#7930,0.175);
#329=CYLINDRICAL_SURFACE('',#7933,0.1);
#330=CYLINDRICAL_SURFACE('',#7936,0.1);
#331=CYLINDRICAL_SURFACE('',#7939,0.1);
#332=CYLINDRICAL_SURFACE('',#7941,0.1);
#333=CYLINDRICAL_SURFACE('',#7943,0.1);
#334=CYLINDRICAL_SURFACE('',#7946,0.1);
#335=CYLINDRICAL_SURFACE('',#7948,0.1);
#336=CYLINDRICAL_SURFACE('',#7950,0.1);
#337=CYLINDRICAL_SURFACE('',#7955,0.1);
#338=CYLINDRICAL_SURFACE('',#7959,0.1);
#339=CYLINDRICAL_SURFACE('',#7961,0.1);
#340=CYLINDRICAL_SURFACE('',#7966,0.1);
#341=CYLINDRICAL_SURFACE('',#7970,0.1);
#342=CYLINDRICAL_SURFACE('',#7972,0.1);
#343=CYLINDRICAL_SURFACE('',#7978,0.1);
#344=CYLINDRICAL_SURFACE('',#7982,0.1);
#345=CYLINDRICAL_SURFACE('',#7985,0.1);
#346=CYLINDRICAL_SURFACE('',#7989,0.1);
#347=CYLINDRICAL_SURFACE('',#7992,0.1);
#348=CYLINDRICAL_SURFACE('',#7996,0.1);
#349=CYLINDRICAL_SURFACE('',#7999,0.1);
#350=CYLINDRICAL_SURFACE('',#8003,0.1);
#351=CYLINDRICAL_SURFACE('',#8008,0.1);
#352=CYLINDRICAL_SURFACE('',#8010,0.1);
#353=CYLINDRICAL_SURFACE('',#8016,0.1);
#354=CYLINDRICAL_SURFACE('',#8020,0.1);
#355=CYLINDRICAL_SURFACE('',#8023,0.1);
#356=CYLINDRICAL_SURFACE('',#8027,0.1);
#357=CYLINDRICAL_SURFACE('',#8030,0.1);
#358=CYLINDRICAL_SURFACE('',#8034,0.1);
#359=CYLINDRICAL_SURFACE('',#8037,0.1);
#360=CYLINDRICAL_SURFACE('',#8041,0.1);
#361=CYLINDRICAL_SURFACE('',#8046,0.1);
#362=CYLINDRICAL_SURFACE('',#8048,0.1);
#363=CYLINDRICAL_SURFACE('',#8053,0.1);
#364=CYLINDRICAL_SURFACE('',#8057,0.1);
#365=CYLINDRICAL_SURFACE('',#8061,0.1);
#366=CYLINDRICAL_SURFACE('',#8064,0.1);
#367=CYLINDRICAL_SURFACE('',#8069,0.1);
#368=CYLINDRICAL_SURFACE('',#8073,0.1);
#369=CYLINDRICAL_SURFACE('',#8077,0.1);
#370=CYLINDRICAL_SURFACE('',#8080,0.1);
#371=CYLINDRICAL_SURFACE('',#8085,0.1);
#372=CYLINDRICAL_SURFACE('',#8089,0.1);
#373=CYLINDRICAL_SURFACE('',#8093,0.1);
#374=CYLINDRICAL_SURFACE('',#8096,0.1);
#375=CYLINDRICAL_SURFACE('',#8100,0.1);
#376=CYLINDRICAL_SURFACE('',#8104,0.1);
#377=CYLINDRICAL_SURFACE('',#8105,0.1);
#378=CYLINDRICAL_SURFACE('',#8109,0.1);
#379=CYLINDRICAL_SURFACE('',#8113,0.1);
#380=CYLINDRICAL_SURFACE('',#8124,0.1);
#381=CYLINDRICAL_SURFACE('',#8126,0.1);
#382=CYLINDRICAL_SURFACE('',#8128,0.1);
#383=CYLINDRICAL_SURFACE('',#8129,0.1);
#384=CYLINDRICAL_SURFACE('',#8131,0.1);
#385=CYLINDRICAL_SURFACE('',#8133,0.1);
#386=CYLINDRICAL_SURFACE('',#8148,0.4);
#387=CYLINDRICAL_SURFACE('',#8152,0.4);
#388=CYLINDRICAL_SURFACE('',#8156,0.1);
#389=CYLINDRICAL_SURFACE('',#8160,0.1);
#390=CYLINDRICAL_SURFACE('',#8164,0.75);
#391=CYLINDRICAL_SURFACE('',#8168,0.1);
#392=CYLINDRICAL_SURFACE('',#8172,0.1);
#393=CYLINDRICAL_SURFACE('',#8176,0.1);
#394=CYLINDRICAL_SURFACE('',#8180,0.1);
#395=CYLINDRICAL_SURFACE('',#8183,0.1);
#396=CYLINDRICAL_SURFACE('',#8188,0.1);
#397=CYLINDRICAL_SURFACE('',#8192,0.1);
#398=CYLINDRICAL_SURFACE('',#8196,0.1);
#399=CYLINDRICAL_SURFACE('',#8200,0.1);
#400=CYLINDRICAL_SURFACE('',#8204,0.1);
#401=CYLINDRICAL_SURFACE('',#8208,0.1);
#402=CYLINDRICAL_SURFACE('',#8211,0.1);
#403=CYLINDRICAL_SURFACE('',#8216,0.1);
#404=CYLINDRICAL_SURFACE('',#8220,0.1);
#405=CYLINDRICAL_SURFACE('',#8224,0.1);
#406=CYLINDRICAL_SURFACE('',#8228,0.1);
#407=CYLINDRICAL_SURFACE('',#8232,0.1);
#408=CYLINDRICAL_SURFACE('',#8236,0.1);
#409=CYLINDRICAL_SURFACE('',#8242,0.1);
#410=CYLINDRICAL_SURFACE('',#8246,0.1);
#411=CYLINDRICAL_SURFACE('',#8250,0.1);
#412=CYLINDRICAL_SURFACE('',#8254,0.1);
#413=FACE_BOUND('',#892,.T.);
#414=FACE_BOUND('',#893,.T.);
#415=FACE_BOUND('',#894,.T.);
#416=FACE_BOUND('',#914,.T.);
#417=FACE_BOUND('',#915,.T.);
#418=FACE_BOUND('',#916,.T.);
#419=FACE_BOUND('',#990,.T.);
#420=FACE_BOUND('',#991,.T.);
#421=FACE_BOUND('',#992,.T.);
#422=FACE_BOUND('',#994,.T.);
#423=FACE_BOUND('',#995,.T.);
#424=FACE_BOUND('',#996,.T.);
#425=FACE_BOUND('',#1181,.T.);
#426=FACE_BOUND('',#1312,.T.);
#427=FACE_BOUND('',#1314,.T.);
#428=FACE_OUTER_BOUND('',#891,.T.);
#429=FACE_OUTER_BOUND('',#895,.T.);
#430=FACE_OUTER_BOUND('',#896,.T.);
#431=FACE_OUTER_BOUND('',#897,.T.);
#432=FACE_OUTER_BOUND('',#898,.T.);
#433=FACE_OUTER_BOUND('',#899,.T.);
#434=FACE_OUTER_BOUND('',#900,.T.);
#435=FACE_OUTER_BOUND('',#901,.T.);
#436=FACE_OUTER_BOUND('',#902,.T.);
#437=FACE_OUTER_BOUND('',#903,.T.);
#438=FACE_OUTER_BOUND('',#904,.T.);
#439=FACE_OUTER_BOUND('',#905,.T.);
#440=FACE_OUTER_BOUND('',#906,.T.);
#441=FACE_OUTER_BOUND('',#907,.T.);
#442=FACE_OUTER_BOUND('',#908,.T.);
#443=FACE_OUTER_BOUND('',#909,.T.);
#444=FACE_OUTER_BOUND('',#910,.T.);
#445=FACE_OUTER_BOUND('',#911,.T.);
#446=FACE_OUTER_BOUND('',#912,.T.);
#447=FACE_OUTER_BOUND('',#913,.T.);
#448=FACE_OUTER_BOUND('',#917,.T.);
#449=FACE_OUTER_BOUND('',#918,.T.);
#450=FACE_OUTER_BOUND('',#919,.T.);
#451=FACE_OUTER_BOUND('',#920,.T.);
#452=FACE_OUTER_BOUND('',#921,.T.);
#453=FACE_OUTER_BOUND('',#922,.T.);
#454=FACE_OUTER_BOUND('',#923,.T.);
#455=FACE_OUTER_BOUND('',#924,.T.);
#456=FACE_OUTER_BOUND('',#925,.T.);
#457=FACE_OUTER_BOUND('',#926,.T.);
#458=FACE_OUTER_BOUND('',#927,.T.);
#459=FACE_OUTER_BOUND('',#928,.T.);
#460=FACE_OUTER_BOUND('',#929,.T.);
#461=FACE_OUTER_BOUND('',#930,.T.);
#462=FACE_OUTER_BOUND('',#931,.T.);
#463=FACE_OUTER_BOUND('',#932,.T.);
#464=FACE_OUTER_BOUND('',#933,.T.);
#465=FACE_OUTER_BOUND('',#934,.T.);
#466=FACE_OUTER_BOUND('',#935,.T.);
#467=FACE_OUTER_BOUND('',#936,.T.);
#468=FACE_OUTER_BOUND('',#937,.T.);
#469=FACE_OUTER_BOUND('',#938,.T.);
#470=FACE_OUTER_BOUND('',#939,.T.);
#471=FACE_OUTER_BOUND('',#940,.T.);
#472=FACE_OUTER_BOUND('',#941,.T.);
#473=FACE_OUTER_BOUND('',#942,.T.);
#474=FACE_OUTER_BOUND('',#943,.T.);
#475=FACE_OUTER_BOUND('',#944,.T.);
#476=FACE_OUTER_BOUND('',#945,.T.);
#477=FACE_OUTER_BOUND('',#946,.T.);
#478=FACE_OUTER_BOUND('',#947,.T.);
#479=FACE_OUTER_BOUND('',#948,.T.);
#480=FACE_OUTER_BOUND('',#949,.T.);
#481=FACE_OUTER_BOUND('',#950,.T.);
#482=FACE_OUTER_BOUND('',#951,.T.);
#483=FACE_OUTER_BOUND('',#952,.T.);
#484=FACE_OUTER_BOUND('',#953,.T.);
#485=FACE_OUTER_BOUND('',#954,.T.);
#486=FACE_OUTER_BOUND('',#955,.T.);
#487=FACE_OUTER_BOUND('',#956,.T.);
#488=FACE_OUTER_BOUND('',#957,.T.);
#489=FACE_OUTER_BOUND('',#958,.T.);
#490=FACE_OUTER_BOUND('',#959,.T.);
#491=FACE_OUTER_BOUND('',#960,.T.);
#492=FACE_OUTER_BOUND('',#961,.T.);
#493=FACE_OUTER_BOUND('',#962,.T.);
#494=FACE_OUTER_BOUND('',#963,.T.);
#495=FACE_OUTER_BOUND('',#964,.T.);
#496=FACE_OUTER_BOUND('',#965,.T.);
#497=FACE_OUTER_BOUND('',#966,.T.);
#498=FACE_OUTER_BOUND('',#967,.T.);
#499=FACE_OUTER_BOUND('',#968,.T.);
#500=FACE_OUTER_BOUND('',#969,.T.);
#501=FACE_OUTER_BOUND('',#970,.T.);
#502=FACE_OUTER_BOUND('',#971,.T.);
#503=FACE_OUTER_BOUND('',#972,.T.);
#504=FACE_OUTER_BOUND('',#973,.T.);
#505=FACE_OUTER_BOUND('',#974,.T.);
#506=FACE_OUTER_BOUND('',#975,.T.);
#507=FACE_OUTER_BOUND('',#976,.T.);
#508=FACE_OUTER_BOUND('',#977,.T.);
#509=FACE_OUTER_BOUND('',#978,.T.);
#510=FACE_OUTER_BOUND('',#979,.T.);
#511=FACE_OUTER_BOUND('',#980,.T.);
#512=FACE_OUTER_BOUND('',#981,.T.);
#513=FACE_OUTER_BOUND('',#982,.T.);
#514=FACE_OUTER_BOUND('',#983,.T.);
#515=FACE_OUTER_BOUND('',#984,.T.);
#516=FACE_OUTER_BOUND('',#985,.T.);
#517=FACE_OUTER_BOUND('',#986,.T.);
#518=FACE_OUTER_BOUND('',#987,.T.);
#519=FACE_OUTER_BOUND('',#988,.T.);
#520=FACE_OUTER_BOUND('',#989,.T.);
#521=FACE_OUTER_BOUND('',#993,.T.);
#522=FACE_OUTER_BOUND('',#997,.T.);
#523=FACE_OUTER_BOUND('',#998,.T.);
#524=FACE_OUTER_BOUND('',#999,.T.);
#525=FACE_OUTER_BOUND('',#1000,.T.);
#526=FACE_OUTER_BOUND('',#1001,.T.);
#527=FACE_OUTER_BOUND('',#1002,.T.);
#528=FACE_OUTER_BOUND('',#1003,.T.);
#529=FACE_OUTER_BOUND('',#1004,.T.);
#530=FACE_OUTER_BOUND('',#1005,.T.);
#531=FACE_OUTER_BOUND('',#1006,.T.);
#532=FACE_OUTER_BOUND('',#1007,.T.);
#533=FACE_OUTER_BOUND('',#1008,.T.);
#534=FACE_OUTER_BOUND('',#1009,.T.);
#535=FACE_OUTER_BOUND('',#1010,.T.);
#536=FACE_OUTER_BOUND('',#1011,.T.);
#537=FACE_OUTER_BOUND('',#1012,.T.);
#538=FACE_OUTER_BOUND('',#1013,.T.);
#539=FACE_OUTER_BOUND('',#1014,.T.);
#540=FACE_OUTER_BOUND('',#1015,.T.);
#541=FACE_OUTER_BOUND('',#1016,.T.);
#542=FACE_OUTER_BOUND('',#1017,.T.);
#543=FACE_OUTER_BOUND('',#1018,.T.);
#544=FACE_OUTER_BOUND('',#1019,.T.);
#545=FACE_OUTER_BOUND('',#1020,.T.);
#546=FACE_OUTER_BOUND('',#1021,.T.);
#547=FACE_OUTER_BOUND('',#1022,.T.);
#548=FACE_OUTER_BOUND('',#1023,.T.);
#549=FACE_OUTER_BOUND('',#1024,.T.);
#550=FACE_OUTER_BOUND('',#1025,.T.);
#551=FACE_OUTER_BOUND('',#1026,.T.);
#552=FACE_OUTER_BOUND('',#1027,.T.);
#553=FACE_OUTER_BOUND('',#1028,.T.);
#554=FACE_OUTER_BOUND('',#1029,.T.);
#555=FACE_OUTER_BOUND('',#1030,.T.);
#556=FACE_OUTER_BOUND('',#1031,.T.);
#557=FACE_OUTER_BOUND('',#1032,.T.);
#558=FACE_OUTER_BOUND('',#1033,.T.);
#559=FACE_OUTER_BOUND('',#1034,.T.);
#560=FACE_OUTER_BOUND('',#1035,.T.);
#561=FACE_OUTER_BOUND('',#1036,.T.);
#562=FACE_OUTER_BOUND('',#1037,.T.);
#563=FACE_OUTER_BOUND('',#1038,.T.);
#564=FACE_OUTER_BOUND('',#1039,.T.);
#565=FACE_OUTER_BOUND('',#1040,.T.);
#566=FACE_OUTER_BOUND('',#1041,.T.);
#567=FACE_OUTER_BOUND('',#1042,.T.);
#568=FACE_OUTER_BOUND('',#1043,.T.);
#569=FACE_OUTER_BOUND('',#1044,.T.);
#570=FACE_OUTER_BOUND('',#1045,.T.);
#571=FACE_OUTER_BOUND('',#1046,.T.);
#572=FACE_OUTER_BOUND('',#1047,.T.);
#573=FACE_OUTER_BOUND('',#1048,.T.);
#574=FACE_OUTER_BOUND('',#1049,.T.);
#575=FACE_OUTER_BOUND('',#1050,.T.);
#576=FACE_OUTER_BOUND('',#1051,.T.);
#577=FACE_OUTER_BOUND('',#1052,.T.);
#578=FACE_OUTER_BOUND('',#1053,.T.);
#579=FACE_OUTER_BOUND('',#1054,.T.);
#580=FACE_OUTER_BOUND('',#1055,.T.);
#581=FACE_OUTER_BOUND('',#1056,.T.);
#582=FACE_OUTER_BOUND('',#1057,.T.);
#583=FACE_OUTER_BOUND('',#1058,.T.);
#584=FACE_OUTER_BOUND('',#1059,.T.);
#585=FACE_OUTER_BOUND('',#1060,.T.);
#586=FACE_OUTER_BOUND('',#1061,.T.);
#587=FACE_OUTER_BOUND('',#1062,.T.);
#588=FACE_OUTER_BOUND('',#1063,.T.);
#589=FACE_OUTER_BOUND('',#1064,.T.);
#590=FACE_OUTER_BOUND('',#1065,.T.);
#591=FACE_OUTER_BOUND('',#1066,.T.);
#592=FACE_OUTER_BOUND('',#1067,.T.);
#593=FACE_OUTER_BOUND('',#1068,.T.);
#594=FACE_OUTER_BOUND('',#1069,.T.);
#595=FACE_OUTER_BOUND('',#1070,.T.);
#596=FACE_OUTER_BOUND('',#1071,.T.);
#597=FACE_OUTER_BOUND('',#1072,.T.);
#598=FACE_OUTER_BOUND('',#1073,.T.);
#599=FACE_OUTER_BOUND('',#1074,.T.);
#600=FACE_OUTER_BOUND('',#1075,.T.);
#601=FACE_OUTER_BOUND('',#1076,.T.);
#602=FACE_OUTER_BOUND('',#1077,.T.);
#603=FACE_OUTER_BOUND('',#1078,.T.);
#604=FACE_OUTER_BOUND('',#1079,.T.);
#605=FACE_OUTER_BOUND('',#1080,.T.);
#606=FACE_OUTER_BOUND('',#1081,.T.);
#607=FACE_OUTER_BOUND('',#1082,.T.);
#608=FACE_OUTER_BOUND('',#1083,.T.);
#609=FACE_OUTER_BOUND('',#1084,.T.);
#610=FACE_OUTER_BOUND('',#1085,.T.);
#611=FACE_OUTER_BOUND('',#1086,.T.);
#612=FACE_OUTER_BOUND('',#1087,.T.);
#613=FACE_OUTER_BOUND('',#1088,.T.);
#614=FACE_OUTER_BOUND('',#1089,.T.);
#615=FACE_OUTER_BOUND('',#1090,.T.);
#616=FACE_OUTER_BOUND('',#1091,.T.);
#617=FACE_OUTER_BOUND('',#1092,.T.);
#618=FACE_OUTER_BOUND('',#1093,.T.);
#619=FACE_OUTER_BOUND('',#1094,.T.);
#620=FACE_OUTER_BOUND('',#1095,.T.);
#621=FACE_OUTER_BOUND('',#1096,.T.);
#622=FACE_OUTER_BOUND('',#1097,.T.);
#623=FACE_OUTER_BOUND('',#1098,.T.);
#624=FACE_OUTER_BOUND('',#1099,.T.);
#625=FACE_OUTER_BOUND('',#1100,.T.);
#626=FACE_OUTER_BOUND('',#1101,.T.);
#627=FACE_OUTER_BOUND('',#1102,.T.);
#628=FACE_OUTER_BOUND('',#1103,.T.);
#629=FACE_OUTER_BOUND('',#1104,.T.);
#630=FACE_OUTER_BOUND('',#1105,.T.);
#631=FACE_OUTER_BOUND('',#1106,.T.);
#632=FACE_OUTER_BOUND('',#1107,.T.);
#633=FACE_OUTER_BOUND('',#1108,.T.);
#634=FACE_OUTER_BOUND('',#1109,.T.);
#635=FACE_OUTER_BOUND('',#1110,.T.);
#636=FACE_OUTER_BOUND('',#1111,.T.);
#637=FACE_OUTER_BOUND('',#1112,.T.);
#638=FACE_OUTER_BOUND('',#1113,.T.);
#639=FACE_OUTER_BOUND('',#1114,.T.);
#640=FACE_OUTER_BOUND('',#1115,.T.);
#641=FACE_OUTER_BOUND('',#1116,.T.);
#642=FACE_OUTER_BOUND('',#1117,.T.);
#643=FACE_OUTER_BOUND('',#1118,.T.);
#644=FACE_OUTER_BOUND('',#1119,.T.);
#645=FACE_OUTER_BOUND('',#1120,.T.);
#646=FACE_OUTER_BOUND('',#1121,.T.);
#647=FACE_OUTER_BOUND('',#1122,.T.);
#648=FACE_OUTER_BOUND('',#1123,.T.);
#649=FACE_OUTER_BOUND('',#1124,.T.);
#650=FACE_OUTER_BOUND('',#1125,.T.);
#651=FACE_OUTER_BOUND('',#1126,.T.);
#652=FACE_OUTER_BOUND('',#1127,.T.);
#653=FACE_OUTER_BOUND('',#1128,.T.);
#654=FACE_OUTER_BOUND('',#1129,.T.);
#655=FACE_OUTER_BOUND('',#1130,.T.);
#656=FACE_OUTER_BOUND('',#1131,.T.);
#657=FACE_OUTER_BOUND('',#1132,.T.);
#658=FACE_OUTER_BOUND('',#1133,.T.);
#659=FACE_OUTER_BOUND('',#1134,.T.);
#660=FACE_OUTER_BOUND('',#1135,.T.);
#661=FACE_OUTER_BOUND('',#1136,.T.);
#662=FACE_OUTER_BOUND('',#1137,.T.);
#663=FACE_OUTER_BOUND('',#1138,.T.);
#664=FACE_OUTER_BOUND('',#1139,.T.);
#665=FACE_OUTER_BOUND('',#1140,.T.);
#666=FACE_OUTER_BOUND('',#1141,.T.);
#667=FACE_OUTER_BOUND('',#1142,.T.);
#668=FACE_OUTER_BOUND('',#1143,.T.);
#669=FACE_OUTER_BOUND('',#1144,.T.);
#670=FACE_OUTER_BOUND('',#1145,.T.);
#671=FACE_OUTER_BOUND('',#1146,.T.);
#672=FACE_OUTER_BOUND('',#1147,.T.);
#673=FACE_OUTER_BOUND('',#1148,.T.);
#674=FACE_OUTER_BOUND('',#1149,.T.);
#675=FACE_OUTER_BOUND('',#1150,.T.);
#676=FACE_OUTER_BOUND('',#1151,.T.);
#677=FACE_OUTER_BOUND('',#1152,.T.);
#678=FACE_OUTER_BOUND('',#1153,.T.);
#679=FACE_OUTER_BOUND('',#1154,.T.);
#680=FACE_OUTER_BOUND('',#1155,.T.);
#681=FACE_OUTER_BOUND('',#1156,.T.);
#682=FACE_OUTER_BOUND('',#1157,.T.);
#683=FACE_OUTER_BOUND('',#1158,.T.);
#684=FACE_OUTER_BOUND('',#1159,.T.);
#685=FACE_OUTER_BOUND('',#1160,.T.);
#686=FACE_OUTER_BOUND('',#1161,.T.);
#687=FACE_OUTER_BOUND('',#1162,.T.);
#688=FACE_OUTER_BOUND('',#1163,.T.);
#689=FACE_OUTER_BOUND('',#1164,.T.);
#690=FACE_OUTER_BOUND('',#1165,.T.);
#691=FACE_OUTER_BOUND('',#1166,.T.);
#692=FACE_OUTER_BOUND('',#1167,.T.);
#693=FACE_OUTER_BOUND('',#1168,.T.);
#694=FACE_OUTER_BOUND('',#1169,.T.);
#695=FACE_OUTER_BOUND('',#1170,.T.);
#696=FACE_OUTER_BOUND('',#1171,.T.);
#697=FACE_OUTER_BOUND('',#1172,.T.);
#698=FACE_OUTER_BOUND('',#1173,.T.);
#699=FACE_OUTER_BOUND('',#1174,.T.);
#700=FACE_OUTER_BOUND('',#1175,.T.);
#701=FACE_OUTER_BOUND('',#1176,.T.);
#702=FACE_OUTER_BOUND('',#1177,.T.);
#703=FACE_OUTER_BOUND('',#1178,.T.);
#704=FACE_OUTER_BOUND('',#1179,.T.);
#705=FACE_OUTER_BOUND('',#1180,.T.);
#706=FACE_OUTER_BOUND('',#1182,.T.);
#707=FACE_OUTER_BOUND('',#1183,.T.);
#708=FACE_OUTER_BOUND('',#1184,.T.);
#709=FACE_OUTER_BOUND('',#1185,.T.);
#710=FACE_OUTER_BOUND('',#1186,.T.);
#711=FACE_OUTER_BOUND('',#1187,.T.);
#712=FACE_OUTER_BOUND('',#1188,.T.);
#713=FACE_OUTER_BOUND('',#1189,.T.);
#714=FACE_OUTER_BOUND('',#1190,.T.);
#715=FACE_OUTER_BOUND('',#1191,.T.);
#716=FACE_OUTER_BOUND('',#1192,.T.);
#717=FACE_OUTER_BOUND('',#1193,.T.);
#718=FACE_OUTER_BOUND('',#1194,.T.);
#719=FACE_OUTER_BOUND('',#1195,.T.);
#720=FACE_OUTER_BOUND('',#1196,.T.);
#721=FACE_OUTER_BOUND('',#1197,.T.);
#722=FACE_OUTER_BOUND('',#1198,.T.);
#723=FACE_OUTER_BOUND('',#1199,.T.);
#724=FACE_OUTER_BOUND('',#1200,.T.);
#725=FACE_OUTER_BOUND('',#1201,.T.);
#726=FACE_OUTER_BOUND('',#1202,.T.);
#727=FACE_OUTER_BOUND('',#1203,.T.);
#728=FACE_OUTER_BOUND('',#1204,.T.);
#729=FACE_OUTER_BOUND('',#1205,.T.);
#730=FACE_OUTER_BOUND('',#1206,.T.);
#731=FACE_OUTER_BOUND('',#1207,.T.);
#732=FACE_OUTER_BOUND('',#1208,.T.);
#733=FACE_OUTER_BOUND('',#1209,.T.);
#734=FACE_OUTER_BOUND('',#1210,.T.);
#735=FACE_OUTER_BOUND('',#1211,.T.);
#736=FACE_OUTER_BOUND('',#1212,.T.);
#737=FACE_OUTER_BOUND('',#1213,.T.);
#738=FACE_OUTER_BOUND('',#1214,.T.);
#739=FACE_OUTER_BOUND('',#1215,.T.);
#740=FACE_OUTER_BOUND('',#1216,.T.);
#741=FACE_OUTER_BOUND('',#1217,.T.);
#742=FACE_OUTER_BOUND('',#1218,.T.);
#743=FACE_OUTER_BOUND('',#1219,.T.);
#744=FACE_OUTER_BOUND('',#1220,.T.);
#745=FACE_OUTER_BOUND('',#1221,.T.);
#746=FACE_OUTER_BOUND('',#1222,.T.);
#747=FACE_OUTER_BOUND('',#1223,.T.);
#748=FACE_OUTER_BOUND('',#1224,.T.);
#749=FACE_OUTER_BOUND('',#1225,.T.);
#750=FACE_OUTER_BOUND('',#1226,.T.);
#751=FACE_OUTER_BOUND('',#1227,.T.);
#752=FACE_OUTER_BOUND('',#1228,.T.);
#753=FACE_OUTER_BOUND('',#1229,.T.);
#754=FACE_OUTER_BOUND('',#1230,.T.);
#755=FACE_OUTER_BOUND('',#1231,.T.);
#756=FACE_OUTER_BOUND('',#1232,.T.);
#757=FACE_OUTER_BOUND('',#1233,.T.);
#758=FACE_OUTER_BOUND('',#1234,.T.);
#759=FACE_OUTER_BOUND('',#1235,.T.);
#760=FACE_OUTER_BOUND('',#1236,.T.);
#761=FACE_OUTER_BOUND('',#1237,.T.);
#762=FACE_OUTER_BOUND('',#1238,.T.);
#763=FACE_OUTER_BOUND('',#1239,.T.);
#764=FACE_OUTER_BOUND('',#1240,.T.);
#765=FACE_OUTER_BOUND('',#1241,.T.);
#766=FACE_OUTER_BOUND('',#1242,.T.);
#767=FACE_OUTER_BOUND('',#1243,.T.);
#768=FACE_OUTER_BOUND('',#1244,.T.);
#769=FACE_OUTER_BOUND('',#1245,.T.);
#770=FACE_OUTER_BOUND('',#1246,.T.);
#771=FACE_OUTER_BOUND('',#1247,.T.);
#772=FACE_OUTER_BOUND('',#1248,.T.);
#773=FACE_OUTER_BOUND('',#1249,.T.);
#774=FACE_OUTER_BOUND('',#1250,.T.);
#775=FACE_OUTER_BOUND('',#1251,.T.);
#776=FACE_OUTER_BOUND('',#1252,.T.);
#777=FACE_OUTER_BOUND('',#1253,.T.);
#778=FACE_OUTER_BOUND('',#1254,.T.);
#779=FACE_OUTER_BOUND('',#1255,.T.);
#780=FACE_OUTER_BOUND('',#1256,.T.);
#781=FACE_OUTER_BOUND('',#1257,.T.);
#782=FACE_OUTER_BOUND('',#1258,.T.);
#783=FACE_OUTER_BOUND('',#1259,.T.);
#784=FACE_OUTER_BOUND('',#1260,.T.);
#785=FACE_OUTER_BOUND('',#1261,.T.);
#786=FACE_OUTER_BOUND('',#1262,.T.);
#787=FACE_OUTER_BOUND('',#1263,.T.);
#788=FACE_OUTER_BOUND('',#1264,.T.);
#789=FACE_OUTER_BOUND('',#1265,.T.);
#790=FACE_OUTER_BOUND('',#1266,.T.);
#791=FACE_OUTER_BOUND('',#1267,.T.);
#792=FACE_OUTER_BOUND('',#1268,.T.);
#793=FACE_OUTER_BOUND('',#1269,.T.);
#794=FACE_OUTER_BOUND('',#1270,.T.);
#795=FACE_OUTER_BOUND('',#1271,.T.);
#796=FACE_OUTER_BOUND('',#1272,.T.);
#797=FACE_OUTER_BOUND('',#1273,.T.);
#798=FACE_OUTER_BOUND('',#1274,.T.);
#799=FACE_OUTER_BOUND('',#1275,.T.);
#800=FACE_OUTER_BOUND('',#1276,.T.);
#801=FACE_OUTER_BOUND('',#1277,.T.);
#802=FACE_OUTER_BOUND('',#1278,.T.);
#803=FACE_OUTER_BOUND('',#1279,.T.);
#804=FACE_OUTER_BOUND('',#1280,.T.);
#805=FACE_OUTER_BOUND('',#1281,.T.);
#806=FACE_OUTER_BOUND('',#1282,.T.);
#807=FACE_OUTER_BOUND('',#1283,.T.);
#808=FACE_OUTER_BOUND('',#1284,.T.);
#809=FACE_OUTER_BOUND('',#1285,.T.);
#810=FACE_OUTER_BOUND('',#1286,.T.);
#811=FACE_OUTER_BOUND('',#1287,.T.);
#812=FACE_OUTER_BOUND('',#1288,.T.);
#813=FACE_OUTER_BOUND('',#1289,.T.);
#814=FACE_OUTER_BOUND('',#1290,.T.);
#815=FACE_OUTER_BOUND('',#1291,.T.);
#816=FACE_OUTER_BOUND('',#1292,.T.);
#817=FACE_OUTER_BOUND('',#1293,.T.);
#818=FACE_OUTER_BOUND('',#1294,.T.);
#819=FACE_OUTER_BOUND('',#1295,.T.);
#820=FACE_OUTER_BOUND('',#1296,.T.);
#821=FACE_OUTER_BOUND('',#1297,.T.);
#822=FACE_OUTER_BOUND('',#1298,.T.);
#823=FACE_OUTER_BOUND('',#1299,.T.);
#824=FACE_OUTER_BOUND('',#1300,.T.);
#825=FACE_OUTER_BOUND('',#1301,.T.);
#826=FACE_OUTER_BOUND('',#1302,.T.);
#827=FACE_OUTER_BOUND('',#1303,.T.);
#828=FACE_OUTER_BOUND('',#1304,.T.);
#829=FACE_OUTER_BOUND('',#1305,.T.);
#830=FACE_OUTER_BOUND('',#1306,.T.);
#831=FACE_OUTER_BOUND('',#1307,.T.);
#832=FACE_OUTER_BOUND('',#1308,.T.);
#833=FACE_OUTER_BOUND('',#1309,.T.);
#834=FACE_OUTER_BOUND('',#1310,.T.);
#835=FACE_OUTER_BOUND('',#1311,.T.);
#836=FACE_OUTER_BOUND('',#1313,.T.);
#837=FACE_OUTER_BOUND('',#1315,.T.);
#838=FACE_OUTER_BOUND('',#1316,.T.);
#839=FACE_OUTER_BOUND('',#1317,.T.);
#840=FACE_OUTER_BOUND('',#1318,.T.);
#841=FACE_OUTER_BOUND('',#1319,.T.);
#842=FACE_OUTER_BOUND('',#1320,.T.);
#843=FACE_OUTER_BOUND('',#1321,.T.);
#844=FACE_OUTER_BOUND('',#1322,.T.);
#845=FACE_OUTER_BOUND('',#1323,.T.);
#846=FACE_OUTER_BOUND('',#1324,.T.);
#847=FACE_OUTER_BOUND('',#1325,.T.);
#848=FACE_OUTER_BOUND('',#1326,.T.);
#849=FACE_OUTER_BOUND('',#1327,.T.);
#850=FACE_OUTER_BOUND('',#1328,.T.);
#851=FACE_OUTER_BOUND('',#1329,.T.);
#852=FACE_OUTER_BOUND('',#1330,.T.);
#853=FACE_OUTER_BOUND('',#1331,.T.);
#854=FACE_OUTER_BOUND('',#1332,.T.);
#855=FACE_OUTER_BOUND('',#1333,.T.);
#856=FACE_OUTER_BOUND('',#1334,.T.);
#857=FACE_OUTER_BOUND('',#1335,.T.);
#858=FACE_OUTER_BOUND('',#1336,.T.);
#859=FACE_OUTER_BOUND('',#1337,.T.);
#860=FACE_OUTER_BOUND('',#1338,.T.);
#861=FACE_OUTER_BOUND('',#1339,.T.);
#862=FACE_OUTER_BOUND('',#1340,.T.);
#863=FACE_OUTER_BOUND('',#1341,.T.);
#864=FACE_OUTER_BOUND('',#1342,.T.);
#865=FACE_OUTER_BOUND('',#1343,.T.);
#866=FACE_OUTER_BOUND('',#1344,.T.);
#867=FACE_OUTER_BOUND('',#1345,.T.);
#868=FACE_OUTER_BOUND('',#1346,.T.);
#869=FACE_OUTER_BOUND('',#1347,.T.);
#870=FACE_OUTER_BOUND('',#1348,.T.);
#871=FACE_OUTER_BOUND('',#1349,.T.);
#872=FACE_OUTER_BOUND('',#1350,.T.);
#873=FACE_OUTER_BOUND('',#1351,.T.);
#874=FACE_OUTER_BOUND('',#1352,.T.);
#875=FACE_OUTER_BOUND('',#1353,.T.);
#876=FACE_OUTER_BOUND('',#1354,.T.);
#877=FACE_OUTER_BOUND('',#1355,.T.);
#878=FACE_OUTER_BOUND('',#1356,.T.);
#879=FACE_OUTER_BOUND('',#1357,.T.);
#880=FACE_OUTER_BOUND('',#1358,.T.);
#881=FACE_OUTER_BOUND('',#1359,.T.);
#882=FACE_OUTER_BOUND('',#1360,.T.);
#883=FACE_OUTER_BOUND('',#1361,.T.);
#884=FACE_OUTER_BOUND('',#1362,.T.);
#885=FACE_OUTER_BOUND('',#1363,.T.);
#886=FACE_OUTER_BOUND('',#1364,.T.);
#887=FACE_OUTER_BOUND('',#1365,.T.);
#888=FACE_OUTER_BOUND('',#1366,.T.);
#889=FACE_OUTER_BOUND('',#1367,.T.);
#890=FACE_OUTER_BOUND('',#1368,.T.);
#891=EDGE_LOOP('',(#4585,#4586,#4587,#4588,#4589,#4590,#4591,#4592,#4593,
#4594,#4595,#4596));
#892=EDGE_LOOP('',(#4597,#4598,#4599,#4600));
#893=EDGE_LOOP('',(#4601));
#894=EDGE_LOOP('',(#4602));
#895=EDGE_LOOP('',(#4603,#4604,#4605,#4606));
#896=EDGE_LOOP('',(#4607,#4608,#4609,#4610));
#897=EDGE_LOOP('',(#4611,#4612,#4613,#4614));
#898=EDGE_LOOP('',(#4615,#4616,#4617,#4618));
#899=EDGE_LOOP('',(#4619,#4620,#4621,#4622));
#900=EDGE_LOOP('',(#4623,#4624,#4625,#4626));
#901=EDGE_LOOP('',(#4627,#4628,#4629,#4630));
#902=EDGE_LOOP('',(#4631,#4632,#4633,#4634));
#903=EDGE_LOOP('',(#4635,#4636,#4637,#4638));
#904=EDGE_LOOP('',(#4639,#4640,#4641,#4642));
#905=EDGE_LOOP('',(#4643,#4644,#4645,#4646));
#906=EDGE_LOOP('',(#4647,#4648,#4649,#4650,#4651,#4652));
#907=EDGE_LOOP('',(#4653,#4654,#4655,#4656));
#908=EDGE_LOOP('',(#4657,#4658,#4659,#4660));
#909=EDGE_LOOP('',(#4661,#4662,#4663,#4664));
#910=EDGE_LOOP('',(#4665,#4666,#4667,#4668));
#911=EDGE_LOOP('',(#4669,#4670,#4671,#4672));
#912=EDGE_LOOP('',(#4673,#4674,#4675,#4676,#4677,#4678));
#913=EDGE_LOOP('',(#4679,#4680,#4681,#4682,#4683,#4684,#4685,#4686,#4687,
#4688,#4689,#4690));
#914=EDGE_LOOP('',(#4691,#4692,#4693,#4694));
#915=EDGE_LOOP('',(#4695));
#916=EDGE_LOOP('',(#4696));
#917=EDGE_LOOP('',(#4697,#4698,#4699,#4700));
#918=EDGE_LOOP('',(#4701,#4702,#4703,#4704));
#919=EDGE_LOOP('',(#4705,#4706,#4707,#4708));
#920=EDGE_LOOP('',(#4709,#4710,#4711,#4712));
#921=EDGE_LOOP('',(#4713,#4714,#4715,#4716,#4717,#4718,#4719,#4720,#4721,
#4722,#4723,#4724,#4725,#4726));
#922=EDGE_LOOP('',(#4727,#4728,#4729,#4730,#4731,#4732,#4733,#4734,#4735,
#4736,#4737,#4738,#4739,#4740));
#923=EDGE_LOOP('',(#4741,#4742,#4743,#4744,#4745,#4746));
#924=EDGE_LOOP('',(#4747,#4748,#4749,#4750,#4751,#4752));
#925=EDGE_LOOP('',(#4753,#4754,#4755,#4756));
#926=EDGE_LOOP('',(#4757,#4758,#4759,#4760));
#927=EDGE_LOOP('',(#4761,#4762,#4763,#4764));
#928=EDGE_LOOP('',(#4765,#4766,#4767,#4768));
#929=EDGE_LOOP('',(#4769,#4770,#4771,#4772));
#930=EDGE_LOOP('',(#4773,#4774,#4775,#4776));
#931=EDGE_LOOP('',(#4777,#4778,#4779,#4780));
#932=EDGE_LOOP('',(#4781,#4782,#4783,#4784));
#933=EDGE_LOOP('',(#4785,#4786,#4787,#4788));
#934=EDGE_LOOP('',(#4789,#4790,#4791,#4792));
#935=EDGE_LOOP('',(#4793,#4794,#4795,#4796));
#936=EDGE_LOOP('',(#4797,#4798,#4799,#4800));
#937=EDGE_LOOP('',(#4801,#4802,#4803,#4804));
#938=EDGE_LOOP('',(#4805,#4806,#4807,#4808));
#939=EDGE_LOOP('',(#4809,#4810,#4811,#4812));
#940=EDGE_LOOP('',(#4813,#4814,#4815,#4816));
#941=EDGE_LOOP('',(#4817,#4818,#4819,#4820));
#942=EDGE_LOOP('',(#4821,#4822,#4823,#4824));
#943=EDGE_LOOP('',(#4825,#4826,#4827,#4828));
#944=EDGE_LOOP('',(#4829,#4830,#4831,#4832));
#945=EDGE_LOOP('',(#4833,#4834,#4835,#4836));
#946=EDGE_LOOP('',(#4837,#4838,#4839,#4840));
#947=EDGE_LOOP('',(#4841,#4842,#4843,#4844));
#948=EDGE_LOOP('',(#4845,#4846,#4847,#4848));
#949=EDGE_LOOP('',(#4849,#4850,#4851,#4852));
#950=EDGE_LOOP('',(#4853,#4854,#4855,#4856));
#951=EDGE_LOOP('',(#4857,#4858,#4859,#4860,#4861,#4862,#4863,#4864,#4865,
#4866,#4867,#4868,#4869,#4870));
#952=EDGE_LOOP('',(#4871,#4872,#4873,#4874,#4875,#4876,#4877,#4878,#4879,
#4880,#4881,#4882,#4883,#4884));
#953=EDGE_LOOP('',(#4885,#4886,#4887,#4888));
#954=EDGE_LOOP('',(#4889,#4890,#4891,#4892));
#955=EDGE_LOOP('',(#4893,#4894,#4895,#4896));
#956=EDGE_LOOP('',(#4897,#4898,#4899,#4900));
#957=EDGE_LOOP('',(#4901,#4902,#4903,#4904));
#958=EDGE_LOOP('',(#4905,#4906,#4907,#4908));
#959=EDGE_LOOP('',(#4909,#4910,#4911,#4912));
#960=EDGE_LOOP('',(#4913,#4914,#4915,#4916));
#961=EDGE_LOOP('',(#4917,#4918,#4919,#4920));
#962=EDGE_LOOP('',(#4921,#4922,#4923,#4924));
#963=EDGE_LOOP('',(#4925,#4926,#4927,#4928));
#964=EDGE_LOOP('',(#4929,#4930,#4931,#4932));
#965=EDGE_LOOP('',(#4933,#4934,#4935,#4936));
#966=EDGE_LOOP('',(#4937,#4938,#4939,#4940));
#967=EDGE_LOOP('',(#4941,#4942,#4943,#4944));
#968=EDGE_LOOP('',(#4945,#4946,#4947,#4948));
#969=EDGE_LOOP('',(#4949,#4950,#4951,#4952));
#970=EDGE_LOOP('',(#4953,#4954,#4955,#4956));
#971=EDGE_LOOP('',(#4957,#4958,#4959,#4960));
#972=EDGE_LOOP('',(#4961,#4962,#4963,#4964));
#973=EDGE_LOOP('',(#4965,#4966,#4967,#4968));
#974=EDGE_LOOP('',(#4969,#4970,#4971,#4972));
#975=EDGE_LOOP('',(#4973,#4974,#4975,#4976));
#976=EDGE_LOOP('',(#4977,#4978,#4979,#4980));
#977=EDGE_LOOP('',(#4981,#4982,#4983,#4984));
#978=EDGE_LOOP('',(#4985,#4986,#4987,#4988));
#979=EDGE_LOOP('',(#4989,#4990,#4991,#4992));
#980=EDGE_LOOP('',(#4993,#4994,#4995,#4996));
#981=EDGE_LOOP('',(#4997,#4998,#4999,#5000));
#982=EDGE_LOOP('',(#5001,#5002,#5003,#5004));
#983=EDGE_LOOP('',(#5005,#5006,#5007,#5008));
#984=EDGE_LOOP('',(#5009,#5010,#5011,#5012));
#985=EDGE_LOOP('',(#5013,#5014,#5015,#5016));
#986=EDGE_LOOP('',(#5017,#5018,#5019,#5020));
#987=EDGE_LOOP('',(#5021,#5022,#5023,#5024));
#988=EDGE_LOOP('',(#5025,#5026,#5027,#5028));
#989=EDGE_LOOP('',(#5029,#5030,#5031,#5032,#5033,#5034,#5035,#5036,#5037,
#5038,#5039,#5040,#5041,#5042,#5043,#5044,#5045,#5046,#5047,#5048,#5049,
#5050,#5051,#5052,#5053,#5054,#5055,#5056,#5057,#5058,#5059,#5060));
#990=EDGE_LOOP('',(#5061,#5062,#5063,#5064,#5065,#5066,#5067,#5068));
#991=EDGE_LOOP('',(#5069,#5070,#5071,#5072,#5073,#5074,#5075,#5076));
#992=EDGE_LOOP('',(#5077,#5078,#5079,#5080,#5081,#5082,#5083,#5084));
#993=EDGE_LOOP('',(#5085,#5086,#5087,#5088,#5089,#5090,#5091,#5092,#5093,
#5094,#5095,#5096,#5097,#5098,#5099,#5100,#5101,#5102,#5103,#5104,#5105,
#5106,#5107,#5108,#5109,#5110,#5111,#5112,#5113,#5114,#5115,#5116));
#994=EDGE_LOOP('',(#5117,#5118,#5119,#5120,#5121,#5122,#5123,#5124));
#995=EDGE_LOOP('',(#5125,#5126,#5127,#5128,#5129,#5130,#5131,#5132));
#996=EDGE_LOOP('',(#5133,#5134,#5135,#5136,#5137,#5138,#5139,#5140));
#997=EDGE_LOOP('',(#5141,#5142,#5143,#5144));
#998=EDGE_LOOP('',(#5145,#5146,#5147,#5148));
#999=EDGE_LOOP('',(#5149,#5150,#5151,#5152));
#1000=EDGE_LOOP('',(#5153,#5154,#5155,#5156));
#1001=EDGE_LOOP('',(#5157,#5158,#5159,#5160));
#1002=EDGE_LOOP('',(#5161,#5162,#5163,#5164));
#1003=EDGE_LOOP('',(#5165,#5166,#5167,#5168));
#1004=EDGE_LOOP('',(#5169,#5170,#5171,#5172));
#1005=EDGE_LOOP('',(#5173,#5174,#5175,#5176));
#1006=EDGE_LOOP('',(#5177,#5178,#5179,#5180));
#1007=EDGE_LOOP('',(#5181,#5182,#5183,#5184));
#1008=EDGE_LOOP('',(#5185,#5186,#5187,#5188));
#1009=EDGE_LOOP('',(#5189,#5190,#5191,#5192));
#1010=EDGE_LOOP('',(#5193,#5194,#5195,#5196));
#1011=EDGE_LOOP('',(#5197,#5198,#5199,#5200));
#1012=EDGE_LOOP('',(#5201,#5202,#5203,#5204));
#1013=EDGE_LOOP('',(#5205,#5206,#5207,#5208));
#1014=EDGE_LOOP('',(#5209,#5210,#5211,#5212));
#1015=EDGE_LOOP('',(#5213,#5214,#5215,#5216));
#1016=EDGE_LOOP('',(#5217,#5218,#5219,#5220));
#1017=EDGE_LOOP('',(#5221,#5222,#5223,#5224));
#1018=EDGE_LOOP('',(#5225,#5226,#5227,#5228));
#1019=EDGE_LOOP('',(#5229,#5230,#5231,#5232));
#1020=EDGE_LOOP('',(#5233,#5234,#5235,#5236));
#1021=EDGE_LOOP('',(#5237,#5238,#5239,#5240));
#1022=EDGE_LOOP('',(#5241,#5242,#5243,#5244));
#1023=EDGE_LOOP('',(#5245,#5246,#5247,#5248));
#1024=EDGE_LOOP('',(#5249,#5250,#5251,#5252));
#1025=EDGE_LOOP('',(#5253,#5254,#5255,#5256));
#1026=EDGE_LOOP('',(#5257,#5258,#5259,#5260));
#1027=EDGE_LOOP('',(#5261,#5262,#5263,#5264));
#1028=EDGE_LOOP('',(#5265,#5266,#5267,#5268));
#1029=EDGE_LOOP('',(#5269,#5270,#5271,#5272));
#1030=EDGE_LOOP('',(#5273,#5274,#5275,#5276));
#1031=EDGE_LOOP('',(#5277,#5278,#5279,#5280));
#1032=EDGE_LOOP('',(#5281,#5282,#5283,#5284));
#1033=EDGE_LOOP('',(#5285,#5286,#5287,#5288));
#1034=EDGE_LOOP('',(#5289,#5290,#5291,#5292));
#1035=EDGE_LOOP('',(#5293,#5294,#5295,#5296));
#1036=EDGE_LOOP('',(#5297,#5298,#5299,#5300));
#1037=EDGE_LOOP('',(#5301,#5302,#5303,#5304));
#1038=EDGE_LOOP('',(#5305,#5306,#5307,#5308));
#1039=EDGE_LOOP('',(#5309,#5310,#5311,#5312));
#1040=EDGE_LOOP('',(#5313,#5314,#5315,#5316));
#1041=EDGE_LOOP('',(#5317,#5318,#5319,#5320));
#1042=EDGE_LOOP('',(#5321,#5322,#5323,#5324));
#1043=EDGE_LOOP('',(#5325,#5326,#5327,#5328));
#1044=EDGE_LOOP('',(#5329,#5330,#5331,#5332));
#1045=EDGE_LOOP('',(#5333,#5334,#5335,#5336));
#1046=EDGE_LOOP('',(#5337,#5338,#5339,#5340));
#1047=EDGE_LOOP('',(#5341,#5342,#5343,#5344));
#1048=EDGE_LOOP('',(#5345,#5346,#5347,#5348));
#1049=EDGE_LOOP('',(#5349,#5350,#5351,#5352));
#1050=EDGE_LOOP('',(#5353,#5354,#5355,#5356));
#1051=EDGE_LOOP('',(#5357,#5358,#5359,#5360));
#1052=EDGE_LOOP('',(#5361,#5362,#5363,#5364));
#1053=EDGE_LOOP('',(#5365,#5366,#5367,#5368));
#1054=EDGE_LOOP('',(#5369,#5370,#5371,#5372));
#1055=EDGE_LOOP('',(#5373,#5374,#5375,#5376));
#1056=EDGE_LOOP('',(#5377,#5378,#5379,#5380));
#1057=EDGE_LOOP('',(#5381,#5382,#5383,#5384));
#1058=EDGE_LOOP('',(#5385,#5386,#5387,#5388));
#1059=EDGE_LOOP('',(#5389,#5390,#5391,#5392));
#1060=EDGE_LOOP('',(#5393,#5394,#5395,#5396));
#1061=EDGE_LOOP('',(#5397,#5398,#5399,#5400));
#1062=EDGE_LOOP('',(#5401,#5402,#5403,#5404));
#1063=EDGE_LOOP('',(#5405,#5406,#5407,#5408));
#1064=EDGE_LOOP('',(#5409,#5410,#5411,#5412));
#1065=EDGE_LOOP('',(#5413,#5414,#5415,#5416));
#1066=EDGE_LOOP('',(#5417,#5418,#5419,#5420));
#1067=EDGE_LOOP('',(#5421,#5422,#5423,#5424));
#1068=EDGE_LOOP('',(#5425,#5426,#5427,#5428));
#1069=EDGE_LOOP('',(#5429,#5430,#5431,#5432));
#1070=EDGE_LOOP('',(#5433,#5434,#5435,#5436));
#1071=EDGE_LOOP('',(#5437,#5438,#5439,#5440));
#1072=EDGE_LOOP('',(#5441,#5442,#5443,#5444));
#1073=EDGE_LOOP('',(#5445,#5446,#5447,#5448));
#1074=EDGE_LOOP('',(#5449,#5450,#5451,#5452));
#1075=EDGE_LOOP('',(#5453,#5454,#5455,#5456));
#1076=EDGE_LOOP('',(#5457,#5458,#5459,#5460));
#1077=EDGE_LOOP('',(#5461,#5462,#5463,#5464));
#1078=EDGE_LOOP('',(#5465,#5466,#5467,#5468));
#1079=EDGE_LOOP('',(#5469,#5470,#5471,#5472));
#1080=EDGE_LOOP('',(#5473,#5474,#5475,#5476));
#1081=EDGE_LOOP('',(#5477,#5478,#5479,#5480));
#1082=EDGE_LOOP('',(#5481,#5482,#5483,#5484));
#1083=EDGE_LOOP('',(#5485,#5486,#5487,#5488));
#1084=EDGE_LOOP('',(#5489,#5490,#5491,#5492));
#1085=EDGE_LOOP('',(#5493,#5494,#5495,#5496));
#1086=EDGE_LOOP('',(#5497,#5498,#5499,#5500));
#1087=EDGE_LOOP('',(#5501,#5502,#5503,#5504));
#1088=EDGE_LOOP('',(#5505,#5506,#5507,#5508));
#1089=EDGE_LOOP('',(#5509,#5510,#5511,#5512));
#1090=EDGE_LOOP('',(#5513,#5514,#5515,#5516));
#1091=EDGE_LOOP('',(#5517,#5518,#5519,#5520));
#1092=EDGE_LOOP('',(#5521,#5522,#5523,#5524));
#1093=EDGE_LOOP('',(#5525,#5526,#5527,#5528));
#1094=EDGE_LOOP('',(#5529,#5530,#5531,#5532));
#1095=EDGE_LOOP('',(#5533,#5534,#5535,#5536));
#1096=EDGE_LOOP('',(#5537,#5538,#5539,#5540));
#1097=EDGE_LOOP('',(#5541,#5542,#5543,#5544));
#1098=EDGE_LOOP('',(#5545,#5546,#5547,#5548));
#1099=EDGE_LOOP('',(#5549,#5550,#5551,#5552));
#1100=EDGE_LOOP('',(#5553,#5554,#5555,#5556));
#1101=EDGE_LOOP('',(#5557,#5558,#5559,#5560));
#1102=EDGE_LOOP('',(#5561,#5562,#5563,#5564));
#1103=EDGE_LOOP('',(#5565,#5566,#5567,#5568));
#1104=EDGE_LOOP('',(#5569,#5570,#5571,#5572));
#1105=EDGE_LOOP('',(#5573,#5574,#5575,#5576));
#1106=EDGE_LOOP('',(#5577,#5578,#5579,#5580));
#1107=EDGE_LOOP('',(#5581,#5582,#5583,#5584));
#1108=EDGE_LOOP('',(#5585,#5586,#5587,#5588));
#1109=EDGE_LOOP('',(#5589,#5590,#5591,#5592));
#1110=EDGE_LOOP('',(#5593,#5594,#5595,#5596));
#1111=EDGE_LOOP('',(#5597,#5598,#5599,#5600));
#1112=EDGE_LOOP('',(#5601,#5602,#5603,#5604));
#1113=EDGE_LOOP('',(#5605,#5606,#5607,#5608));
#1114=EDGE_LOOP('',(#5609,#5610,#5611,#5612));
#1115=EDGE_LOOP('',(#5613,#5614,#5615,#5616));
#1116=EDGE_LOOP('',(#5617,#5618,#5619,#5620));
#1117=EDGE_LOOP('',(#5621,#5622,#5623,#5624));
#1118=EDGE_LOOP('',(#5625,#5626,#5627,#5628));
#1119=EDGE_LOOP('',(#5629,#5630,#5631,#5632));
#1120=EDGE_LOOP('',(#5633,#5634,#5635,#5636));
#1121=EDGE_LOOP('',(#5637,#5638,#5639,#5640));
#1122=EDGE_LOOP('',(#5641,#5642,#5643,#5644));
#1123=EDGE_LOOP('',(#5645,#5646,#5647,#5648));
#1124=EDGE_LOOP('',(#5649,#5650,#5651,#5652));
#1125=EDGE_LOOP('',(#5653,#5654,#5655,#5656));
#1126=EDGE_LOOP('',(#5657,#5658,#5659,#5660));
#1127=EDGE_LOOP('',(#5661,#5662,#5663,#5664));
#1128=EDGE_LOOP('',(#5665,#5666,#5667,#5668));
#1129=EDGE_LOOP('',(#5669,#5670,#5671,#5672));
#1130=EDGE_LOOP('',(#5673,#5674,#5675,#5676));
#1131=EDGE_LOOP('',(#5677,#5678,#5679,#5680));
#1132=EDGE_LOOP('',(#5681,#5682,#5683,#5684));
#1133=EDGE_LOOP('',(#5685,#5686,#5687,#5688));
#1134=EDGE_LOOP('',(#5689,#5690,#5691,#5692));
#1135=EDGE_LOOP('',(#5693,#5694,#5695,#5696));
#1136=EDGE_LOOP('',(#5697,#5698,#5699,#5700));
#1137=EDGE_LOOP('',(#5701,#5702,#5703,#5704));
#1138=EDGE_LOOP('',(#5705,#5706,#5707,#5708));
#1139=EDGE_LOOP('',(#5709,#5710,#5711,#5712));
#1140=EDGE_LOOP('',(#5713,#5714,#5715,#5716));
#1141=EDGE_LOOP('',(#5717,#5718,#5719,#5720));
#1142=EDGE_LOOP('',(#5721,#5722,#5723,#5724));
#1143=EDGE_LOOP('',(#5725,#5726,#5727,#5728));
#1144=EDGE_LOOP('',(#5729,#5730,#5731,#5732));
#1145=EDGE_LOOP('',(#5733,#5734,#5735,#5736));
#1146=EDGE_LOOP('',(#5737,#5738,#5739,#5740));
#1147=EDGE_LOOP('',(#5741,#5742,#5743,#5744));
#1148=EDGE_LOOP('',(#5745,#5746,#5747,#5748));
#1149=EDGE_LOOP('',(#5749,#5750,#5751,#5752));
#1150=EDGE_LOOP('',(#5753,#5754,#5755,#5756));
#1151=EDGE_LOOP('',(#5757,#5758,#5759,#5760));
#1152=EDGE_LOOP('',(#5761,#5762,#5763,#5764));
#1153=EDGE_LOOP('',(#5765,#5766,#5767,#5768));
#1154=EDGE_LOOP('',(#5769,#5770,#5771,#5772));
#1155=EDGE_LOOP('',(#5773,#5774,#5775,#5776));
#1156=EDGE_LOOP('',(#5777,#5778,#5779,#5780));
#1157=EDGE_LOOP('',(#5781,#5782,#5783,#5784));
#1158=EDGE_LOOP('',(#5785,#5786,#5787,#5788));
#1159=EDGE_LOOP('',(#5789,#5790,#5791,#5792));
#1160=EDGE_LOOP('',(#5793,#5794,#5795,#5796));
#1161=EDGE_LOOP('',(#5797,#5798,#5799,#5800));
#1162=EDGE_LOOP('',(#5801,#5802,#5803,#5804));
#1163=EDGE_LOOP('',(#5805,#5806,#5807,#5808));
#1164=EDGE_LOOP('',(#5809,#5810,#5811,#5812));
#1165=EDGE_LOOP('',(#5813,#5814,#5815,#5816));
#1166=EDGE_LOOP('',(#5817,#5818,#5819,#5820));
#1167=EDGE_LOOP('',(#5821,#5822,#5823,#5824));
#1168=EDGE_LOOP('',(#5825,#5826,#5827,#5828));
#1169=EDGE_LOOP('',(#5829,#5830,#5831,#5832));
#1170=EDGE_LOOP('',(#5833,#5834,#5835,#5836));
#1171=EDGE_LOOP('',(#5837,#5838,#5839,#5840,#5841,#5842,#5843,#5844,#5845,
#5846,#5847,#5848));
#1172=EDGE_LOOP('',(#5849,#5850,#5851,#5852,#5853,#5854,#5855,#5856,#5857,
#5858,#5859,#5860));
#1173=EDGE_LOOP('',(#5861,#5862,#5863,#5864,#5865,#5866,#5867,#5868));
#1174=EDGE_LOOP('',(#5869,#5870,#5871,#5872));
#1175=EDGE_LOOP('',(#5873,#5874,#5875,#5876));
#1176=EDGE_LOOP('',(#5877,#5878,#5879,#5880));
#1177=EDGE_LOOP('',(#5881,#5882,#5883,#5884));
#1178=EDGE_LOOP('',(#5885,#5886,#5887,#5888));
#1179=EDGE_LOOP('',(#5889,#5890,#5891,#5892));
#1180=EDGE_LOOP('',(#5893,#5894,#5895,#5896));
#1181=EDGE_LOOP('',(#5897,#5898,#5899,#5900,#5901,#5902,#5903,#5904));
#1182=EDGE_LOOP('',(#5905,#5906,#5907,#5908));
#1183=EDGE_LOOP('',(#5909,#5910,#5911,#5912));
#1184=EDGE_LOOP('',(#5913,#5914,#5915,#5916));
#1185=EDGE_LOOP('',(#5917,#5918,#5919,#5920,#5921,#5922,#5923,#5924,#5925,
#5926,#5927,#5928,#5929,#5930,#5931,#5932,#5933,#5934,#5935,#5936));
#1186=EDGE_LOOP('',(#5937,#5938,#5939,#5940));
#1187=EDGE_LOOP('',(#5941,#5942,#5943,#5944,#5945,#5946,#5947,#5948,#5949,
#5950,#5951,#5952,#5953,#5954,#5955,#5956,#5957,#5958,#5959,#5960));
#1188=EDGE_LOOP('',(#5961,#5962,#5963,#5964));
#1189=EDGE_LOOP('',(#5965,#5966,#5967,#5968));
#1190=EDGE_LOOP('',(#5969,#5970,#5971,#5972));
#1191=EDGE_LOOP('',(#5973,#5974,#5975,#5976));
#1192=EDGE_LOOP('',(#5977,#5978,#5979,#5980));
#1193=EDGE_LOOP('',(#5981,#5982,#5983,#5984));
#1194=EDGE_LOOP('',(#5985,#5986,#5987,#5988));
#1195=EDGE_LOOP('',(#5989,#5990,#5991,#5992));
#1196=EDGE_LOOP('',(#5993,#5994,#5995,#5996));
#1197=EDGE_LOOP('',(#5997,#5998,#5999,#6000));
#1198=EDGE_LOOP('',(#6001,#6002,#6003,#6004));
#1199=EDGE_LOOP('',(#6005,#6006,#6007,#6008));
#1200=EDGE_LOOP('',(#6009,#6010,#6011,#6012));
#1201=EDGE_LOOP('',(#6013,#6014,#6015,#6016));
#1202=EDGE_LOOP('',(#6017,#6018,#6019,#6020));
#1203=EDGE_LOOP('',(#6021,#6022,#6023,#6024));
#1204=EDGE_LOOP('',(#6025,#6026,#6027,#6028));
#1205=EDGE_LOOP('',(#6029,#6030,#6031,#6032));
#1206=EDGE_LOOP('',(#6033,#6034,#6035,#6036));
#1207=EDGE_LOOP('',(#6037,#6038,#6039,#6040));
#1208=EDGE_LOOP('',(#6041,#6042,#6043,#6044));
#1209=EDGE_LOOP('',(#6045,#6046,#6047,#6048));
#1210=EDGE_LOOP('',(#6049,#6050,#6051,#6052));
#1211=EDGE_LOOP('',(#6053,#6054,#6055,#6056));
#1212=EDGE_LOOP('',(#6057,#6058,#6059,#6060));
#1213=EDGE_LOOP('',(#6061,#6062,#6063,#6064));
#1214=EDGE_LOOP('',(#6065,#6066,#6067));
#1215=EDGE_LOOP('',(#6068,#6069,#6070,#6071));
#1216=EDGE_LOOP('',(#6072,#6073,#6074));
#1217=EDGE_LOOP('',(#6075,#6076,#6077,#6078));
#1218=EDGE_LOOP('',(#6079,#6080,#6081,#6082));
#1219=EDGE_LOOP('',(#6083,#6084,#6085));
#1220=EDGE_LOOP('',(#6086,#6087,#6088,#6089));
#1221=EDGE_LOOP('',(#6090,#6091,#6092));
#1222=EDGE_LOOP('',(#6093,#6094,#6095,#6096));
#1223=EDGE_LOOP('',(#6097,#6098,#6099,#6100));
#1224=EDGE_LOOP('',(#6101,#6102,#6103));
#1225=EDGE_LOOP('',(#6104,#6105,#6106,#6107));
#1226=EDGE_LOOP('',(#6108,#6109,#6110,#6111));
#1227=EDGE_LOOP('',(#6112,#6113,#6114,#6115));
#1228=EDGE_LOOP('',(#6116,#6117,#6118,#6119));
#1229=EDGE_LOOP('',(#6120,#6121,#6122,#6123));
#1230=EDGE_LOOP('',(#6124,#6125,#6126,#6127));
#1231=EDGE_LOOP('',(#6128,#6129,#6130,#6131));
#1232=EDGE_LOOP('',(#6132,#6133,#6134,#6135));
#1233=EDGE_LOOP('',(#6136,#6137,#6138,#6139));
#1234=EDGE_LOOP('',(#6140,#6141,#6142,#6143));
#1235=EDGE_LOOP('',(#6144,#6145,#6146,#6147));
#1236=EDGE_LOOP('',(#6148,#6149,#6150,#6151));
#1237=EDGE_LOOP('',(#6152,#6153,#6154,#6155));
#1238=EDGE_LOOP('',(#6156,#6157,#6158,#6159));
#1239=EDGE_LOOP('',(#6160,#6161,#6162,#6163));
#1240=EDGE_LOOP('',(#6164,#6165,#6166,#6167));
#1241=EDGE_LOOP('',(#6168,#6169,#6170,#6171));
#1242=EDGE_LOOP('',(#6172,#6173,#6174));
#1243=EDGE_LOOP('',(#6175,#6176,#6177,#6178));
#1244=EDGE_LOOP('',(#6179,#6180,#6181,#6182));
#1245=EDGE_LOOP('',(#6183,#6184,#6185));
#1246=EDGE_LOOP('',(#6186,#6187,#6188,#6189));
#1247=EDGE_LOOP('',(#6190,#6191,#6192,#6193));
#1248=EDGE_LOOP('',(#6194,#6195,#6196,#6197));
#1249=EDGE_LOOP('',(#6198,#6199,#6200,#6201));
#1250=EDGE_LOOP('',(#6202,#6203,#6204,#6205));
#1251=EDGE_LOOP('',(#6206,#6207,#6208,#6209));
#1252=EDGE_LOOP('',(#6210,#6211,#6212,#6213));
#1253=EDGE_LOOP('',(#6214,#6215,#6216,#6217));
#1254=EDGE_LOOP('',(#6218,#6219,#6220,#6221));
#1255=EDGE_LOOP('',(#6222,#6223,#6224,#6225));
#1256=EDGE_LOOP('',(#6226,#6227,#6228,#6229));
#1257=EDGE_LOOP('',(#6230,#6231,#6232,#6233));
#1258=EDGE_LOOP('',(#6234,#6235,#6236,#6237));
#1259=EDGE_LOOP('',(#6238,#6239,#6240,#6241));
#1260=EDGE_LOOP('',(#6242,#6243,#6244,#6245));
#1261=EDGE_LOOP('',(#6246,#6247,#6248,#6249));
#1262=EDGE_LOOP('',(#6250,#6251,#6252,#6253));
#1263=EDGE_LOOP('',(#6254,#6255,#6256));
#1264=EDGE_LOOP('',(#6257,#6258,#6259,#6260));
#1265=EDGE_LOOP('',(#6261,#6262,#6263,#6264));
#1266=EDGE_LOOP('',(#6265,#6266,#6267));
#1267=EDGE_LOOP('',(#6268,#6269,#6270,#6271));
#1268=EDGE_LOOP('',(#6272,#6273,#6274));
#1269=EDGE_LOOP('',(#6275,#6276,#6277,#6278));
#1270=EDGE_LOOP('',(#6279,#6280,#6281));
#1271=EDGE_LOOP('',(#6282,#6283,#6284,#6285));
#1272=EDGE_LOOP('',(#6286,#6287,#6288));
#1273=EDGE_LOOP('',(#6289,#6290,#6291,#6292));
#1274=EDGE_LOOP('',(#6293,#6294,#6295));
#1275=EDGE_LOOP('',(#6296,#6297,#6298,#6299));
#1276=EDGE_LOOP('',(#6300,#6301,#6302));
#1277=EDGE_LOOP('',(#6303,#6304,#6305,#6306));
#1278=EDGE_LOOP('',(#6307,#6308,#6309));
#1279=EDGE_LOOP('',(#6310,#6311,#6312,#6313));
#1280=EDGE_LOOP('',(#6314,#6315,#6316));
#1281=EDGE_LOOP('',(#6317,#6318,#6319,#6320));
#1282=EDGE_LOOP('',(#6321,#6322,#6323,#6324));
#1283=EDGE_LOOP('',(#6325,#6326,#6327,#6328));
#1284=EDGE_LOOP('',(#6329,#6330,#6331,#6332));
#1285=EDGE_LOOP('',(#6333,#6334,#6335,#6336));
#1286=EDGE_LOOP('',(#6337,#6338,#6339,#6340));
#1287=EDGE_LOOP('',(#6341,#6342,#6343,#6344));
#1288=EDGE_LOOP('',(#6345,#6346,#6347,#6348));
#1289=EDGE_LOOP('',(#6349,#6350,#6351,#6352));
#1290=EDGE_LOOP('',(#6353,#6354,#6355));
#1291=EDGE_LOOP('',(#6356,#6357,#6358,#6359));
#1292=EDGE_LOOP('',(#6360,#6361,#6362));
#1293=EDGE_LOOP('',(#6363,#6364,#6365,#6366));
#1294=EDGE_LOOP('',(#6367,#6368,#6369,#6370));
#1295=EDGE_LOOP('',(#6371,#6372,#6373));
#1296=EDGE_LOOP('',(#6374,#6375,#6376,#6377));
#1297=EDGE_LOOP('',(#6378,#6379,#6380));
#1298=EDGE_LOOP('',(#6381,#6382,#6383,#6384));
#1299=EDGE_LOOP('',(#6385,#6386,#6387,#6388));
#1300=EDGE_LOOP('',(#6389,#6390,#6391,#6392));
#1301=EDGE_LOOP('',(#6393,#6394,#6395,#6396));
#1302=EDGE_LOOP('',(#6397,#6398,#6399,#6400));
#1303=EDGE_LOOP('',(#6401,#6402,#6403,#6404,#6405,#6406,#6407,#6408));
#1304=EDGE_LOOP('',(#6409,#6410,#6411,#6412));
#1305=EDGE_LOOP('',(#6413,#6414,#6415,#6416));
#1306=EDGE_LOOP('',(#6417,#6418,#6419,#6420));
#1307=EDGE_LOOP('',(#6421,#6422,#6423,#6424));
#1308=EDGE_LOOP('',(#6425,#6426,#6427,#6428));
#1309=EDGE_LOOP('',(#6429,#6430,#6431,#6432));
#1310=EDGE_LOOP('',(#6433,#6434,#6435,#6436));
#1311=EDGE_LOOP('',(#6437,#6438,#6439,#6440,#6441,#6442,#6443,#6444,#6445,
#6446));
#1312=EDGE_LOOP('',(#6447,#6448,#6449,#6450));
#1313=EDGE_LOOP('',(#6451,#6452,#6453,#6454,#6455,#6456,#6457,#6458,#6459,
#6460));
#1314=EDGE_LOOP('',(#6461,#6462,#6463,#6464));
#1315=EDGE_LOOP('',(#6465,#6466,#6467,#6468));
#1316=EDGE_LOOP('',(#6469,#6470,#6471,#6472));
#1317=EDGE_LOOP('',(#6473,#6474,#6475,#6476));
#1318=EDGE_LOOP('',(#6477,#6478,#6479,#6480));
#1319=EDGE_LOOP('',(#6481,#6482,#6483,#6484));
#1320=EDGE_LOOP('',(#6485,#6486,#6487,#6488));
#1321=EDGE_LOOP('',(#6489,#6490,#6491,#6492));
#1322=EDGE_LOOP('',(#6493,#6494,#6495,#6496));
#1323=EDGE_LOOP('',(#6497,#6498,#6499,#6500));
#1324=EDGE_LOOP('',(#6501,#6502,#6503,#6504));
#1325=EDGE_LOOP('',(#6505,#6506,#6507,#6508));
#1326=EDGE_LOOP('',(#6509,#6510,#6511,#6512));
#1327=EDGE_LOOP('',(#6513,#6514,#6515,#6516));
#1328=EDGE_LOOP('',(#6517,#6518,#6519,#6520));
#1329=EDGE_LOOP('',(#6521,#6522,#6523,#6524));
#1330=EDGE_LOOP('',(#6525,#6526,#6527,#6528));
#1331=EDGE_LOOP('',(#6529,#6530,#6531,#6532));
#1332=EDGE_LOOP('',(#6533,#6534,#6535,#6536));
#1333=EDGE_LOOP('',(#6537,#6538,#6539,#6540));
#1334=EDGE_LOOP('',(#6541,#6542,#6543,#6544));
#1335=EDGE_LOOP('',(#6545,#6546,#6547,#6548));
#1336=EDGE_LOOP('',(#6549,#6550,#6551,#6552));
#1337=EDGE_LOOP('',(#6553,#6554,#6555,#6556));
#1338=EDGE_LOOP('',(#6557,#6558,#6559,#6560));
#1339=EDGE_LOOP('',(#6561,#6562,#6563,#6564));
#1340=EDGE_LOOP('',(#6565,#6566,#6567));
#1341=EDGE_LOOP('',(#6568,#6569,#6570,#6571));
#1342=EDGE_LOOP('',(#6572,#6573,#6574));
#1343=EDGE_LOOP('',(#6575,#6576,#6577,#6578));
#1344=EDGE_LOOP('',(#6579,#6580,#6581));
#1345=EDGE_LOOP('',(#6582,#6583,#6584,#6585));
#1346=EDGE_LOOP('',(#6586,#6587,#6588));
#1347=EDGE_LOOP('',(#6589,#6590,#6591,#6592));
#1348=EDGE_LOOP('',(#6593,#6594,#6595));
#1349=EDGE_LOOP('',(#6596,#6597,#6598,#6599));
#1350=EDGE_LOOP('',(#6600,#6601,#6602));
#1351=EDGE_LOOP('',(#6603,#6604,#6605,#6606));
#1352=EDGE_LOOP('',(#6607,#6608,#6609));
#1353=EDGE_LOOP('',(#6610,#6611,#6612,#6613));
#1354=EDGE_LOOP('',(#6614,#6615,#6616,#6617));
#1355=EDGE_LOOP('',(#6618,#6619,#6620,#6621));
#1356=EDGE_LOOP('',(#6622,#6623,#6624,#6625));
#1357=EDGE_LOOP('',(#6626,#6627,#6628,#6629));
#1358=EDGE_LOOP('',(#6630,#6631,#6632,#6633));
#1359=EDGE_LOOP('',(#6634,#6635,#6636,#6637));
#1360=EDGE_LOOP('',(#6638,#6639,#6640));
#1361=EDGE_LOOP('',(#6641,#6642,#6643,#6644));
#1362=EDGE_LOOP('',(#6645,#6646,#6647,#6648));
#1363=EDGE_LOOP('',(#6649,#6650,#6651,#6652));
#1364=EDGE_LOOP('',(#6653,#6654,#6655,#6656));
#1365=EDGE_LOOP('',(#6657,#6658,#6659,#6660));
#1366=EDGE_LOOP('',(#6661,#6662,#6663,#6664));
#1367=EDGE_LOOP('',(#6665,#6666,#6667,#6668));
#1368=EDGE_LOOP('',(#6669,#6670,#6671,#6672));
#1369=CIRCLE('',#7336,0.5);
#1370=CIRCLE('',#7337,0.5);
#1371=CIRCLE('',#7338,0.5);
#1372=CIRCLE('',#7339,0.5);
#1373=CIRCLE('',#7340,1.1);
#1374=CIRCLE('',#7341,1.1);
#1375=CIRCLE('',#7343,1.1);
#1376=CIRCLE('',#7345,1.1);
#1377=CIRCLE('',#7352,0.5);
#1378=CIRCLE('',#7355,0.5);
#1379=CIRCLE('',#7358,0.100000000000001);
#1380=CIRCLE('',#7359,0.100000000000039);
#1381=CIRCLE('',#7362,0.5);
#1382=CIRCLE('',#7365,0.5);
#1383=CIRCLE('',#7368,0.100000000000002);
#1384=CIRCLE('',#7369,0.100000000000039);
#1385=CIRCLE('',#7372,0.499999999999999);
#1386=CIRCLE('',#7374,0.499999999999952);
#1387=CIRCLE('',#7379,0.499999999999999);
#1388=CIRCLE('',#7380,0.499999999999929);
#1389=CIRCLE('',#7386,0.1);
#1390=CIRCLE('',#7387,0.0999999999999996);
#1391=CIRCLE('',#7394,0.1);
#1392=CIRCLE('',#7395,0.0999999999999996);
#1393=CIRCLE('',#7403,0.1);
#1394=CIRCLE('',#7404,0.0999999999999996);
#1395=CIRCLE('',#7411,0.1);
#1396=CIRCLE('',#7412,0.0999999999999996);
#1397=CIRCLE('',#7418,0.5);
#1398=CIRCLE('',#7420,0.5);
#1399=CIRCLE('',#7423,0.5);
#1400=CIRCLE('',#7425,0.5);
#1401=CIRCLE('',#7428,0.5);
#1402=CIRCLE('',#7430,0.5);
#1403=CIRCLE('',#7433,0.5);
#1404=CIRCLE('',#7435,0.5);
#1405=CIRCLE('',#7461,0.15);
#1406=CIRCLE('',#7462,0.15);
#1407=CIRCLE('',#7463,0.15);
#1408=CIRCLE('',#7464,0.15);
#1409=CIRCLE('',#7465,0.15);
#1410=CIRCLE('',#7466,0.15);
#1411=CIRCLE('',#7467,0.15);
#1412=CIRCLE('',#7468,0.15);
#1413=CIRCLE('',#7469,0.15);
#1414=CIRCLE('',#7470,0.15);
#1415=CIRCLE('',#7471,0.15);
#1416=CIRCLE('',#7472,0.15);
#1417=CIRCLE('',#7473,0.199999999999999);
#1418=CIRCLE('',#7474,0.2);
#1419=CIRCLE('',#7475,0.2);
#1420=CIRCLE('',#7476,0.2);
#1421=CIRCLE('',#7477,0.2);
#1422=CIRCLE('',#7478,0.2);
#1423=CIRCLE('',#7479,0.199999999999999);
#1424=CIRCLE('',#7480,0.2);
#1425=CIRCLE('',#7481,0.2);
#1426=CIRCLE('',#7482,0.2);
#1427=CIRCLE('',#7483,0.2);
#1428=CIRCLE('',#7484,0.2);
#1429=CIRCLE('',#7486,0.15);
#1430=CIRCLE('',#7487,0.15);
#1431=CIRCLE('',#7488,0.15);
#1432=CIRCLE('',#7489,0.15);
#1433=CIRCLE('',#7490,0.15);
#1434=CIRCLE('',#7491,0.15);
#1435=CIRCLE('',#7492,0.15);
#1436=CIRCLE('',#7493,0.15);
#1437=CIRCLE('',#7494,0.15);
#1438=CIRCLE('',#7495,0.15);
#1439=CIRCLE('',#7496,0.15);
#1440=CIRCLE('',#7497,0.15);
#1441=CIRCLE('',#7498,0.199999999999999);
#1442=CIRCLE('',#7499,0.2);
#1443=CIRCLE('',#7500,0.2);
#1444=CIRCLE('',#7501,0.2);
#1445=CIRCLE('',#7502,0.2);
#1446=CIRCLE('',#7503,0.2);
#1447=CIRCLE('',#7504,0.199999999999999);
#1448=CIRCLE('',#7505,0.2);
#1449=CIRCLE('',#7506,0.2);
#1450=CIRCLE('',#7507,0.2);
#1451=CIRCLE('',#7508,0.2);
#1452=CIRCLE('',#7509,0.2);
#1453=CIRCLE('',#7512,0.1);
#1454=CIRCLE('',#7513,0.1);
#1455=CIRCLE('',#7516,0.1);
#1456=CIRCLE('',#7517,0.1);
#1457=CIRCLE('',#7520,0.1);
#1458=CIRCLE('',#7521,0.1);
#1459=CIRCLE('',#7524,0.1);
#1460=CIRCLE('',#7525,0.1);
#1461=CIRCLE('',#7528,0.1);
#1462=CIRCLE('',#7529,0.1);
#1463=CIRCLE('',#7532,0.1);
#1464=CIRCLE('',#7533,0.1);
#1465=CIRCLE('',#7536,0.1);
#1466=CIRCLE('',#7537,0.1);
#1467=CIRCLE('',#7540,0.1);
#1468=CIRCLE('',#7541,0.1);
#1469=CIRCLE('',#7544,0.1);
#1470=CIRCLE('',#7545,0.1);
#1471=CIRCLE('',#7548,0.1);
#1472=CIRCLE('',#7549,0.1);
#1473=CIRCLE('',#7552,0.1);
#1474=CIRCLE('',#7553,0.1);
#1475=CIRCLE('',#7556,0.1);
#1476=CIRCLE('',#7557,0.1);
#1477=CIRCLE('',#7562,0.25);
#1478=CIRCLE('',#7563,0.25);
#1479=CIRCLE('',#7566,0.25);
#1480=CIRCLE('',#7567,0.25);
#1481=CIRCLE('',#7570,0.25);
#1482=CIRCLE('',#7571,0.25);
#1483=CIRCLE('',#7574,0.25);
#1484=CIRCLE('',#7575,0.25);
#1485=CIRCLE('',#7580,0.25);
#1486=CIRCLE('',#7581,0.25);
#1487=CIRCLE('',#7584,0.25);
#1488=CIRCLE('',#7585,0.25);
#1489=CIRCLE('',#7590,0.25);
#1490=CIRCLE('',#7591,0.25);
#1491=CIRCLE('',#7594,0.25);
#1492=CIRCLE('',#7595,0.25);
#1493=CIRCLE('',#7598,0.25);
#1494=CIRCLE('',#7599,0.25);
#1495=CIRCLE('',#7602,0.25);
#1496=CIRCLE('',#7603,0.25);
#1497=CIRCLE('',#7608,0.25);
#1498=CIRCLE('',#7609,0.25);
#1499=CIRCLE('',#7612,0.25);
#1500=CIRCLE('',#7613,0.25);
#1501=CIRCLE('',#7618,0.1);
#1502=CIRCLE('',#7620,0.1);
#1503=CIRCLE('',#7622,0.1);
#1504=CIRCLE('',#7624,0.1);
#1505=CIRCLE('',#7626,0.1);
#1506=CIRCLE('',#7628,0.1);
#1507=CIRCLE('',#7630,0.1);
#1508=CIRCLE('',#7632,0.1);
#1509=CIRCLE('',#7638,0.1);
#1510=CIRCLE('',#7640,0.1);
#1511=CIRCLE('',#7642,0.1);
#1512=CIRCLE('',#7644,0.1);
#1513=CIRCLE('',#7650,0.1);
#1514=CIRCLE('',#7652,0.1);
#1515=CIRCLE('',#7654,0.1);
#1516=CIRCLE('',#7656,0.1);
#1517=CIRCLE('',#7658,0.1);
#1518=CIRCLE('',#7660,0.1);
#1519=CIRCLE('',#7662,0.1);
#1520=CIRCLE('',#7664,0.1);
#1521=CIRCLE('',#7670,0.1);
#1522=CIRCLE('',#7672,0.1);
#1523=CIRCLE('',#7674,0.1);
#1524=CIRCLE('',#7676,0.1);
#1525=CIRCLE('',#7679,0.1);
#1526=CIRCLE('',#7680,0.1);
#1527=CIRCLE('',#7682,0.1);
#1528=CIRCLE('',#7684,0.1);
#1529=CIRCLE('',#7690,0.1);
#1530=CIRCLE('',#7692,0.1);
#1531=CIRCLE('',#7694,0.1);
#1532=CIRCLE('',#7696,0.1);
#1533=CIRCLE('',#7698,0.1);
#1534=CIRCLE('',#7700,0.1);
#1535=CIRCLE('',#7702,0.1);
#1536=CIRCLE('',#7704,0.1);
#1537=CIRCLE('',#7710,0.1);
#1538=CIRCLE('',#7712,0.1);
#1539=CIRCLE('',#7714,0.1);
#1540=CIRCLE('',#7716,0.1);
#1541=CIRCLE('',#7722,0.1);
#1542=CIRCLE('',#7724,0.1);
#1543=CIRCLE('',#7726,0.1);
#1544=CIRCLE('',#7728,0.1);
#1545=CIRCLE('',#7730,0.1);
#1546=CIRCLE('',#7732,0.1);
#1547=CIRCLE('',#7734,0.1);
#1548=CIRCLE('',#7736,0.1);
#1549=CIRCLE('',#7743,0.1);
#1550=CIRCLE('',#7744,0.1);
#1551=CIRCLE('',#7746,0.1);
#1552=CIRCLE('',#7748,0.1);
#1553=CIRCLE('',#7750,0.1);
#1554=CIRCLE('',#7752,0.1);
#1555=CIRCLE('',#7754,0.1);
#1556=CIRCLE('',#7756,0.1);
#1557=CIRCLE('',#7759,0.1);
#1558=CIRCLE('',#7760,0.1);
#1559=CIRCLE('',#7762,0.1);
#1560=CIRCLE('',#7764,0.1);
#1561=CIRCLE('',#7766,0.1);
#1562=CIRCLE('',#7768,0.1);
#1563=CIRCLE('',#7770,0.1);
#1564=CIRCLE('',#7772,0.1);
#1565=CIRCLE('',#7775,0.1);
#1566=CIRCLE('',#7776,0.1);
#1567=CIRCLE('',#7778,0.1);
#1568=CIRCLE('',#7780,0.1);
#1569=CIRCLE('',#7782,0.1);
#1570=CIRCLE('',#7784,0.1);
#1571=CIRCLE('',#7786,0.1);
#1572=CIRCLE('',#7788,0.1);
#1573=CIRCLE('',#7791,0.1);
#1574=CIRCLE('',#7792,0.1);
#1575=CIRCLE('',#7794,0.1);
#1576=CIRCLE('',#7796,0.1);
#1577=CIRCLE('',#7798,0.1);
#1578=CIRCLE('',#7800,0.1);
#1579=CIRCLE('',#7802,0.1);
#1580=CIRCLE('',#7804,0.1);
#1581=CIRCLE('',#7807,0.1);
#1582=CIRCLE('',#7808,0.1);
#1583=CIRCLE('',#7810,0.1);
#1584=CIRCLE('',#7812,0.1);
#1585=CIRCLE('',#7814,0.1);
#1586=CIRCLE('',#7816,0.1);
#1587=CIRCLE('',#7818,0.1);
#1588=CIRCLE('',#7820,0.1);
#1589=CIRCLE('',#7823,0.1);
#1590=CIRCLE('',#7824,0.1);
#1591=CIRCLE('',#7826,0.1);
#1592=CIRCLE('',#7828,0.1);
#1593=CIRCLE('',#7830,0.1);
#1594=CIRCLE('',#7832,0.1);
#1595=CIRCLE('',#7834,0.1);
#1596=CIRCLE('',#7836,0.1);
#1597=CIRCLE('',#7842,0.1);
#1598=CIRCLE('',#7843,0.1);
#1599=CIRCLE('',#7845,0.1);
#1600=CIRCLE('',#7846,0.1);
#1601=CIRCLE('',#7848,0.1);
#1602=CIRCLE('',#7849,0.1);
#1603=CIRCLE('',#7851,0.1);
#1604=CIRCLE('',#7852,0.1);
#1605=CIRCLE('',#7856,0.100000000000001);
#1606=CIRCLE('',#7857,0.1);
#1607=CIRCLE('',#7858,0.0999999999999997);
#1608=CIRCLE('',#7859,0.0999999999999996);
#1609=CIRCLE('',#7867,0.2);
#1610=CIRCLE('',#7868,0.2);
#1611=CIRCLE('',#7869,0.2);
#1612=CIRCLE('',#7870,0.2);
#1613=CIRCLE('',#7875,0.0750000000000002);
#1614=CIRCLE('',#7876,0.275);
#1615=CIRCLE('',#7877,0.075);
#1616=CIRCLE('',#7878,0.275);
#1617=CIRCLE('',#7879,0.075);
#1618=CIRCLE('',#7880,0.275);
#1619=CIRCLE('',#7881,0.0750000000000001);
#1620=CIRCLE('',#7882,0.275);
#1621=CIRCLE('',#7883,0.075);
#1622=CIRCLE('',#7886,0.075);
#1623=CIRCLE('',#7887,0.275);
#1624=CIRCLE('',#7888,0.0750000000000001);
#1625=CIRCLE('',#7889,0.275);
#1626=CIRCLE('',#7890,0.075);
#1627=CIRCLE('',#7891,0.275);
#1628=CIRCLE('',#7892,0.075);
#1629=CIRCLE('',#7893,0.275);
#1630=CIRCLE('',#7894,0.0750000000000002);
#1631=CIRCLE('',#7896,0.1);
#1632=CIRCLE('',#7897,0.1);
#1633=CIRCLE('',#7899,0.175);
#1634=CIRCLE('',#7900,0.175);
#1635=CIRCLE('',#7903,0.175);
#1636=CIRCLE('',#7904,0.175);
#1637=CIRCLE('',#7907,0.175);
#1638=CIRCLE('',#7908,0.175);
#1639=CIRCLE('',#7911,0.175);
#1640=CIRCLE('',#7912,0.175);
#1641=CIRCLE('',#7915,0.175);
#1642=CIRCLE('',#7916,0.175);
#1643=CIRCLE('',#7919,0.175);
#1644=CIRCLE('',#7920,0.175);
#1645=CIRCLE('',#7923,0.175);
#1646=CIRCLE('',#7924,0.175);
#1647=CIRCLE('',#7927,0.175);
#1648=CIRCLE('',#7928,0.175);
#1649=CIRCLE('',#7931,0.175);
#1650=CIRCLE('',#7932,0.175);
#1651=CIRCLE('',#7934,0.1);
#1652=CIRCLE('',#7935,0.1);
#1653=CIRCLE('',#7937,0.1);
#1654=CIRCLE('',#7942,0.1);
#1655=CIRCLE('',#7944,0.1);
#1656=CIRCLE('',#7949,0.1);
#1657=CIRCLE('',#7951,0.1);
#1658=CIRCLE('',#7952,0.1);
#1659=CIRCLE('',#7954,0.1);
#1660=CIRCLE('',#7956,0.1);
#1661=CIRCLE('',#7958,0.1);
#1662=CIRCLE('',#7960,0.1);
#1663=CIRCLE('',#7962,0.1);
#1664=CIRCLE('',#7963,0.1);
#1665=CIRCLE('',#7965,0.1);
#1666=CIRCLE('',#7967,0.1);
#1667=CIRCLE('',#7969,0.1);
#1668=CIRCLE('',#7971,0.1);
#1669=CIRCLE('',#7973,0.1);
#1670=CIRCLE('',#7974,0.1);
#1671=CIRCLE('',#7976,0.1);
#1672=CIRCLE('',#7977,0.1);
#1673=CIRCLE('',#7979,0.1);
#1674=CIRCLE('',#7981,0.1);
#1675=CIRCLE('',#7983,0.1);
#1676=CIRCLE('',#7984,0.1);
#1677=CIRCLE('',#7986,0.1);
#1678=CIRCLE('',#7988,0.1);
#1679=CIRCLE('',#7990,0.1);
#1680=CIRCLE('',#7991,0.1);
#1681=CIRCLE('',#7993,0.1);
#1682=CIRCLE('',#7995,0.1);
#1683=CIRCLE('',#7997,0.1);
#1684=CIRCLE('',#7998,0.1);
#1685=CIRCLE('',#8000,0.1);
#1686=CIRCLE('',#8002,0.1);
#1687=CIRCLE('',#8004,0.1);
#1688=CIRCLE('',#8005,0.1);
#1689=CIRCLE('',#8007,0.1);
#1690=CIRCLE('',#8009,0.1);
#1691=CIRCLE('',#8011,0.1);
#1692=CIRCLE('',#8012,0.1);
#1693=CIRCLE('',#8014,0.1);
#1694=CIRCLE('',#8015,0.1);
#1695=CIRCLE('',#8017,0.1);
#1696=CIRCLE('',#8019,0.1);
#1697=CIRCLE('',#8021,0.1);
#1698=CIRCLE('',#8022,0.1);
#1699=CIRCLE('',#8024,0.1);
#1700=CIRCLE('',#8026,0.1);
#1701=CIRCLE('',#8028,0.1);
#1702=CIRCLE('',#8029,0.1);
#1703=CIRCLE('',#8031,0.1);
#1704=CIRCLE('',#8033,0.1);
#1705=CIRCLE('',#8035,0.1);
#1706=CIRCLE('',#8036,0.1);
#1707=CIRCLE('',#8038,0.1);
#1708=CIRCLE('',#8040,0.1);
#1709=CIRCLE('',#8042,0.1);
#1710=CIRCLE('',#8043,0.1);
#1711=CIRCLE('',#8045,0.1);
#1712=CIRCLE('',#8047,0.1);
#1713=CIRCLE('',#8049,0.1);
#1714=CIRCLE('',#8050,0.1);
#1715=CIRCLE('',#8052,0.1);
#1716=CIRCLE('',#8054,0.1);
#1717=CIRCLE('',#8056,0.1);
#1718=CIRCLE('',#8058,0.1);
#1719=CIRCLE('',#8060,0.1);
#1720=CIRCLE('',#8062,0.1);
#1721=CIRCLE('',#8065,0.1);
#1722=CIRCLE('',#8066,0.1);
#1723=CIRCLE('',#8068,0.1);
#1724=CIRCLE('',#8070,0.1);
#1725=CIRCLE('',#8072,0.1);
#1726=CIRCLE('',#8074,0.1);
#1727=CIRCLE('',#8076,0.1);
#1728=CIRCLE('',#8078,0.1);
#1729=CIRCLE('',#8081,0.1);
#1730=CIRCLE('',#8082,0.1);
#1731=CIRCLE('',#8084,0.1);
#1732=CIRCLE('',#8086,0.1);
#1733=CIRCLE('',#8088,0.1);
#1734=CIRCLE('',#8090,0.1);
#1735=CIRCLE('',#8092,0.1);
#1736=CIRCLE('',#8094,0.1);
#1737=CIRCLE('',#8097,0.1);
#1738=CIRCLE('',#8099,0.1);
#1739=CIRCLE('',#8101,0.1);
#1740=CIRCLE('',#8103,0.1);
#1741=CIRCLE('',#8106,0.1);
#1742=CIRCLE('',#8108,0.1);
#1743=CIRCLE('',#8110,0.1);
#1744=CIRCLE('',#8112,0.1);
#1745=CIRCLE('',#8119,0.1);
#1746=CIRCLE('',#8120,0.0999999999999996);
#1747=CIRCLE('',#8121,0.1);
#1748=CIRCLE('',#8122,0.0999999999999996);
#1749=CIRCLE('',#8136,0.2);
#1750=CIRCLE('',#8137,0.65);
#1751=CIRCLE('',#8138,0.2);
#1752=CIRCLE('',#8139,0.5);
#1753=CIRCLE('',#8140,0.5);
#1754=CIRCLE('',#8142,0.2);
#1755=CIRCLE('',#8143,0.65);
#1756=CIRCLE('',#8144,0.2);
#1757=CIRCLE('',#8145,0.5);
#1758=CIRCLE('',#8146,0.5);
#1759=CIRCLE('',#8149,0.4);
#1760=CIRCLE('',#8150,0.4);
#1761=CIRCLE('',#8153,0.4);
#1762=CIRCLE('',#8154,0.4);
#1763=CIRCLE('',#8157,0.1);
#1764=CIRCLE('',#8158,0.1);
#1765=CIRCLE('',#8161,0.1);
#1766=CIRCLE('',#8162,0.1);
#1767=CIRCLE('',#8165,0.75);
#1768=CIRCLE('',#8166,0.75);
#1769=CIRCLE('',#8169,0.1);
#1770=CIRCLE('',#8170,0.1);
#1771=CIRCLE('',#8173,0.1);
#1772=CIRCLE('',#8174,0.1);
#1773=CIRCLE('',#8177,0.1);
#1774=CIRCLE('',#8178,0.1);
#1775=CIRCLE('',#8181,0.1);
#1776=CIRCLE('',#8182,0.1);
#1777=CIRCLE('',#8184,0.1);
#1778=CIRCLE('',#8185,0.1);
#1779=CIRCLE('',#8187,0.1);
#1780=CIRCLE('',#8189,0.1);
#1781=CIRCLE('',#8191,0.1);
#1782=CIRCLE('',#8193,0.1);
#1783=CIRCLE('',#8195,0.1);
#1784=CIRCLE('',#8197,0.1);
#1785=CIRCLE('',#8199,0.1);
#1786=CIRCLE('',#8201,0.1);
#1787=CIRCLE('',#8203,0.1);
#1788=CIRCLE('',#8205,0.1);
#1789=CIRCLE('',#8207,0.1);
#1790=CIRCLE('',#8209,0.1);
#1791=CIRCLE('',#8212,0.1);
#1792=CIRCLE('',#8213,0.1);
#1793=CIRCLE('',#8215,0.1);
#1794=CIRCLE('',#8217,0.1);
#1795=CIRCLE('',#8219,0.1);
#1796=CIRCLE('',#8221,0.1);
#1797=CIRCLE('',#8223,0.1);
#1798=CIRCLE('',#8225,0.1);
#1799=CIRCLE('',#8227,0.1);
#1800=CIRCLE('',#8229,0.1);
#1801=CIRCLE('',#8231,0.1);
#1802=CIRCLE('',#8233,0.1);
#1803=CIRCLE('',#8235,0.1);
#1804=CIRCLE('',#8237,0.1);
#1805=CIRCLE('',#8240,0.1);
#1806=CIRCLE('',#8241,0.1);
#1807=CIRCLE('',#8243,0.1);
#1808=CIRCLE('',#8245,0.1);
#1809=CIRCLE('',#8248,0.1);
#1810=CIRCLE('',#8249,0.1);
#1811=CIRCLE('',#8251,0.1);
#1812=CIRCLE('',#8253,0.1);
#1813=LINE('',#10690,#2381);
#1814=LINE('',#10692,#2382);
#1815=LINE('',#10696,#2383);
#1816=LINE('',#10700,#2384);
#1817=LINE('',#10702,#2385);
#1818=LINE('',#10704,#2386);
#1819=LINE('',#10708,#2387);
#1820=LINE('',#10711,#2388);
#1821=LINE('',#10714,#2389);
#1822=LINE('',#10716,#2390);
#1823=LINE('',#10718,#2391);
#1824=LINE('',#10719,#2392);
#1825=LINE('',#10726,#2393);
#1826=LINE('',#10730,#2394);
#1827=LINE('',#10735,#2395);
#1828=LINE('',#10736,#2396);
#1829=LINE('',#10737,#2397);
#1830=LINE('',#10740,#2398);
#1831=LINE('',#10741,#2399);
#1832=LINE('',#10744,#2400);
#1833=LINE('',#10745,#2401);
#1834=LINE('',#10747,#2402);
#1835=LINE('',#10750,#2403);
#1836=LINE('',#10752,#2404);
#1837=LINE('',#10753,#2405);
#1838=LINE('',#10756,#2406);
#1839=LINE('',#10760,#2407);
#1840=LINE('',#10761,#2408);
#1841=LINE('',#10764,#2409);
#1842=LINE('',#10768,#2410);
#1843=LINE('',#10769,#2411);
#1844=LINE('',#10773,#2412);
#1845=LINE('',#10881,#2413);
#1846=LINE('',#10883,#2414);
#1847=LINE('',#10884,#2415);
#1848=LINE('',#10887,#2416);
#1849=LINE('',#10891,#2417);
#1850=LINE('',#10892,#2418);
#1851=LINE('',#10895,#2419);
#1852=LINE('',#10899,#2420);
#1853=LINE('',#10900,#2421);
#1854=LINE('',#10904,#2422);
#1855=LINE('',#11011,#2423);
#1856=LINE('',#11012,#2424);
#1857=LINE('',#11086,#2425);
#1858=LINE('',#11091,#2426);
#1859=LINE('',#11092,#2427);
#1860=LINE('',#11212,#2428);
#1861=LINE('',#11216,#2429);
#1862=LINE('',#11218,#2430);
#1863=LINE('',#11220,#2431);
#1864=LINE('',#11222,#2432);
#1865=LINE('',#11224,#2433);
#1866=LINE('',#11226,#2434);
#1867=LINE('',#11228,#2435);
#1868=LINE('',#11230,#2436);
#1869=LINE('',#11232,#2437);
#1870=LINE('',#11234,#2438);
#1871=LINE('',#11236,#2439);
#1872=LINE('',#11238,#2440);
#1873=LINE('',#11239,#2441);
#1874=LINE('',#11242,#2442);
#1875=LINE('',#11244,#2443);
#1876=LINE('',#11246,#2444);
#1877=LINE('',#11248,#2445);
#1878=LINE('',#11250,#2446);
#1879=LINE('',#11252,#2447);
#1880=LINE('',#11254,#2448);
#1881=LINE('',#11256,#2449);
#1882=LINE('',#11258,#2450);
#1883=LINE('',#11260,#2451);
#1884=LINE('',#11262,#2452);
#1885=LINE('',#11264,#2453);
#1886=LINE('',#11265,#2454);
#1887=LINE('',#11267,#2455);
#1888=LINE('',#11271,#2456);
#1889=LINE('',#11355,#2457);
#1890=LINE('',#11356,#2458);
#1891=LINE('',#11359,#2459);
#1892=LINE('',#11360,#2460);
#1893=LINE('',#11363,#2461);
#1894=LINE('',#11364,#2462);
#1895=LINE('',#11367,#2463);
#1896=LINE('',#11368,#2464);
#1897=LINE('',#11372,#2465);
#1898=LINE('',#11377,#2466);
#1899=LINE('',#11379,#2467);
#1900=LINE('',#11380,#2468);
#1901=LINE('',#11383,#2469);
#1902=LINE('',#11384,#2470);
#1903=LINE('',#11387,#2471);
#1904=LINE('',#11388,#2472);
#1905=LINE('',#11391,#2473);
#1906=LINE('',#11392,#2474);
#1907=LINE('',#11395,#2475);
#1908=LINE('',#11396,#2476);
#1909=LINE('',#11400,#2477);
#1910=LINE('',#11405,#2478);
#1911=LINE('',#11407,#2479);
#1912=LINE('',#11408,#2480);
#1913=LINE('',#11410,#2481);
#1914=LINE('',#11412,#2482);
#1915=LINE('',#11414,#2483);
#1916=LINE('',#11415,#2484);
#1917=LINE('',#11417,#2485);
#1918=LINE('',#11419,#2486);
#1919=LINE('',#11420,#2487);
#1920=LINE('',#11423,#2488);
#1921=LINE('',#11424,#2489);
#1922=LINE('',#11427,#2490);
#1923=LINE('',#11428,#2491);
#1924=LINE('',#11432,#2492);
#1925=LINE('',#11437,#2493);
#1926=LINE('',#11439,#2494);
#1927=LINE('',#11440,#2495);
#1928=LINE('',#11443,#2496);
#1929=LINE('',#11444,#2497);
#1930=LINE('',#11447,#2498);
#1931=LINE('',#11448,#2499);
#1932=LINE('',#11451,#2500);
#1933=LINE('',#11452,#2501);
#1934=LINE('',#11455,#2502);
#1935=LINE('',#11456,#2503);
#1936=LINE('',#11460,#2504);
#1937=LINE('',#11465,#2505);
#1938=LINE('',#11467,#2506);
#1939=LINE('',#11468,#2507);
#1940=LINE('',#11470,#2508);
#1941=LINE('',#11472,#2509);
#1942=LINE('',#11473,#2510);
#1943=LINE('',#11475,#2511);
#1944=LINE('',#11476,#2512);
#1945=LINE('',#11479,#2513);
#1946=LINE('',#11484,#2514);
#1947=LINE('',#11487,#2515);
#1948=LINE('',#11489,#2516);
#1949=LINE('',#11490,#2517);
#1950=LINE('',#11493,#2518);
#1951=LINE('',#11498,#2519);
#1952=LINE('',#11501,#2520);
#1953=LINE('',#11503,#2521);
#1954=LINE('',#11504,#2522);
#1955=LINE('',#11507,#2523);
#1956=LINE('',#11512,#2524);
#1957=LINE('',#11515,#2525);
#1958=LINE('',#11517,#2526);
#1959=LINE('',#11518,#2527);
#1960=LINE('',#11521,#2528);
#1961=LINE('',#11526,#2529);
#1962=LINE('',#11529,#2530);
#1963=LINE('',#11531,#2531);
#1964=LINE('',#11532,#2532);
#1965=LINE('',#11534,#2533);
#1966=LINE('',#11536,#2534);
#1967=LINE('',#11538,#2535);
#1968=LINE('',#11540,#2536);
#1969=LINE('',#11543,#2537);
#1970=LINE('',#11544,#2538);
#1971=LINE('',#11547,#2539);
#1972=LINE('',#11548,#2540);
#1973=LINE('',#11550,#2541);
#1974=LINE('',#11553,#2542);
#1975=LINE('',#11554,#2543);
#1976=LINE('',#11557,#2544);
#1977=LINE('',#11558,#2545);
#1978=LINE('',#11560,#2546);
#1979=LINE('',#11563,#2547);
#1980=LINE('',#11564,#2548);
#1981=LINE('',#11567,#2549);
#1982=LINE('',#11568,#2550);
#1983=LINE('',#11570,#2551);
#1984=LINE('',#11573,#2552);
#1985=LINE('',#11574,#2553);
#1986=LINE('',#11577,#2554);
#1987=LINE('',#11578,#2555);
#1988=LINE('',#11580,#2556);
#1989=LINE('',#11641,#2557);
#1990=LINE('',#11698,#2558);
#1991=LINE('',#11705,#2559);
#1992=LINE('',#11707,#2560);
#1993=LINE('',#11711,#2561);
#1994=LINE('',#11715,#2562);
#1995=LINE('',#11717,#2563);
#1996=LINE('',#11719,#2564);
#1997=LINE('',#11723,#2565);
#1998=LINE('',#11727,#2566);
#1999=LINE('',#11731,#2567);
#2000=LINE('',#11735,#2568);
#2001=LINE('',#11737,#2569);
#2002=LINE('',#11739,#2570);
#2003=LINE('',#11743,#2571);
#2004=LINE('',#11747,#2572);
#2005=LINE('',#11749,#2573);
#2006=LINE('',#11751,#2574);
#2007=LINE('',#11755,#2575);
#2008=LINE('',#11759,#2576);
#2009=LINE('',#11763,#2577);
#2010=LINE('',#11766,#2578);
#2011=LINE('',#11769,#2579);
#2012=LINE('',#11773,#2580);
#2013=LINE('',#11777,#2581);
#2014=LINE('',#11781,#2582);
#2015=LINE('',#11785,#2583);
#2016=LINE('',#11789,#2584);
#2017=LINE('',#11793,#2585);
#2018=LINE('',#11797,#2586);
#2019=LINE('',#11801,#2587);
#2020=LINE('',#11805,#2588);
#2021=LINE('',#11809,#2589);
#2022=LINE('',#11813,#2590);
#2023=LINE('',#11820,#2591);
#2024=LINE('',#11824,#2592);
#2025=LINE('',#11826,#2593);
#2026=LINE('',#11828,#2594);
#2027=LINE('',#11832,#2595);
#2028=LINE('',#11836,#2596);
#2029=LINE('',#11840,#2597);
#2030=LINE('',#11844,#2598);
#2031=LINE('',#11846,#2599);
#2032=LINE('',#11848,#2600);
#2033=LINE('',#11852,#2601);
#2034=LINE('',#11856,#2602);
#2035=LINE('',#11858,#2603);
#2036=LINE('',#11860,#2604);
#2037=LINE('',#11864,#2605);
#2038=LINE('',#11868,#2606);
#2039=LINE('',#11872,#2607);
#2040=LINE('',#11876,#2608);
#2041=LINE('',#11878,#2609);
#2042=LINE('',#11879,#2610);
#2043=LINE('',#11882,#2611);
#2044=LINE('',#11886,#2612);
#2045=LINE('',#11890,#2613);
#2046=LINE('',#11894,#2614);
#2047=LINE('',#11898,#2615);
#2048=LINE('',#11902,#2616);
#2049=LINE('',#11906,#2617);
#2050=LINE('',#11910,#2618);
#2051=LINE('',#11914,#2619);
#2052=LINE('',#11918,#2620);
#2053=LINE('',#11922,#2621);
#2054=LINE('',#11926,#2622);
#2055=LINE('',#11931,#2623);
#2056=LINE('',#11933,#2624);
#2057=LINE('',#11935,#2625);
#2058=LINE('',#11936,#2626);
#2059=LINE('',#11942,#2627);
#2060=LINE('',#11945,#2628);
#2061=LINE('',#11947,#2629);
#2062=LINE('',#11948,#2630);
#2063=LINE('',#11954,#2631);
#2064=LINE('',#11957,#2632);
#2065=LINE('',#11959,#2633);
#2066=LINE('',#11960,#2634);
#2067=LINE('',#11966,#2635);
#2068=LINE('',#11969,#2636);
#2069=LINE('',#11971,#2637);
#2070=LINE('',#11972,#2638);
#2071=LINE('',#11979,#2639);
#2072=LINE('',#11981,#2640);
#2073=LINE('',#11983,#2641);
#2074=LINE('',#11984,#2642);
#2075=LINE('',#11990,#2643);
#2076=LINE('',#11993,#2644);
#2077=LINE('',#11995,#2645);
#2078=LINE('',#11996,#2646);
#2079=LINE('',#12002,#2647);
#2080=LINE('',#12005,#2648);
#2081=LINE('',#12007,#2649);
#2082=LINE('',#12008,#2650);
#2083=LINE('',#12014,#2651);
#2084=LINE('',#12017,#2652);
#2085=LINE('',#12019,#2653);
#2086=LINE('',#12020,#2654);
#2087=LINE('',#12027,#2655);
#2088=LINE('',#12029,#2656);
#2089=LINE('',#12031,#2657);
#2090=LINE('',#12032,#2658);
#2091=LINE('',#12038,#2659);
#2092=LINE('',#12041,#2660);
#2093=LINE('',#12043,#2661);
#2094=LINE('',#12044,#2662);
#2095=LINE('',#12050,#2663);
#2096=LINE('',#12053,#2664);
#2097=LINE('',#12055,#2665);
#2098=LINE('',#12056,#2666);
#2099=LINE('',#12062,#2667);
#2100=LINE('',#12065,#2668);
#2101=LINE('',#12067,#2669);
#2102=LINE('',#12068,#2670);
#2103=LINE('',#12075,#2671);
#2104=LINE('',#12077,#2672);
#2105=LINE('',#12079,#2673);
#2106=LINE('',#12080,#2674);
#2107=LINE('',#12083,#2675);
#2108=LINE('',#12085,#2676);
#2109=LINE('',#12086,#2677);
#2110=LINE('',#12089,#2678);
#2111=LINE('',#12091,#2679);
#2112=LINE('',#12092,#2680);
#2113=LINE('',#12097,#2681);
#2114=LINE('',#12101,#2682);
#2115=LINE('',#12103,#2683);
#2116=LINE('',#12104,#2684);
#2117=LINE('',#12109,#2685);
#2118=LINE('',#12113,#2686);
#2119=LINE('',#12115,#2687);
#2120=LINE('',#12116,#2688);
#2121=LINE('',#12121,#2689);
#2122=LINE('',#12125,#2690);
#2123=LINE('',#12127,#2691);
#2124=LINE('',#12128,#2692);
#2125=LINE('',#12133,#2693);
#2126=LINE('',#12137,#2694);
#2127=LINE('',#12139,#2695);
#2128=LINE('',#12140,#2696);
#2129=LINE('',#12143,#2697);
#2130=LINE('',#12145,#2698);
#2131=LINE('',#12146,#2699);
#2132=LINE('',#12149,#2700);
#2133=LINE('',#12151,#2701);
#2134=LINE('',#12152,#2702);
#2135=LINE('',#12157,#2703);
#2136=LINE('',#12161,#2704);
#2137=LINE('',#12163,#2705);
#2138=LINE('',#12164,#2706);
#2139=LINE('',#12169,#2707);
#2140=LINE('',#12173,#2708);
#2141=LINE('',#12175,#2709);
#2142=LINE('',#12176,#2710);
#2143=LINE('',#12179,#2711);
#2144=LINE('',#12181,#2712);
#2145=LINE('',#12182,#2713);
#2146=LINE('',#12185,#2714);
#2147=LINE('',#12187,#2715);
#2148=LINE('',#12188,#2716);
#2149=LINE('',#12193,#2717);
#2150=LINE('',#12197,#2718);
#2151=LINE('',#12199,#2719);
#2152=LINE('',#12200,#2720);
#2153=LINE('',#12205,#2721);
#2154=LINE('',#12209,#2722);
#2155=LINE('',#12211,#2723);
#2156=LINE('',#12212,#2724);
#2157=LINE('',#12217,#2725);
#2158=LINE('',#12221,#2726);
#2159=LINE('',#12223,#2727);
#2160=LINE('',#12224,#2728);
#2161=LINE('',#12229,#2729);
#2162=LINE('',#12233,#2730);
#2163=LINE('',#12235,#2731);
#2164=LINE('',#12236,#2732);
#2165=LINE('',#12239,#2733);
#2166=LINE('',#12241,#2734);
#2167=LINE('',#12242,#2735);
#2168=LINE('',#12245,#2736);
#2169=LINE('',#12247,#2737);
#2170=LINE('',#12248,#2738);
#2171=LINE('',#12253,#2739);
#2172=LINE('',#12257,#2740);
#2173=LINE('',#12259,#2741);
#2174=LINE('',#12260,#2742);
#2175=LINE('',#12492,#2743);
#2176=LINE('',#12494,#2744);
#2177=LINE('',#12496,#2745);
#2178=LINE('',#12497,#2746);
#2179=LINE('',#12501,#2747);
#2180=LINE('',#12503,#2748);
#2181=LINE('',#12505,#2749);
#2182=LINE('',#12506,#2750);
#2183=LINE('',#12511,#2751);
#2184=LINE('',#12518,#2752);
#2185=LINE('',#12524,#2753);
#2186=LINE('',#12529,#2754);
#2187=LINE('',#12533,#2755);
#2188=LINE('',#12535,#2756);
#2189=LINE('',#12537,#2757);
#2190=LINE('',#12539,#2758);
#2191=LINE('',#12541,#2759);
#2192=LINE('',#12543,#2760);
#2193=LINE('',#12545,#2761);
#2194=LINE('',#12546,#2762);
#2195=LINE('',#12548,#2763);
#2196=LINE('',#12549,#2764);
#2197=LINE('',#12552,#2765);
#2198=LINE('',#12554,#2766);
#2199=LINE('',#12555,#2767);
#2200=LINE('',#12557,#2768);
#2201=LINE('',#12559,#2769);
#2202=LINE('',#12561,#2770);
#2203=LINE('',#12563,#2771);
#2204=LINE('',#12565,#2772);
#2205=LINE('',#12567,#2773);
#2206=LINE('',#12568,#2774);
#2207=LINE('',#12575,#2775);
#2208=LINE('',#12579,#2776);
#2209=LINE('',#12582,#2777);
#2210=LINE('',#12584,#2778);
#2211=LINE('',#12585,#2779);
#2212=LINE('',#12588,#2780);
#2213=LINE('',#12590,#2781);
#2214=LINE('',#12591,#2782);
#2215=LINE('',#12595,#2783);
#2216=LINE('',#12597,#2784);
#2217=LINE('',#12599,#2785);
#2218=LINE('',#12600,#2786);
#2219=LINE('',#12604,#2787);
#2220=LINE('',#12606,#2788);
#2221=LINE('',#12608,#2789);
#2222=LINE('',#12609,#2790);
#2223=LINE('',#12613,#2791);
#2224=LINE('',#12615,#2792);
#2225=LINE('',#12617,#2793);
#2226=LINE('',#12618,#2794);
#2227=LINE('',#12622,#2795);
#2228=LINE('',#12624,#2796);
#2229=LINE('',#12626,#2797);
#2230=LINE('',#12627,#2798);
#2231=LINE('',#12630,#2799);
#2232=LINE('',#12632,#2800);
#2233=LINE('',#12633,#2801);
#2234=LINE('',#12636,#2802);
#2235=LINE('',#12640,#2803);
#2236=LINE('',#12644,#2804);
#2237=LINE('',#12648,#2805);
#2238=LINE('',#12653,#2806);
#2239=LINE('',#12654,#2807);
#2240=LINE('',#12655,#2808);
#2241=LINE('',#12659,#2809);
#2242=LINE('',#12661,#2810);
#2243=LINE('',#12663,#2811);
#2244=LINE('',#12664,#2812);
#2245=LINE('',#12668,#2813);
#2246=LINE('',#12670,#2814);
#2247=LINE('',#12672,#2815);
#2248=LINE('',#12673,#2816);
#2249=LINE('',#12677,#2817);
#2250=LINE('',#12679,#2818);
#2251=LINE('',#12683,#2819);
#2252=LINE('',#12687,#2820);
#2253=LINE('',#12691,#2821);
#2254=LINE('',#12695,#2822);
#2255=LINE('',#12699,#2823);
#2256=LINE('',#12703,#2824);
#2257=LINE('',#12707,#2825);
#2258=LINE('',#12711,#2826);
#2259=LINE('',#12714,#2827);
#2260=LINE('',#12718,#2828);
#2261=LINE('',#12720,#2829);
#2262=LINE('',#12722,#2830);
#2263=LINE('',#12723,#2831);
#2264=LINE('',#12727,#2832);
#2265=LINE('',#12729,#2833);
#2266=LINE('',#12733,#2834);
#2267=LINE('',#12737,#2835);
#2268=LINE('',#12741,#2836);
#2269=LINE('',#12745,#2837);
#2270=LINE('',#12749,#2838);
#2271=LINE('',#12753,#2839);
#2272=LINE('',#12757,#2840);
#2273=LINE('',#12761,#2841);
#2274=LINE('',#12764,#2842);
#2275=LINE('',#12770,#2843);
#2276=LINE('',#12776,#2844);
#2277=LINE('',#12779,#2845);
#2278=LINE('',#12781,#2846);
#2279=LINE('',#12782,#2847);
#2280=LINE('',#12788,#2848);
#2281=LINE('',#12791,#2849);
#2282=LINE('',#12793,#2850);
#2283=LINE('',#12794,#2851);
#2284=LINE('',#12800,#2852);
#2285=LINE('',#12803,#2853);
#2286=LINE('',#12805,#2854);
#2287=LINE('',#12806,#2855);
#2288=LINE('',#12812,#2856);
#2289=LINE('',#12815,#2857);
#2290=LINE('',#12817,#2858);
#2291=LINE('',#12818,#2859);
#2292=LINE('',#12824,#2860);
#2293=LINE('',#12827,#2861);
#2294=LINE('',#12829,#2862);
#2295=LINE('',#12830,#2863);
#2296=LINE('',#12836,#2864);
#2297=LINE('',#12839,#2865);
#2298=LINE('',#12841,#2866);
#2299=LINE('',#12842,#2867);
#2300=LINE('',#12848,#2868);
#2301=LINE('',#12851,#2869);
#2302=LINE('',#12853,#2870);
#2303=LINE('',#12854,#2871);
#2304=LINE('',#12860,#2872);
#2305=LINE('',#12863,#2873);
#2306=LINE('',#12865,#2874);
#2307=LINE('',#12866,#2875);
#2308=LINE('',#12872,#2876);
#2309=LINE('',#13183,#2877);
#2310=LINE('',#13185,#2878);
#2311=LINE('',#13187,#2879);
#2312=LINE('',#13188,#2880);
#2313=LINE('',#13192,#2881);
#2314=LINE('',#13194,#2882);
#2315=LINE('',#13196,#2883);
#2316=LINE('',#13197,#2884);
#2317=LINE('',#13201,#2885);
#2318=LINE('',#13203,#2886);
#2319=LINE('',#13205,#2887);
#2320=LINE('',#13206,#2888);
#2321=LINE('',#13210,#2889);
#2322=LINE('',#13212,#2890);
#2323=LINE('',#13214,#2891);
#2324=LINE('',#13215,#2892);
#2325=LINE('',#13222,#2893);
#2326=LINE('',#13223,#2894);
#2327=LINE('',#13238,#2895);
#2328=LINE('',#13240,#2896);
#2329=LINE('',#13242,#2897);
#2330=LINE('',#13244,#2898);
#2331=LINE('',#13246,#2899);
#2332=LINE('',#13250,#2900);
#2333=LINE('',#13254,#2901);
#2334=LINE('',#13260,#2902);
#2335=LINE('',#13263,#2903);
#2336=LINE('',#13267,#2904);
#2337=LINE('',#13269,#2905);
#2338=LINE('',#13271,#2906);
#2339=LINE('',#13273,#2907);
#2340=LINE('',#13277,#2908);
#2341=LINE('',#13281,#2909);
#2342=LINE('',#13284,#2910);
#2343=LINE('',#13289,#2911);
#2344=LINE('',#13292,#2912);
#2345=LINE('',#13296,#2913);
#2346=LINE('',#13298,#2914);
#2347=LINE('',#13300,#2915);
#2348=LINE('',#13301,#2916);
#2349=LINE('',#13307,#2917);
#2350=LINE('',#13310,#2918);
#2351=LINE('',#13312,#2919);
#2352=LINE('',#13313,#2920);
#2353=LINE('',#13320,#2921);
#2354=LINE('',#13322,#2922);
#2355=LINE('',#13324,#2923);
#2356=LINE('',#13325,#2924);
#2357=LINE('',#13330,#2925);
#2358=LINE('',#13334,#2926);
#2359=LINE('',#13336,#2927);
#2360=LINE('',#13337,#2928);
#2361=LINE('',#13342,#2929);
#2362=LINE('',#13346,#2930);
#2363=LINE('',#13348,#2931);
#2364=LINE('',#13349,#2932);
#2365=LINE('',#13354,#2933);
#2366=LINE('',#13358,#2934);
#2367=LINE('',#13360,#2935);
#2368=LINE('',#13361,#2936);
#2369=LINE('',#13366,#2937);
#2370=LINE('',#13370,#2938);
#2371=LINE('',#13372,#2939);
#2372=LINE('',#13373,#2940);
#2373=LINE('',#13378,#2941);
#2374=LINE('',#13382,#2942);
#2375=LINE('',#13384,#2943);
#2376=LINE('',#13385,#2944);
#2377=LINE('',#13390,#2945);
#2378=LINE('',#13394,#2946);
#2379=LINE('',#13396,#2947);
#2380=LINE('',#13397,#2948);
#2381=VECTOR('',#8267,1.);
#2382=VECTOR('',#8268,1.);
#2383=VECTOR('',#8271,1.);
#2384=VECTOR('',#8274,1.);
#2385=VECTOR('',#8275,1.);
#2386=VECTOR('',#8276,1.);
#2387=VECTOR('',#8279,1.);
#2388=VECTOR('',#8282,1.);
#2389=VECTOR('',#8283,1.);
#2390=VECTOR('',#8284,1.);
#2391=VECTOR('',#8285,1.);
#2392=VECTOR('',#8286,1.);
#2393=VECTOR('',#8293,1.1);
#2394=VECTOR('',#8298,1.1);
#2395=VECTOR('',#8303,1.);
#2396=VECTOR('',#8304,1.);
#2397=VECTOR('',#8305,1.);
#2398=VECTOR('',#8308,1.);
#2399=VECTOR('',#8309,1.);
#2400=VECTOR('',#8312,1.);
#2401=VECTOR('',#8313,1.);
#2402=VECTOR('',#8316,1.);
#2403=VECTOR('',#8319,1.);
#2404=VECTOR('',#8320,1.);
#2405=VECTOR('',#8321,1.);
#2406=VECTOR('',#8324,1.);
#2407=VECTOR('',#8329,1.);
#2408=VECTOR('',#8330,1.);
#2409=VECTOR('',#8333,1.);
#2410=VECTOR('',#8338,1.);
#2411=VECTOR('',#8339,1.);
#2412=VECTOR('',#8342,1.);
#2413=VECTOR('',#8349,1.);
#2414=VECTOR('',#8350,1.);
#2415=VECTOR('',#8351,1.);
#2416=VECTOR('',#8354,1.);
#2417=VECTOR('',#8359,1.);
#2418=VECTOR('',#8360,1.);
#2419=VECTOR('',#8363,1.);
#2420=VECTOR('',#8368,1.);
#2421=VECTOR('',#8369,1.);
#2422=VECTOR('',#8372,1.);
#2423=VECTOR('',#8379,1.);
#2424=VECTOR('',#8380,1.);
#2425=VECTOR('',#8381,1.);
#2426=VECTOR('',#8386,1.);
#2427=VECTOR('',#8387,0.999999999999999);
#2428=VECTOR('',#8390,1.);
#2429=VECTOR('',#8395,1.);
#2430=VECTOR('',#8396,1.);
#2431=VECTOR('',#8397,1.);
#2432=VECTOR('',#8398,1.);
#2433=VECTOR('',#8399,1.);
#2434=VECTOR('',#8400,1.);
#2435=VECTOR('',#8401,1.);
#2436=VECTOR('',#8402,1.);
#2437=VECTOR('',#8403,1.);
#2438=VECTOR('',#8404,1.);
#2439=VECTOR('',#8405,1.);
#2440=VECTOR('',#8406,1.);
#2441=VECTOR('',#8407,1.);
#2442=VECTOR('',#8410,1.);
#2443=VECTOR('',#8411,1.);
#2444=VECTOR('',#8412,1.);
#2445=VECTOR('',#8413,1.);
#2446=VECTOR('',#8414,1.);
#2447=VECTOR('',#8415,1.);
#2448=VECTOR('',#8416,1.);
#2449=VECTOR('',#8417,1.);
#2450=VECTOR('',#8418,1.);
#2451=VECTOR('',#8419,1.);
#2452=VECTOR('',#8420,1.);
#2453=VECTOR('',#8421,1.);
#2454=VECTOR('',#8422,1.);
#2455=VECTOR('',#8425,1.);
#2456=VECTOR('',#8428,1.);
#2457=VECTOR('',#8435,1.);
#2458=VECTOR('',#8436,1.);
#2459=VECTOR('',#8439,1.);
#2460=VECTOR('',#8440,1.);
#2461=VECTOR('',#8443,1.);
#2462=VECTOR('',#8444,1.);
#2463=VECTOR('',#8447,1.);
#2464=VECTOR('',#8448,1.);
#2465=VECTOR('',#8451,1.);
#2466=VECTOR('',#8458,1.);
#2467=VECTOR('',#8459,1.);
#2468=VECTOR('',#8460,1.);
#2469=VECTOR('',#8463,1.);
#2470=VECTOR('',#8464,1.);
#2471=VECTOR('',#8467,1.);
#2472=VECTOR('',#8468,1.);
#2473=VECTOR('',#8471,1.);
#2474=VECTOR('',#8472,1.);
#2475=VECTOR('',#8475,1.);
#2476=VECTOR('',#8476,1.);
#2477=VECTOR('',#8479,1.);
#2478=VECTOR('',#8486,1.);
#2479=VECTOR('',#8487,1.);
#2480=VECTOR('',#8488,1.);
#2481=VECTOR('',#8491,1.);
#2482=VECTOR('',#8494,1.);
#2483=VECTOR('',#8495,1.);
#2484=VECTOR('',#8496,1.);
#2485=VECTOR('',#8499,1.);
#2486=VECTOR('',#8500,1.);
#2487=VECTOR('',#8501,1.);
#2488=VECTOR('',#8504,1.);
#2489=VECTOR('',#8505,1.);
#2490=VECTOR('',#8508,1.);
#2491=VECTOR('',#8509,1.);
#2492=VECTOR('',#8512,1.);
#2493=VECTOR('',#8519,1.);
#2494=VECTOR('',#8520,1.);
#2495=VECTOR('',#8521,1.);
#2496=VECTOR('',#8524,1.);
#2497=VECTOR('',#8525,1.);
#2498=VECTOR('',#8528,1.);
#2499=VECTOR('',#8529,1.);
#2500=VECTOR('',#8532,1.);
#2501=VECTOR('',#8533,1.);
#2502=VECTOR('',#8536,1.);
#2503=VECTOR('',#8537,1.);
#2504=VECTOR('',#8540,1.);
#2505=VECTOR('',#8547,1.);
#2506=VECTOR('',#8548,1.);
#2507=VECTOR('',#8549,1.);
#2508=VECTOR('',#8552,1.);
#2509=VECTOR('',#8555,1.);
#2510=VECTOR('',#8556,1.);
#2511=VECTOR('',#8559,1.);
#2512=VECTOR('',#8560,1.);
#2513=VECTOR('',#8563,1.);
#2514=VECTOR('',#8570,1.);
#2515=VECTOR('',#8573,1.);
#2516=VECTOR('',#8574,1.);
#2517=VECTOR('',#8575,1.);
#2518=VECTOR('',#8578,1.);
#2519=VECTOR('',#8585,1.);
#2520=VECTOR('',#8588,1.);
#2521=VECTOR('',#8589,1.);
#2522=VECTOR('',#8590,1.);
#2523=VECTOR('',#8593,1.);
#2524=VECTOR('',#8600,1.);
#2525=VECTOR('',#8603,1.);
#2526=VECTOR('',#8604,1.);
#2527=VECTOR('',#8605,1.);
#2528=VECTOR('',#8608,1.);
#2529=VECTOR('',#8615,1.);
#2530=VECTOR('',#8618,1.);
#2531=VECTOR('',#8619,1.);
#2532=VECTOR('',#8620,1.);
#2533=VECTOR('',#8623,1.);
#2534=VECTOR('',#8626,1.);
#2535=VECTOR('',#8629,1.);
#2536=VECTOR('',#8632,1.);
#2537=VECTOR('',#8635,1.);
#2538=VECTOR('',#8636,1.);
#2539=VECTOR('',#8639,1.);
#2540=VECTOR('',#8640,1.);
#2541=VECTOR('',#8643,1.);
#2542=VECTOR('',#8646,1.);
#2543=VECTOR('',#8647,1.);
#2544=VECTOR('',#8650,1.);
#2545=VECTOR('',#8651,1.);
#2546=VECTOR('',#8654,1.);
#2547=VECTOR('',#8657,1.);
#2548=VECTOR('',#8658,1.);
#2549=VECTOR('',#8661,1.);
#2550=VECTOR('',#8662,1.);
#2551=VECTOR('',#8665,1.);
#2552=VECTOR('',#8668,1.);
#2553=VECTOR('',#8669,1.);
#2554=VECTOR('',#8672,1.);
#2555=VECTOR('',#8673,1.);
#2556=VECTOR('',#8676,1.);
#2557=VECTOR('',#8685,0.999999999999999);
#2558=VECTOR('',#8686,1.);
#2559=VECTOR('',#8695,1.);
#2560=VECTOR('',#8696,1.);
#2561=VECTOR('',#8699,1.);
#2562=VECTOR('',#8702,1.);
#2563=VECTOR('',#8703,1.);
#2564=VECTOR('',#8704,1.);
#2565=VECTOR('',#8707,1.);
#2566=VECTOR('',#8710,1.);
#2567=VECTOR('',#8713,1.);
#2568=VECTOR('',#8716,1.);
#2569=VECTOR('',#8717,1.);
#2570=VECTOR('',#8718,1.);
#2571=VECTOR('',#8721,1.);
#2572=VECTOR('',#8724,1.);
#2573=VECTOR('',#8725,1.);
#2574=VECTOR('',#8726,1.);
#2575=VECTOR('',#8729,1.);
#2576=VECTOR('',#8732,1.);
#2577=VECTOR('',#8735,1.);
#2578=VECTOR('',#8738,1.);
#2579=VECTOR('',#8739,1.);
#2580=VECTOR('',#8742,1.);
#2581=VECTOR('',#8745,1.);
#2582=VECTOR('',#8748,1.);
#2583=VECTOR('',#8751,1.);
#2584=VECTOR('',#8754,1.);
#2585=VECTOR('',#8757,1.);
#2586=VECTOR('',#8760,1.);
#2587=VECTOR('',#8763,1.);
#2588=VECTOR('',#8766,1.);
#2589=VECTOR('',#8769,1.);
#2590=VECTOR('',#8772,1.);
#2591=VECTOR('',#8779,1.);
#2592=VECTOR('',#8782,1.);
#2593=VECTOR('',#8783,1.);
#2594=VECTOR('',#8784,1.);
#2595=VECTOR('',#8787,1.);
#2596=VECTOR('',#8790,1.);
#2597=VECTOR('',#8793,1.);
#2598=VECTOR('',#8796,1.);
#2599=VECTOR('',#8797,1.);
#2600=VECTOR('',#8798,1.);
#2601=VECTOR('',#8801,1.);
#2602=VECTOR('',#8804,1.);
#2603=VECTOR('',#8805,1.);
#2604=VECTOR('',#8806,1.);
#2605=VECTOR('',#8809,1.);
#2606=VECTOR('',#8812,1.);
#2607=VECTOR('',#8815,1.);
#2608=VECTOR('',#8818,1.);
#2609=VECTOR('',#8819,1.);
#2610=VECTOR('',#8820,1.);
#2611=VECTOR('',#8821,1.);
#2612=VECTOR('',#8824,1.);
#2613=VECTOR('',#8827,1.);
#2614=VECTOR('',#8830,1.);
#2615=VECTOR('',#8833,1.);
#2616=VECTOR('',#8836,1.);
#2617=VECTOR('',#8839,1.);
#2618=VECTOR('',#8842,1.);
#2619=VECTOR('',#8845,1.);
#2620=VECTOR('',#8848,1.);
#2621=VECTOR('',#8851,1.);
#2622=VECTOR('',#8854,1.);
#2623=VECTOR('',#8859,1.);
#2624=VECTOR('',#8860,1.);
#2625=VECTOR('',#8861,1.);
#2626=VECTOR('',#8862,1.);
#2627=VECTOR('',#8869,1.);
#2628=VECTOR('',#8872,1.);
#2629=VECTOR('',#8873,1.);
#2630=VECTOR('',#8874,1.);
#2631=VECTOR('',#8881,1.);
#2632=VECTOR('',#8884,1.);
#2633=VECTOR('',#8885,1.);
#2634=VECTOR('',#8886,1.);
#2635=VECTOR('',#8893,1.);
#2636=VECTOR('',#8896,1.);
#2637=VECTOR('',#8897,1.);
#2638=VECTOR('',#8898,1.);
#2639=VECTOR('',#8907,1.);
#2640=VECTOR('',#8908,1.);
#2641=VECTOR('',#8909,1.);
#2642=VECTOR('',#8910,1.);
#2643=VECTOR('',#8917,1.);
#2644=VECTOR('',#8920,1.);
#2645=VECTOR('',#8921,1.);
#2646=VECTOR('',#8922,1.);
#2647=VECTOR('',#8929,1.);
#2648=VECTOR('',#8932,1.);
#2649=VECTOR('',#8933,1.);
#2650=VECTOR('',#8934,1.);
#2651=VECTOR('',#8941,1.);
#2652=VECTOR('',#8944,1.);
#2653=VECTOR('',#8945,1.);
#2654=VECTOR('',#8946,1.);
#2655=VECTOR('',#8955,1.);
#2656=VECTOR('',#8956,1.);
#2657=VECTOR('',#8957,1.);
#2658=VECTOR('',#8958,1.);
#2659=VECTOR('',#8965,1.);
#2660=VECTOR('',#8968,1.);
#2661=VECTOR('',#8969,1.);
#2662=VECTOR('',#8970,1.);
#2663=VECTOR('',#8977,1.);
#2664=VECTOR('',#8980,1.);
#2665=VECTOR('',#8981,1.);
#2666=VECTOR('',#8982,1.);
#2667=VECTOR('',#8989,1.);
#2668=VECTOR('',#8992,1.);
#2669=VECTOR('',#8993,1.);
#2670=VECTOR('',#8994,1.);
#2671=VECTOR('',#9003,1.);
#2672=VECTOR('',#9004,1.);
#2673=VECTOR('',#9005,1.);
#2674=VECTOR('',#9006,1.);
#2675=VECTOR('',#9009,1.);
#2676=VECTOR('',#9010,1.);
#2677=VECTOR('',#9011,1.);
#2678=VECTOR('',#9014,1.);
#2679=VECTOR('',#9015,1.);
#2680=VECTOR('',#9016,1.);
#2681=VECTOR('',#9021,1.);
#2682=VECTOR('',#9026,1.);
#2683=VECTOR('',#9027,1.);
#2684=VECTOR('',#9028,1.);
#2685=VECTOR('',#9033,1.);
#2686=VECTOR('',#9038,1.);
#2687=VECTOR('',#9039,1.);
#2688=VECTOR('',#9040,1.);
#2689=VECTOR('',#9045,1.);
#2690=VECTOR('',#9050,1.);
#2691=VECTOR('',#9051,1.);
#2692=VECTOR('',#9052,1.);
#2693=VECTOR('',#9057,1.);
#2694=VECTOR('',#9062,1.);
#2695=VECTOR('',#9063,1.);
#2696=VECTOR('',#9064,1.);
#2697=VECTOR('',#9067,1.);
#2698=VECTOR('',#9068,1.);
#2699=VECTOR('',#9069,1.);
#2700=VECTOR('',#9072,1.);
#2701=VECTOR('',#9073,1.);
#2702=VECTOR('',#9074,1.);
#2703=VECTOR('',#9079,1.);
#2704=VECTOR('',#9084,1.);
#2705=VECTOR('',#9085,1.);
#2706=VECTOR('',#9086,1.);
#2707=VECTOR('',#9091,1.);
#2708=VECTOR('',#9096,1.);
#2709=VECTOR('',#9097,1.);
#2710=VECTOR('',#9098,1.);
#2711=VECTOR('',#9101,1.);
#2712=VECTOR('',#9102,1.);
#2713=VECTOR('',#9103,1.);
#2714=VECTOR('',#9106,1.);
#2715=VECTOR('',#9107,1.);
#2716=VECTOR('',#9108,1.);
#2717=VECTOR('',#9113,1.);
#2718=VECTOR('',#9118,1.);
#2719=VECTOR('',#9119,1.);
#2720=VECTOR('',#9120,1.);
#2721=VECTOR('',#9125,1.);
#2722=VECTOR('',#9130,1.);
#2723=VECTOR('',#9131,1.);
#2724=VECTOR('',#9132,1.);
#2725=VECTOR('',#9137,1.);
#2726=VECTOR('',#9142,1.);
#2727=VECTOR('',#9143,1.);
#2728=VECTOR('',#9144,1.);
#2729=VECTOR('',#9149,1.);
#2730=VECTOR('',#9154,1.);
#2731=VECTOR('',#9155,1.);
#2732=VECTOR('',#9156,1.);
#2733=VECTOR('',#9159,1.);
#2734=VECTOR('',#9160,1.);
#2735=VECTOR('',#9161,1.);
#2736=VECTOR('',#9164,1.);
#2737=VECTOR('',#9165,1.);
#2738=VECTOR('',#9166,1.);
#2739=VECTOR('',#9171,1.);
#2740=VECTOR('',#9176,1.);
#2741=VECTOR('',#9177,1.);
#2742=VECTOR('',#9178,1.);
#2743=VECTOR('',#9637,1.);
#2744=VECTOR('',#9638,1.);
#2745=VECTOR('',#9639,1.);
#2746=VECTOR('',#9640,1.);
#2747=VECTOR('',#9643,1.);
#2748=VECTOR('',#9644,1.);
#2749=VECTOR('',#9645,1.);
#2750=VECTOR('',#9646,1.);
#2751=VECTOR('',#9651,1.);
#2752=VECTOR('',#9660,1.);
#2753=VECTOR('',#9667,1.);
#2754=VECTOR('',#9672,1.);
#2755=VECTOR('',#9677,1.);
#2756=VECTOR('',#9678,1.);
#2757=VECTOR('',#9679,1.);
#2758=VECTOR('',#9680,1.);
#2759=VECTOR('',#9681,1.);
#2760=VECTOR('',#9682,1.);
#2761=VECTOR('',#9683,1.);
#2762=VECTOR('',#9684,1.);
#2763=VECTOR('',#9685,1.);
#2764=VECTOR('',#9686,1.);
#2765=VECTOR('',#9689,1.);
#2766=VECTOR('',#9690,1.);
#2767=VECTOR('',#9691,1.);
#2768=VECTOR('',#9692,1.);
#2769=VECTOR('',#9693,1.);
#2770=VECTOR('',#9694,1.);
#2771=VECTOR('',#9695,1.);
#2772=VECTOR('',#9696,1.);
#2773=VECTOR('',#9697,1.);
#2774=VECTOR('',#9698,1.);
#2775=VECTOR('',#9705,1.);
#2776=VECTOR('',#9710,1.);
#2777=VECTOR('',#9713,1.);
#2778=VECTOR('',#9714,1.);
#2779=VECTOR('',#9715,1.);
#2780=VECTOR('',#9718,1.);
#2781=VECTOR('',#9719,1.);
#2782=VECTOR('',#9720,1.);
#2783=VECTOR('',#9723,1.);
#2784=VECTOR('',#9724,1.);
#2785=VECTOR('',#9725,1.);
#2786=VECTOR('',#9726,1.);
#2787=VECTOR('',#9729,1.);
#2788=VECTOR('',#9730,1.);
#2789=VECTOR('',#9731,1.);
#2790=VECTOR('',#9732,1.);
#2791=VECTOR('',#9735,1.);
#2792=VECTOR('',#9736,1.);
#2793=VECTOR('',#9737,1.);
#2794=VECTOR('',#9738,1.);
#2795=VECTOR('',#9741,1.);
#2796=VECTOR('',#9742,1.);
#2797=VECTOR('',#9743,1.);
#2798=VECTOR('',#9744,1.);
#2799=VECTOR('',#9747,1.);
#2800=VECTOR('',#9748,1.);
#2801=VECTOR('',#9749,1.);
#2802=VECTOR('',#9750,1.);
#2803=VECTOR('',#9753,1.);
#2804=VECTOR('',#9756,1.);
#2805=VECTOR('',#9759,1.);
#2806=VECTOR('',#9764,1.);
#2807=VECTOR('',#9765,1.);
#2808=VECTOR('',#9766,1.);
#2809=VECTOR('',#9769,1.);
#2810=VECTOR('',#9770,1.);
#2811=VECTOR('',#9771,1.);
#2812=VECTOR('',#9772,1.);
#2813=VECTOR('',#9775,1.);
#2814=VECTOR('',#9776,1.);
#2815=VECTOR('',#9777,1.);
#2816=VECTOR('',#9778,1.);
#2817=VECTOR('',#9781,1.);
#2818=VECTOR('',#9782,1.);
#2819=VECTOR('',#9785,1.);
#2820=VECTOR('',#9788,1.);
#2821=VECTOR('',#9791,1.);
#2822=VECTOR('',#9794,1.);
#2823=VECTOR('',#9797,1.);
#2824=VECTOR('',#9800,1.);
#2825=VECTOR('',#9803,1.);
#2826=VECTOR('',#9806,1.);
#2827=VECTOR('',#9809,1.);
#2828=VECTOR('',#9812,1.);
#2829=VECTOR('',#9813,1.);
#2830=VECTOR('',#9814,1.);
#2831=VECTOR('',#9815,1.);
#2832=VECTOR('',#9818,1.);
#2833=VECTOR('',#9819,1.);
#2834=VECTOR('',#9822,1.);
#2835=VECTOR('',#9825,1.);
#2836=VECTOR('',#9828,1.);
#2837=VECTOR('',#9831,1.);
#2838=VECTOR('',#9834,1.);
#2839=VECTOR('',#9837,1.);
#2840=VECTOR('',#9840,1.);
#2841=VECTOR('',#9843,1.);
#2842=VECTOR('',#9846,1.);
#2843=VECTOR('',#9853,1.);
#2844=VECTOR('',#9860,1.);
#2845=VECTOR('',#9863,1.);
#2846=VECTOR('',#9864,1.);
#2847=VECTOR('',#9865,1.);
#2848=VECTOR('',#9872,1.);
#2849=VECTOR('',#9875,1.);
#2850=VECTOR('',#9876,1.);
#2851=VECTOR('',#9877,1.);
#2852=VECTOR('',#9884,1.);
#2853=VECTOR('',#9887,1.);
#2854=VECTOR('',#9888,1.);
#2855=VECTOR('',#9889,1.);
#2856=VECTOR('',#9896,1.);
#2857=VECTOR('',#9899,1.);
#2858=VECTOR('',#9900,1.);
#2859=VECTOR('',#9901,1.);
#2860=VECTOR('',#9908,1.);
#2861=VECTOR('',#9911,1.);
#2862=VECTOR('',#9912,1.);
#2863=VECTOR('',#9913,1.);
#2864=VECTOR('',#9920,1.);
#2865=VECTOR('',#9923,1.);
#2866=VECTOR('',#9924,1.);
#2867=VECTOR('',#9925,1.);
#2868=VECTOR('',#9932,1.);
#2869=VECTOR('',#9935,1.);
#2870=VECTOR('',#9936,1.);
#2871=VECTOR('',#9937,1.);
#2872=VECTOR('',#9944,1.);
#2873=VECTOR('',#9947,1.);
#2874=VECTOR('',#9948,1.);
#2875=VECTOR('',#9949,1.);
#2876=VECTOR('',#9956,1.);
#2877=VECTOR('',#10321,1.);
#2878=VECTOR('',#10322,1.);
#2879=VECTOR('',#10323,1.);
#2880=VECTOR('',#10324,1.);
#2881=VECTOR('',#10327,1.);
#2882=VECTOR('',#10328,1.);
#2883=VECTOR('',#10329,1.);
#2884=VECTOR('',#10330,1.);
#2885=VECTOR('',#10333,1.);
#2886=VECTOR('',#10334,1.);
#2887=VECTOR('',#10335,1.);
#2888=VECTOR('',#10336,1.);
#2889=VECTOR('',#10339,1.);
#2890=VECTOR('',#10340,1.);
#2891=VECTOR('',#10341,1.);
#2892=VECTOR('',#10342,1.);
#2893=VECTOR('',#10355,1.);
#2894=VECTOR('',#10356,1.);
#2895=VECTOR('',#10381,1.);
#2896=VECTOR('',#10382,1.);
#2897=VECTOR('',#10383,1.);
#2898=VECTOR('',#10384,1.);
#2899=VECTOR('',#10385,1.);
#2900=VECTOR('',#10388,1.);
#2901=VECTOR('',#10391,1.);
#2902=VECTOR('',#10396,1.);
#2903=VECTOR('',#10399,1.);
#2904=VECTOR('',#10402,1.);
#2905=VECTOR('',#10403,1.);
#2906=VECTOR('',#10404,1.);
#2907=VECTOR('',#10405,1.);
#2908=VECTOR('',#10408,1.);
#2909=VECTOR('',#10411,1.);
#2910=VECTOR('',#10414,1.);
#2911=VECTOR('',#10417,1.);
#2912=VECTOR('',#10420,1.);
#2913=VECTOR('',#10423,1.);
#2914=VECTOR('',#10424,1.);
#2915=VECTOR('',#10425,1.);
#2916=VECTOR('',#10426,1.);
#2917=VECTOR('',#10433,1.);
#2918=VECTOR('',#10436,1.);
#2919=VECTOR('',#10437,1.);
#2920=VECTOR('',#10438,1.);
#2921=VECTOR('',#10447,1.);
#2922=VECTOR('',#10448,1.);
#2923=VECTOR('',#10449,1.);
#2924=VECTOR('',#10450,1.);
#2925=VECTOR('',#10455,1.);
#2926=VECTOR('',#10460,1.);
#2927=VECTOR('',#10461,1.);
#2928=VECTOR('',#10462,1.);
#2929=VECTOR('',#10467,1.);
#2930=VECTOR('',#10472,1.);
#2931=VECTOR('',#10473,1.);
#2932=VECTOR('',#10474,1.);
#2933=VECTOR('',#10479,1.);
#2934=VECTOR('',#10484,1.);
#2935=VECTOR('',#10485,1.);
#2936=VECTOR('',#10486,1.);
#2937=VECTOR('',#10491,1.);
#2938=VECTOR('',#10496,1.);
#2939=VECTOR('',#10497,1.);
#2940=VECTOR('',#10498,1.);
#2941=VECTOR('',#10503,1.);
#2942=VECTOR('',#10508,1.);
#2943=VECTOR('',#10509,1.);
#2944=VECTOR('',#10510,1.);
#2945=VECTOR('',#10515,1.);
#2946=VECTOR('',#10520,1.);
#2947=VECTOR('',#10521,1.);
#2948=VECTOR('',#10522,1.);
#2949=VERTEX_POINT('',#10688);
#2950=VERTEX_POINT('',#10689);
#2951=VERTEX_POINT('',#10691);
#2952=VERTEX_POINT('',#10693);
#2953=VERTEX_POINT('',#10695);
#2954=VERTEX_POINT('',#10697);
#2955=VERTEX_POINT('',#10699);
#2956=VERTEX_POINT('',#10701);
#2957=VERTEX_POINT('',#10703);
#2958=VERTEX_POINT('',#10705);
#2959=VERTEX_POINT('',#10707);
#2960=VERTEX_POINT('',#10709);
#2961=VERTEX_POINT('',#10712);
#2962=VERTEX_POINT('',#10713);
#2963=VERTEX_POINT('',#10715);
#2964=VERTEX_POINT('',#10717);
#2965=VERTEX_POINT('',#10720);
#2966=VERTEX_POINT('',#10722);
#2967=VERTEX_POINT('',#10725);
#2968=VERTEX_POINT('',#10729);
#2969=VERTEX_POINT('',#10733);
#2970=VERTEX_POINT('',#10734);
#2971=VERTEX_POINT('',#10739);
#2972=VERTEX_POINT('',#10743);
#2973=VERTEX_POINT('',#10749);
#2974=VERTEX_POINT('',#10751);
#2975=VERTEX_POINT('',#10755);
#2976=VERTEX_POINT('',#10759);
#2977=VERTEX_POINT('',#10763);
#2978=VERTEX_POINT('',#10767);
#2979=VERTEX_POINT('',#10771);
#2980=VERTEX_POINT('',#10772);
#2981=VERTEX_POINT('',#10774);
#2982=VERTEX_POINT('',#10831);
#2983=VERTEX_POINT('',#10880);
#2984=VERTEX_POINT('',#10882);
#2985=VERTEX_POINT('',#10886);
#2986=VERTEX_POINT('',#10890);
#2987=VERTEX_POINT('',#10894);
#2988=VERTEX_POINT('',#10898);
#2989=VERTEX_POINT('',#10902);
#2990=VERTEX_POINT('',#10903);
#2991=VERTEX_POINT('',#10905);
#2992=VERTEX_POINT('',#10962);
#2993=VERTEX_POINT('',#11069);
#2994=VERTEX_POINT('',#11088);
#2995=VERTEX_POINT('',#11089);
#2996=VERTEX_POINT('',#11211);
#2997=VERTEX_POINT('',#11215);
#2998=VERTEX_POINT('',#11217);
#2999=VERTEX_POINT('',#11219);
#3000=VERTEX_POINT('',#11221);
#3001=VERTEX_POINT('',#11223);
#3002=VERTEX_POINT('',#11225);
#3003=VERTEX_POINT('',#11227);
#3004=VERTEX_POINT('',#11229);
#3005=VERTEX_POINT('',#11231);
#3006=VERTEX_POINT('',#11233);
#3007=VERTEX_POINT('',#11235);
#3008=VERTEX_POINT('',#11237);
#3009=VERTEX_POINT('',#11241);
#3010=VERTEX_POINT('',#11243);
#3011=VERTEX_POINT('',#11245);
#3012=VERTEX_POINT('',#11247);
#3013=VERTEX_POINT('',#11249);
#3014=VERTEX_POINT('',#11251);
#3015=VERTEX_POINT('',#11253);
#3016=VERTEX_POINT('',#11255);
#3017=VERTEX_POINT('',#11257);
#3018=VERTEX_POINT('',#11259);
#3019=VERTEX_POINT('',#11261);
#3020=VERTEX_POINT('',#11263);
#3021=VERTEX_POINT('',#11269);
#3022=VERTEX_POINT('',#11270);
#3023=VERTEX_POINT('',#11272);
#3024=VERTEX_POINT('',#11335);
#3025=VERTEX_POINT('',#11354);
#3026=VERTEX_POINT('',#11358);
#3027=VERTEX_POINT('',#11362);
#3028=VERTEX_POINT('',#11366);
#3029=VERTEX_POINT('',#11370);
#3030=VERTEX_POINT('',#11371);
#3031=VERTEX_POINT('',#11376);
#3032=VERTEX_POINT('',#11378);
#3033=VERTEX_POINT('',#11382);
#3034=VERTEX_POINT('',#11386);
#3035=VERTEX_POINT('',#11390);
#3036=VERTEX_POINT('',#11394);
#3037=VERTEX_POINT('',#11398);
#3038=VERTEX_POINT('',#11399);
#3039=VERTEX_POINT('',#11404);
#3040=VERTEX_POINT('',#11406);
#3041=VERTEX_POINT('',#11413);
#3042=VERTEX_POINT('',#11418);
#3043=VERTEX_POINT('',#11422);
#3044=VERTEX_POINT('',#11426);
#3045=VERTEX_POINT('',#11430);
#3046=VERTEX_POINT('',#11431);
#3047=VERTEX_POINT('',#11436);
#3048=VERTEX_POINT('',#11438);
#3049=VERTEX_POINT('',#11442);
#3050=VERTEX_POINT('',#11446);
#3051=VERTEX_POINT('',#11450);
#3052=VERTEX_POINT('',#11454);
#3053=VERTEX_POINT('',#11458);
#3054=VERTEX_POINT('',#11459);
#3055=VERTEX_POINT('',#11464);
#3056=VERTEX_POINT('',#11466);
#3057=VERTEX_POINT('',#11478);
#3058=VERTEX_POINT('',#11482);
#3059=VERTEX_POINT('',#11486);
#3060=VERTEX_POINT('',#11488);
#3061=VERTEX_POINT('',#11492);
#3062=VERTEX_POINT('',#11496);
#3063=VERTEX_POINT('',#11500);
#3064=VERTEX_POINT('',#11502);
#3065=VERTEX_POINT('',#11506);
#3066=VERTEX_POINT('',#11510);
#3067=VERTEX_POINT('',#11514);
#3068=VERTEX_POINT('',#11516);
#3069=VERTEX_POINT('',#11520);
#3070=VERTEX_POINT('',#11524);
#3071=VERTEX_POINT('',#11528);
#3072=VERTEX_POINT('',#11530);
#3073=VERTEX_POINT('',#11542);
#3074=VERTEX_POINT('',#11546);
#3075=VERTEX_POINT('',#11552);
#3076=VERTEX_POINT('',#11556);
#3077=VERTEX_POINT('',#11562);
#3078=VERTEX_POINT('',#11566);
#3079=VERTEX_POINT('',#11572);
#3080=VERTEX_POINT('',#11576);
#3081=VERTEX_POINT('',#11703);
#3082=VERTEX_POINT('',#11704);
#3083=VERTEX_POINT('',#11706);
#3084=VERTEX_POINT('',#11708);
#3085=VERTEX_POINT('',#11710);
#3086=VERTEX_POINT('',#11712);
#3087=VERTEX_POINT('',#11714);
#3088=VERTEX_POINT('',#11716);
#3089=VERTEX_POINT('',#11718);
#3090=VERTEX_POINT('',#11720);
#3091=VERTEX_POINT('',#11722);
#3092=VERTEX_POINT('',#11724);
#3093=VERTEX_POINT('',#11726);
#3094=VERTEX_POINT('',#11728);
#3095=VERTEX_POINT('',#11730);
#3096=VERTEX_POINT('',#11732);
#3097=VERTEX_POINT('',#11734);
#3098=VERTEX_POINT('',#11736);
#3099=VERTEX_POINT('',#11738);
#3100=VERTEX_POINT('',#11740);
#3101=VERTEX_POINT('',#11742);
#3102=VERTEX_POINT('',#11744);
#3103=VERTEX_POINT('',#11746);
#3104=VERTEX_POINT('',#11748);
#3105=VERTEX_POINT('',#11750);
#3106=VERTEX_POINT('',#11752);
#3107=VERTEX_POINT('',#11754);
#3108=VERTEX_POINT('',#11756);
#3109=VERTEX_POINT('',#11758);
#3110=VERTEX_POINT('',#11760);
#3111=VERTEX_POINT('',#11762);
#3112=VERTEX_POINT('',#11764);
#3113=VERTEX_POINT('',#11767);
#3114=VERTEX_POINT('',#11768);
#3115=VERTEX_POINT('',#11770);
#3116=VERTEX_POINT('',#11772);
#3117=VERTEX_POINT('',#11774);
#3118=VERTEX_POINT('',#11776);
#3119=VERTEX_POINT('',#11778);
#3120=VERTEX_POINT('',#11780);
#3121=VERTEX_POINT('',#11783);
#3122=VERTEX_POINT('',#11784);
#3123=VERTEX_POINT('',#11786);
#3124=VERTEX_POINT('',#11788);
#3125=VERTEX_POINT('',#11790);
#3126=VERTEX_POINT('',#11792);
#3127=VERTEX_POINT('',#11794);
#3128=VERTEX_POINT('',#11796);
#3129=VERTEX_POINT('',#11799);
#3130=VERTEX_POINT('',#11800);
#3131=VERTEX_POINT('',#11802);
#3132=VERTEX_POINT('',#11804);
#3133=VERTEX_POINT('',#11806);
#3134=VERTEX_POINT('',#11808);
#3135=VERTEX_POINT('',#11810);
#3136=VERTEX_POINT('',#11812);
#3137=VERTEX_POINT('',#11816);
#3138=VERTEX_POINT('',#11817);
#3139=VERTEX_POINT('',#11819);
#3140=VERTEX_POINT('',#11821);
#3141=VERTEX_POINT('',#11823);
#3142=VERTEX_POINT('',#11825);
#3143=VERTEX_POINT('',#11827);
#3144=VERTEX_POINT('',#11829);
#3145=VERTEX_POINT('',#11831);
#3146=VERTEX_POINT('',#11833);
#3147=VERTEX_POINT('',#11835);
#3148=VERTEX_POINT('',#11837);
#3149=VERTEX_POINT('',#11839);
#3150=VERTEX_POINT('',#11841);
#3151=VERTEX_POINT('',#11843);
#3152=VERTEX_POINT('',#11845);
#3153=VERTEX_POINT('',#11847);
#3154=VERTEX_POINT('',#11849);
#3155=VERTEX_POINT('',#11851);
#3156=VERTEX_POINT('',#11853);
#3157=VERTEX_POINT('',#11855);
#3158=VERTEX_POINT('',#11857);
#3159=VERTEX_POINT('',#11859);
#3160=VERTEX_POINT('',#11861);
#3161=VERTEX_POINT('',#11863);
#3162=VERTEX_POINT('',#11865);
#3163=VERTEX_POINT('',#11867);
#3164=VERTEX_POINT('',#11869);
#3165=VERTEX_POINT('',#11871);
#3166=VERTEX_POINT('',#11873);
#3167=VERTEX_POINT('',#11875);
#3168=VERTEX_POINT('',#11877);
#3169=VERTEX_POINT('',#11880);
#3170=VERTEX_POINT('',#11881);
#3171=VERTEX_POINT('',#11883);
#3172=VERTEX_POINT('',#11885);
#3173=VERTEX_POINT('',#11887);
#3174=VERTEX_POINT('',#11889);
#3175=VERTEX_POINT('',#11891);
#3176=VERTEX_POINT('',#11893);
#3177=VERTEX_POINT('',#11896);
#3178=VERTEX_POINT('',#11897);
#3179=VERTEX_POINT('',#11899);
#3180=VERTEX_POINT('',#11901);
#3181=VERTEX_POINT('',#11903);
#3182=VERTEX_POINT('',#11905);
#3183=VERTEX_POINT('',#11907);
#3184=VERTEX_POINT('',#11909);
#3185=VERTEX_POINT('',#11912);
#3186=VERTEX_POINT('',#11913);
#3187=VERTEX_POINT('',#11915);
#3188=VERTEX_POINT('',#11917);
#3189=VERTEX_POINT('',#11919);
#3190=VERTEX_POINT('',#11921);
#3191=VERTEX_POINT('',#11923);
#3192=VERTEX_POINT('',#11925);
#3193=VERTEX_POINT('',#11929);
#3194=VERTEX_POINT('',#11930);
#3195=VERTEX_POINT('',#11932);
#3196=VERTEX_POINT('',#11934);
#3197=VERTEX_POINT('',#11938);
#3198=VERTEX_POINT('',#11940);
#3199=VERTEX_POINT('',#11944);
#3200=VERTEX_POINT('',#11946);
#3201=VERTEX_POINT('',#11950);
#3202=VERTEX_POINT('',#11952);
#3203=VERTEX_POINT('',#11956);
#3204=VERTEX_POINT('',#11958);
#3205=VERTEX_POINT('',#11962);
#3206=VERTEX_POINT('',#11964);
#3207=VERTEX_POINT('',#11968);
#3208=VERTEX_POINT('',#11970);
#3209=VERTEX_POINT('',#11977);
#3210=VERTEX_POINT('',#11978);
#3211=VERTEX_POINT('',#11980);
#3212=VERTEX_POINT('',#11982);
#3213=VERTEX_POINT('',#11986);
#3214=VERTEX_POINT('',#11988);
#3215=VERTEX_POINT('',#11992);
#3216=VERTEX_POINT('',#11994);
#3217=VERTEX_POINT('',#11998);
#3218=VERTEX_POINT('',#12000);
#3219=VERTEX_POINT('',#12004);
#3220=VERTEX_POINT('',#12006);
#3221=VERTEX_POINT('',#12010);
#3222=VERTEX_POINT('',#12012);
#3223=VERTEX_POINT('',#12016);
#3224=VERTEX_POINT('',#12018);
#3225=VERTEX_POINT('',#12025);
#3226=VERTEX_POINT('',#12026);
#3227=VERTEX_POINT('',#12028);
#3228=VERTEX_POINT('',#12030);
#3229=VERTEX_POINT('',#12034);
#3230=VERTEX_POINT('',#12036);
#3231=VERTEX_POINT('',#12040);
#3232=VERTEX_POINT('',#12042);
#3233=VERTEX_POINT('',#12046);
#3234=VERTEX_POINT('',#12048);
#3235=VERTEX_POINT('',#12052);
#3236=VERTEX_POINT('',#12054);
#3237=VERTEX_POINT('',#12058);
#3238=VERTEX_POINT('',#12060);
#3239=VERTEX_POINT('',#12064);
#3240=VERTEX_POINT('',#12066);
#3241=VERTEX_POINT('',#12073);
#3242=VERTEX_POINT('',#12074);
#3243=VERTEX_POINT('',#12076);
#3244=VERTEX_POINT('',#12078);
#3245=VERTEX_POINT('',#12082);
#3246=VERTEX_POINT('',#12084);
#3247=VERTEX_POINT('',#12088);
#3248=VERTEX_POINT('',#12090);
#3249=VERTEX_POINT('',#12094);
#3250=VERTEX_POINT('',#12096);
#3251=VERTEX_POINT('',#12100);
#3252=VERTEX_POINT('',#12102);
#3253=VERTEX_POINT('',#12106);
#3254=VERTEX_POINT('',#12108);
#3255=VERTEX_POINT('',#12112);
#3256=VERTEX_POINT('',#12114);
#3257=VERTEX_POINT('',#12118);
#3258=VERTEX_POINT('',#12120);
#3259=VERTEX_POINT('',#12124);
#3260=VERTEX_POINT('',#12126);
#3261=VERTEX_POINT('',#12130);
#3262=VERTEX_POINT('',#12132);
#3263=VERTEX_POINT('',#12136);
#3264=VERTEX_POINT('',#12138);
#3265=VERTEX_POINT('',#12142);
#3266=VERTEX_POINT('',#12144);
#3267=VERTEX_POINT('',#12148);
#3268=VERTEX_POINT('',#12150);
#3269=VERTEX_POINT('',#12154);
#3270=VERTEX_POINT('',#12156);
#3271=VERTEX_POINT('',#12160);
#3272=VERTEX_POINT('',#12162);
#3273=VERTEX_POINT('',#12166);
#3274=VERTEX_POINT('',#12168);
#3275=VERTEX_POINT('',#12172);
#3276=VERTEX_POINT('',#12174);
#3277=VERTEX_POINT('',#12178);
#3278=VERTEX_POINT('',#12180);
#3279=VERTEX_POINT('',#12184);
#3280=VERTEX_POINT('',#12186);
#3281=VERTEX_POINT('',#12190);
#3282=VERTEX_POINT('',#12192);
#3283=VERTEX_POINT('',#12196);
#3284=VERTEX_POINT('',#12198);
#3285=VERTEX_POINT('',#12202);
#3286=VERTEX_POINT('',#12204);
#3287=VERTEX_POINT('',#12208);
#3288=VERTEX_POINT('',#12210);
#3289=VERTEX_POINT('',#12214);
#3290=VERTEX_POINT('',#12216);
#3291=VERTEX_POINT('',#12220);
#3292=VERTEX_POINT('',#12222);
#3293=VERTEX_POINT('',#12226);
#3294=VERTEX_POINT('',#12228);
#3295=VERTEX_POINT('',#12232);
#3296=VERTEX_POINT('',#12234);
#3297=VERTEX_POINT('',#12238);
#3298=VERTEX_POINT('',#12240);
#3299=VERTEX_POINT('',#12244);
#3300=VERTEX_POINT('',#12246);
#3301=VERTEX_POINT('',#12250);
#3302=VERTEX_POINT('',#12252);
#3303=VERTEX_POINT('',#12256);
#3304=VERTEX_POINT('',#12258);
#3305=VERTEX_POINT('',#12490);
#3306=VERTEX_POINT('',#12491);
#3307=VERTEX_POINT('',#12493);
#3308=VERTEX_POINT('',#12495);
#3309=VERTEX_POINT('',#12499);
#3310=VERTEX_POINT('',#12500);
#3311=VERTEX_POINT('',#12502);
#3312=VERTEX_POINT('',#12504);
#3313=VERTEX_POINT('',#12508);
#3314=VERTEX_POINT('',#12510);
#3315=VERTEX_POINT('',#12514);
#3316=VERTEX_POINT('',#12516);
#3317=VERTEX_POINT('',#12520);
#3318=VERTEX_POINT('',#12522);
#3319=VERTEX_POINT('',#12526);
#3320=VERTEX_POINT('',#12528);
#3321=VERTEX_POINT('',#12532);
#3322=VERTEX_POINT('',#12534);
#3323=VERTEX_POINT('',#12536);
#3324=VERTEX_POINT('',#12538);
#3325=VERTEX_POINT('',#12540);
#3326=VERTEX_POINT('',#12542);
#3327=VERTEX_POINT('',#12544);
#3328=VERTEX_POINT('',#12547);
#3329=VERTEX_POINT('',#12551);
#3330=VERTEX_POINT('',#12553);
#3331=VERTEX_POINT('',#12556);
#3332=VERTEX_POINT('',#12558);
#3333=VERTEX_POINT('',#12560);
#3334=VERTEX_POINT('',#12562);
#3335=VERTEX_POINT('',#12564);
#3336=VERTEX_POINT('',#12566);
#3337=VERTEX_POINT('',#12570);
#3338=VERTEX_POINT('',#12572);
#3339=VERTEX_POINT('',#12574);
#3340=VERTEX_POINT('',#12577);
#3341=VERTEX_POINT('',#12581);
#3342=VERTEX_POINT('',#12583);
#3343=VERTEX_POINT('',#12587);
#3344=VERTEX_POINT('',#12589);
#3345=VERTEX_POINT('',#12593);
#3346=VERTEX_POINT('',#12594);
#3347=VERTEX_POINT('',#12596);
#3348=VERTEX_POINT('',#12598);
#3349=VERTEX_POINT('',#12602);
#3350=VERTEX_POINT('',#12603);
#3351=VERTEX_POINT('',#12605);
#3352=VERTEX_POINT('',#12607);
#3353=VERTEX_POINT('',#12611);
#3354=VERTEX_POINT('',#12612);
#3355=VERTEX_POINT('',#12614);
#3356=VERTEX_POINT('',#12616);
#3357=VERTEX_POINT('',#12620);
#3358=VERTEX_POINT('',#12621);
#3359=VERTEX_POINT('',#12623);
#3360=VERTEX_POINT('',#12625);
#3361=VERTEX_POINT('',#12629);
#3362=VERTEX_POINT('',#12631);
#3363=VERTEX_POINT('',#12634);
#3364=VERTEX_POINT('',#12635);
#3365=VERTEX_POINT('',#12637);
#3366=VERTEX_POINT('',#12639);
#3367=VERTEX_POINT('',#12641);
#3368=VERTEX_POINT('',#12643);
#3369=VERTEX_POINT('',#12645);
#3370=VERTEX_POINT('',#12647);
#3371=VERTEX_POINT('',#12651);
#3372=VERTEX_POINT('',#12652);
#3373=VERTEX_POINT('',#12657);
#3374=VERTEX_POINT('',#12658);
#3375=VERTEX_POINT('',#12660);
#3376=VERTEX_POINT('',#12662);
#3377=VERTEX_POINT('',#12666);
#3378=VERTEX_POINT('',#12667);
#3379=VERTEX_POINT('',#12669);
#3380=VERTEX_POINT('',#12671);
#3381=VERTEX_POINT('',#12675);
#3382=VERTEX_POINT('',#12676);
#3383=VERTEX_POINT('',#12678);
#3384=VERTEX_POINT('',#12680);
#3385=VERTEX_POINT('',#12682);
#3386=VERTEX_POINT('',#12684);
#3387=VERTEX_POINT('',#12686);
#3388=VERTEX_POINT('',#12688);
#3389=VERTEX_POINT('',#12690);
#3390=VERTEX_POINT('',#12692);
#3391=VERTEX_POINT('',#12694);
#3392=VERTEX_POINT('',#12696);
#3393=VERTEX_POINT('',#12698);
#3394=VERTEX_POINT('',#12700);
#3395=VERTEX_POINT('',#12702);
#3396=VERTEX_POINT('',#12704);
#3397=VERTEX_POINT('',#12706);
#3398=VERTEX_POINT('',#12708);
#3399=VERTEX_POINT('',#12710);
#3400=VERTEX_POINT('',#12712);
#3401=VERTEX_POINT('',#12716);
#3402=VERTEX_POINT('',#12717);
#3403=VERTEX_POINT('',#12719);
#3404=VERTEX_POINT('',#12721);
#3405=VERTEX_POINT('',#12725);
#3406=VERTEX_POINT('',#12726);
#3407=VERTEX_POINT('',#12728);
#3408=VERTEX_POINT('',#12730);
#3409=VERTEX_POINT('',#12732);
#3410=VERTEX_POINT('',#12734);
#3411=VERTEX_POINT('',#12736);
#3412=VERTEX_POINT('',#12738);
#3413=VERTEX_POINT('',#12740);
#3414=VERTEX_POINT('',#12742);
#3415=VERTEX_POINT('',#12744);
#3416=VERTEX_POINT('',#12746);
#3417=VERTEX_POINT('',#12748);
#3418=VERTEX_POINT('',#12750);
#3419=VERTEX_POINT('',#12752);
#3420=VERTEX_POINT('',#12754);
#3421=VERTEX_POINT('',#12756);
#3422=VERTEX_POINT('',#12758);
#3423=VERTEX_POINT('',#12760);
#3424=VERTEX_POINT('',#12762);
#3425=VERTEX_POINT('',#12766);
#3426=VERTEX_POINT('',#12768);
#3427=VERTEX_POINT('',#12772);
#3428=VERTEX_POINT('',#12774);
#3429=VERTEX_POINT('',#12778);
#3430=VERTEX_POINT('',#12780);
#3431=VERTEX_POINT('',#12784);
#3432=VERTEX_POINT('',#12786);
#3433=VERTEX_POINT('',#12790);
#3434=VERTEX_POINT('',#12792);
#3435=VERTEX_POINT('',#12796);
#3436=VERTEX_POINT('',#12798);
#3437=VERTEX_POINT('',#12802);
#3438=VERTEX_POINT('',#12804);
#3439=VERTEX_POINT('',#12808);
#3440=VERTEX_POINT('',#12810);
#3441=VERTEX_POINT('',#12814);
#3442=VERTEX_POINT('',#12816);
#3443=VERTEX_POINT('',#12820);
#3444=VERTEX_POINT('',#12822);
#3445=VERTEX_POINT('',#12826);
#3446=VERTEX_POINT('',#12828);
#3447=VERTEX_POINT('',#12832);
#3448=VERTEX_POINT('',#12834);
#3449=VERTEX_POINT('',#12838);
#3450=VERTEX_POINT('',#12840);
#3451=VERTEX_POINT('',#12844);
#3452=VERTEX_POINT('',#12846);
#3453=VERTEX_POINT('',#12850);
#3454=VERTEX_POINT('',#12852);
#3455=VERTEX_POINT('',#12856);
#3456=VERTEX_POINT('',#12858);
#3457=VERTEX_POINT('',#12862);
#3458=VERTEX_POINT('',#12864);
#3459=VERTEX_POINT('',#12868);
#3460=VERTEX_POINT('',#12870);
#3461=VERTEX_POINT('',#13181);
#3462=VERTEX_POINT('',#13182);
#3463=VERTEX_POINT('',#13184);
#3464=VERTEX_POINT('',#13186);
#3465=VERTEX_POINT('',#13190);
#3466=VERTEX_POINT('',#13191);
#3467=VERTEX_POINT('',#13193);
#3468=VERTEX_POINT('',#13195);
#3469=VERTEX_POINT('',#13199);
#3470=VERTEX_POINT('',#13200);
#3471=VERTEX_POINT('',#13202);
#3472=VERTEX_POINT('',#13204);
#3473=VERTEX_POINT('',#13208);
#3474=VERTEX_POINT('',#13209);
#3475=VERTEX_POINT('',#13211);
#3476=VERTEX_POINT('',#13213);
#3477=VERTEX_POINT('',#13236);
#3478=VERTEX_POINT('',#13237);
#3479=VERTEX_POINT('',#13239);
#3480=VERTEX_POINT('',#13241);
#3481=VERTEX_POINT('',#13243);
#3482=VERTEX_POINT('',#13245);
#3483=VERTEX_POINT('',#13247);
#3484=VERTEX_POINT('',#13249);
#3485=VERTEX_POINT('',#13251);
#3486=VERTEX_POINT('',#13253);
#3487=VERTEX_POINT('',#13256);
#3488=VERTEX_POINT('',#13257);
#3489=VERTEX_POINT('',#13259);
#3490=VERTEX_POINT('',#13261);
#3491=VERTEX_POINT('',#13265);
#3492=VERTEX_POINT('',#13266);
#3493=VERTEX_POINT('',#13268);
#3494=VERTEX_POINT('',#13270);
#3495=VERTEX_POINT('',#13272);
#3496=VERTEX_POINT('',#13274);
#3497=VERTEX_POINT('',#13276);
#3498=VERTEX_POINT('',#13278);
#3499=VERTEX_POINT('',#13280);
#3500=VERTEX_POINT('',#13282);
#3501=VERTEX_POINT('',#13285);
#3502=VERTEX_POINT('',#13286);
#3503=VERTEX_POINT('',#13288);
#3504=VERTEX_POINT('',#13290);
#3505=VERTEX_POINT('',#13294);
#3506=VERTEX_POINT('',#13295);
#3507=VERTEX_POINT('',#13297);
#3508=VERTEX_POINT('',#13299);
#3509=VERTEX_POINT('',#13303);
#3510=VERTEX_POINT('',#13305);
#3511=VERTEX_POINT('',#13309);
#3512=VERTEX_POINT('',#13311);
#3513=VERTEX_POINT('',#13318);
#3514=VERTEX_POINT('',#13319);
#3515=VERTEX_POINT('',#13321);
#3516=VERTEX_POINT('',#13323);
#3517=VERTEX_POINT('',#13327);
#3518=VERTEX_POINT('',#13329);
#3519=VERTEX_POINT('',#13333);
#3520=VERTEX_POINT('',#13335);
#3521=VERTEX_POINT('',#13339);
#3522=VERTEX_POINT('',#13341);
#3523=VERTEX_POINT('',#13345);
#3524=VERTEX_POINT('',#13347);
#3525=VERTEX_POINT('',#13351);
#3526=VERTEX_POINT('',#13353);
#3527=VERTEX_POINT('',#13357);
#3528=VERTEX_POINT('',#13359);
#3529=VERTEX_POINT('',#13363);
#3530=VERTEX_POINT('',#13365);
#3531=VERTEX_POINT('',#13369);
#3532=VERTEX_POINT('',#13371);
#3533=VERTEX_POINT('',#13375);
#3534=VERTEX_POINT('',#13377);
#3535=VERTEX_POINT('',#13381);
#3536=VERTEX_POINT('',#13383);
#3537=VERTEX_POINT('',#13387);
#3538=VERTEX_POINT('',#13389);
#3539=VERTEX_POINT('',#13393);
#3540=VERTEX_POINT('',#13395);
#3541=EDGE_CURVE('',#2949,#2950,#1813,.T.);
#3542=EDGE_CURVE('',#2951,#2949,#1814,.T.);
#3543=EDGE_CURVE('',#2952,#2951,#1369,.T.);
#3544=EDGE_CURVE('',#2953,#2952,#1815,.T.);
#3545=EDGE_CURVE('',#2954,#2953,#1370,.T.);
#3546=EDGE_CURVE('',#2955,#2954,#1816,.T.);
#3547=EDGE_CURVE('',#2955,#2956,#1817,.T.);
#3548=EDGE_CURVE('',#2957,#2956,#1818,.T.);
#3549=EDGE_CURVE('',#2958,#2957,#1371,.T.);
#3550=EDGE_CURVE('',#2959,#2958,#1819,.T.);
#3551=EDGE_CURVE('',#2960,#2959,#1372,.T.);
#3552=EDGE_CURVE('',#2950,#2960,#1820,.T.);
#3553=EDGE_CURVE('',#2961,#2962,#1821,.T.);
#3554=EDGE_CURVE('',#2962,#2963,#1822,.T.);
#3555=EDGE_CURVE('',#2963,#2964,#1823,.T.);
#3556=EDGE_CURVE('',#2964,#2961,#1824,.T.);
#3557=EDGE_CURVE('',#2965,#2965,#1373,.T.);
#3558=EDGE_CURVE('',#2966,#2966,#1374,.T.);
#3559=EDGE_CURVE('',#2966,#2967,#1825,.T.);
#3560=EDGE_CURVE('',#2967,#2967,#1375,.F.);
#3561=EDGE_CURVE('',#2965,#2968,#1826,.T.);
#3562=EDGE_CURVE('',#2968,#2968,#1376,.F.);
#3563=EDGE_CURVE('',#2969,#2970,#1827,.F.);
#3564=EDGE_CURVE('',#2961,#2969,#1828,.T.);
#3565=EDGE_CURVE('',#2964,#2970,#1829,.T.);
#3566=EDGE_CURVE('',#2970,#2971,#1830,.F.);
#3567=EDGE_CURVE('',#2963,#2971,#1831,.T.);
#3568=EDGE_CURVE('',#2971,#2972,#1832,.F.);
#3569=EDGE_CURVE('',#2962,#2972,#1833,.T.);
#3570=EDGE_CURVE('',#2972,#2969,#1834,.F.);
#3571=EDGE_CURVE('',#2960,#2973,#1835,.T.);
#3572=EDGE_CURVE('',#2974,#2973,#1836,.T.);
#3573=EDGE_CURVE('',#2950,#2974,#1837,.T.);
#3574=EDGE_CURVE('',#2959,#2975,#1838,.T.);
#3575=EDGE_CURVE('',#2973,#2975,#1377,.T.);
#3576=EDGE_CURVE('',#2958,#2976,#1839,.T.);
#3577=EDGE_CURVE('',#2975,#2976,#1840,.T.);
#3578=EDGE_CURVE('',#2957,#2977,#1841,.T.);
#3579=EDGE_CURVE('',#2976,#2977,#1378,.T.);
#3580=EDGE_CURVE('',#2956,#2978,#1842,.T.);
#3581=EDGE_CURVE('',#2977,#2978,#1843,.T.);
#3582=EDGE_CURVE('',#2979,#2980,#1844,.T.);
#3583=EDGE_CURVE('',#2981,#2980,#1379,.T.);
#3584=EDGE_CURVE('',#2956,#2981,#201,.T.);
#3585=EDGE_CURVE('',#2982,#2955,#202,.T.);
#3586=EDGE_CURVE('',#2979,#2982,#1380,.T.);
#3587=EDGE_CURVE('',#2954,#2983,#1845,.T.);
#3588=EDGE_CURVE('',#2984,#2983,#1846,.T.);
#3589=EDGE_CURVE('',#2955,#2984,#1847,.T.);
#3590=EDGE_CURVE('',#2953,#2985,#1848,.T.);
#3591=EDGE_CURVE('',#2983,#2985,#1381,.T.);
#3592=EDGE_CURVE('',#2952,#2986,#1849,.T.);
#3593=EDGE_CURVE('',#2985,#2986,#1850,.T.);
#3594=EDGE_CURVE('',#2951,#2987,#1851,.T.);
#3595=EDGE_CURVE('',#2986,#2987,#1382,.T.);
#3596=EDGE_CURVE('',#2949,#2988,#1852,.T.);
#3597=EDGE_CURVE('',#2987,#2988,#1853,.T.);
#3598=EDGE_CURVE('',#2989,#2990,#1854,.T.);
#3599=EDGE_CURVE('',#2991,#2989,#1383,.T.);
#3600=EDGE_CURVE('',#2949,#2991,#203,.T.);
#3601=EDGE_CURVE('',#2992,#2950,#204,.T.);
#3602=EDGE_CURVE('',#2990,#2992,#1384,.T.);
#3603=EDGE_CURVE('',#2988,#2974,#1855,.T.);
#3604=EDGE_CURVE('',#2984,#2978,#1856,.T.);
#3605=EDGE_CURVE('',#2978,#2993,#205,.T.);
#3606=EDGE_CURVE('',#2981,#2993,#1857,.T.);
#3607=EDGE_CURVE('',#2994,#2995,#1385,.T.);
#3608=EDGE_CURVE('',#2994,#2979,#1858,.T.);
#3609=EDGE_CURVE('',#2982,#2995,#1859,.T.);
#3610=EDGE_CURVE('',#2995,#2984,#206,.T.);
#3611=EDGE_CURVE('',#2996,#2980,#1860,.T.);
#3612=EDGE_CURVE('',#2993,#2996,#1386,.T.);
#3613=EDGE_CURVE('',#2997,#2979,#1861,.T.);
#3614=EDGE_CURVE('',#2998,#2997,#1862,.T.);
#3615=EDGE_CURVE('',#2999,#2998,#1863,.T.);
#3616=EDGE_CURVE('',#2999,#3000,#1864,.T.);
#3617=EDGE_CURVE('',#3001,#3000,#1865,.T.);
#3618=EDGE_CURVE('',#3002,#3001,#1866,.T.);
#3619=EDGE_CURVE('',#3003,#3002,#1867,.T.);
#3620=EDGE_CURVE('',#3004,#3003,#1868,.T.);
#3621=EDGE_CURVE('',#3005,#3004,#1869,.T.);
#3622=EDGE_CURVE('',#3005,#3006,#1870,.T.);
#3623=EDGE_CURVE('',#3007,#3006,#1871,.T.);
#3624=EDGE_CURVE('',#3008,#3007,#1872,.T.);
#3625=EDGE_CURVE('',#2980,#3008,#1873,.T.);
#3626=EDGE_CURVE('',#3009,#2990,#1874,.T.);
#3627=EDGE_CURVE('',#3010,#3009,#1875,.T.);
#3628=EDGE_CURVE('',#3011,#3010,#1876,.T.);
#3629=EDGE_CURVE('',#3012,#3011,#1877,.T.);
#3630=EDGE_CURVE('',#3013,#3012,#1878,.T.);
#3631=EDGE_CURVE('',#3014,#3013,#1879,.T.);
#3632=EDGE_CURVE('',#3015,#3014,#1880,.T.);
#3633=EDGE_CURVE('',#3016,#3015,#1881,.T.);
#3634=EDGE_CURVE('',#3017,#3016,#1882,.T.);
#3635=EDGE_CURVE('',#3018,#3017,#1883,.T.);
#3636=EDGE_CURVE('',#3019,#3018,#1884,.T.);
#3637=EDGE_CURVE('',#3020,#3019,#1885,.T.);
#3638=EDGE_CURVE('',#2989,#3020,#1886,.T.);
#3639=EDGE_CURVE('',#2994,#2996,#1887,.T.);
#3640=EDGE_CURVE('',#3021,#3022,#1888,.T.);
#3641=EDGE_CURVE('',#3022,#3023,#1387,.T.);
#3642=EDGE_CURVE('',#3023,#2974,#207,.T.);
#3643=EDGE_CURVE('',#2988,#3024,#208,.T.);
#3644=EDGE_CURVE('',#3024,#3021,#1388,.T.);
#3645=EDGE_CURVE('',#3025,#2994,#1889,.T.);
#3646=EDGE_CURVE('',#2997,#3025,#1890,.T.);
#3647=EDGE_CURVE('',#3008,#3026,#1891,.T.);
#3648=EDGE_CURVE('',#2996,#3026,#1892,.T.);
#3649=EDGE_CURVE('',#3007,#3027,#1893,.T.);
#3650=EDGE_CURVE('',#3026,#3027,#1894,.T.);
#3651=EDGE_CURVE('',#3028,#3006,#1895,.T.);
#3652=EDGE_CURVE('',#3027,#3028,#1896,.T.);
#3653=EDGE_CURVE('',#3029,#3030,#1897,.T.);
#3654=EDGE_CURVE('',#3006,#3030,#1389,.T.);
#3655=EDGE_CURVE('',#3029,#3005,#1390,.T.);
#3656=EDGE_CURVE('',#3004,#3031,#1898,.T.);
#3657=EDGE_CURVE('',#3032,#3031,#1899,.T.);
#3658=EDGE_CURVE('',#3005,#3032,#1900,.T.);
#3659=EDGE_CURVE('',#3003,#3033,#1901,.T.);
#3660=EDGE_CURVE('',#3031,#3033,#1902,.T.);
#3661=EDGE_CURVE('',#3002,#3034,#1903,.T.);
#3662=EDGE_CURVE('',#3033,#3034,#1904,.T.);
#3663=EDGE_CURVE('',#3001,#3035,#1905,.T.);
#3664=EDGE_CURVE('',#3034,#3035,#1906,.T.);
#3665=EDGE_CURVE('',#3000,#3036,#1907,.T.);
#3666=EDGE_CURVE('',#3035,#3036,#1908,.T.);
#3667=EDGE_CURVE('',#3037,#3038,#1909,.T.);
#3668=EDGE_CURVE('',#3000,#3038,#1391,.T.);
#3669=EDGE_CURVE('',#3037,#2999,#1392,.T.);
#3670=EDGE_CURVE('',#3039,#2999,#1910,.T.);
#3671=EDGE_CURVE('',#2998,#3040,#1911,.T.);
#3672=EDGE_CURVE('',#3039,#3040,#1912,.T.);
#3673=EDGE_CURVE('',#3040,#3025,#1913,.T.);
#3674=EDGE_CURVE('',#3022,#2990,#1914,.T.);
#3675=EDGE_CURVE('',#3041,#3022,#1915,.T.);
#3676=EDGE_CURVE('',#3009,#3041,#1916,.T.);
#3677=EDGE_CURVE('',#3021,#2989,#1917,.T.);
#3678=EDGE_CURVE('',#3020,#3042,#1918,.T.);
#3679=EDGE_CURVE('',#3021,#3042,#1919,.T.);
#3680=EDGE_CURVE('',#3019,#3043,#1920,.T.);
#3681=EDGE_CURVE('',#3042,#3043,#1921,.T.);
#3682=EDGE_CURVE('',#3044,#3018,#1922,.T.);
#3683=EDGE_CURVE('',#3043,#3044,#1923,.T.);
#3684=EDGE_CURVE('',#3045,#3046,#1924,.T.);
#3685=EDGE_CURVE('',#3018,#3045,#1393,.T.);
#3686=EDGE_CURVE('',#3046,#3017,#1394,.T.);
#3687=EDGE_CURVE('',#3016,#3047,#1925,.T.);
#3688=EDGE_CURVE('',#3048,#3047,#1926,.T.);
#3689=EDGE_CURVE('',#3017,#3048,#1927,.T.);
#3690=EDGE_CURVE('',#3015,#3049,#1928,.T.);
#3691=EDGE_CURVE('',#3047,#3049,#1929,.T.);
#3692=EDGE_CURVE('',#3014,#3050,#1930,.T.);
#3693=EDGE_CURVE('',#3049,#3050,#1931,.T.);
#3694=EDGE_CURVE('',#3013,#3051,#1932,.T.);
#3695=EDGE_CURVE('',#3050,#3051,#1933,.T.);
#3696=EDGE_CURVE('',#3012,#3052,#1934,.T.);
#3697=EDGE_CURVE('',#3051,#3052,#1935,.T.);
#3698=EDGE_CURVE('',#3053,#3054,#1936,.T.);
#3699=EDGE_CURVE('',#3012,#3053,#1395,.T.);
#3700=EDGE_CURVE('',#3054,#3011,#1396,.T.);
#3701=EDGE_CURVE('',#3055,#3011,#1937,.T.);
#3702=EDGE_CURVE('',#3010,#3056,#1938,.T.);
#3703=EDGE_CURVE('',#3055,#3056,#1939,.T.);
#3704=EDGE_CURVE('',#3056,#3041,#1940,.T.);
#3705=EDGE_CURVE('',#3032,#3028,#1941,.T.);
#3706=EDGE_CURVE('',#3039,#3036,#1942,.T.);
#3707=EDGE_CURVE('',#3044,#3048,#1943,.T.);
#3708=EDGE_CURVE('',#3052,#3055,#1944,.T.);
#3709=EDGE_CURVE('',#3057,#3030,#1945,.T.);
#3710=EDGE_CURVE('',#3028,#3057,#1397,.T.);
#3711=EDGE_CURVE('',#3058,#3032,#1398,.T.);
#3712=EDGE_CURVE('',#3058,#3029,#1946,.T.);
#3713=EDGE_CURVE('',#3059,#3029,#1947,.T.);
#3714=EDGE_CURVE('',#3060,#3059,#1948,.T.);
#3715=EDGE_CURVE('',#3030,#3060,#1949,.T.);
#3716=EDGE_CURVE('',#3061,#3038,#1950,.T.);
#3717=EDGE_CURVE('',#3036,#3061,#1399,.T.);
#3718=EDGE_CURVE('',#3062,#3039,#1400,.T.);
#3719=EDGE_CURVE('',#3062,#3037,#1951,.T.);
#3720=EDGE_CURVE('',#3063,#3037,#1952,.T.);
#3721=EDGE_CURVE('',#3064,#3063,#1953,.T.);
#3722=EDGE_CURVE('',#3038,#3064,#1954,.T.);
#3723=EDGE_CURVE('',#3065,#3045,#1955,.T.);
#3724=EDGE_CURVE('',#3044,#3065,#1401,.T.);
#3725=EDGE_CURVE('',#3066,#3048,#1402,.T.);
#3726=EDGE_CURVE('',#3066,#3046,#1956,.T.);
#3727=EDGE_CURVE('',#3067,#3046,#1957,.T.);
#3728=EDGE_CURVE('',#3068,#3067,#1958,.T.);
#3729=EDGE_CURVE('',#3045,#3068,#1959,.T.);
#3730=EDGE_CURVE('',#3069,#3053,#1960,.T.);
#3731=EDGE_CURVE('',#3052,#3069,#1403,.T.);
#3732=EDGE_CURVE('',#3070,#3055,#1404,.T.);
#3733=EDGE_CURVE('',#3070,#3054,#1961,.T.);
#3734=EDGE_CURVE('',#3071,#3054,#1962,.T.);
#3735=EDGE_CURVE('',#3072,#3071,#1963,.T.);
#3736=EDGE_CURVE('',#3053,#3072,#1964,.T.);
#3737=EDGE_CURVE('',#3062,#3061,#1965,.T.);
#3738=EDGE_CURVE('',#3058,#3057,#1966,.T.);
#3739=EDGE_CURVE('',#3069,#3070,#1967,.T.);
#3740=EDGE_CURVE('',#3065,#3066,#1968,.T.);
#3741=EDGE_CURVE('',#3060,#3073,#1969,.T.);
#3742=EDGE_CURVE('',#3057,#3073,#1970,.T.);
#3743=EDGE_CURVE('',#3074,#3058,#1971,.T.);
#3744=EDGE_CURVE('',#3059,#3074,#1972,.T.);
#3745=EDGE_CURVE('',#3073,#3074,#1973,.T.);
#3746=EDGE_CURVE('',#3064,#3075,#1974,.T.);
#3747=EDGE_CURVE('',#3061,#3075,#1975,.T.);
#3748=EDGE_CURVE('',#3076,#3062,#1976,.T.);
#3749=EDGE_CURVE('',#3063,#3076,#1977,.T.);
#3750=EDGE_CURVE('',#3075,#3076,#1978,.T.);
#3751=EDGE_CURVE('',#3068,#3077,#1979,.T.);
#3752=EDGE_CURVE('',#3065,#3077,#1980,.T.);
#3753=EDGE_CURVE('',#3078,#3066,#1981,.T.);
#3754=EDGE_CURVE('',#3067,#3078,#1982,.T.);
#3755=EDGE_CURVE('',#3077,#3078,#1983,.T.);
#3756=EDGE_CURVE('',#3072,#3079,#1984,.T.);
#3757=EDGE_CURVE('',#3069,#3079,#1985,.T.);
#3758=EDGE_CURVE('',#3080,#3070,#1986,.T.);
#3759=EDGE_CURVE('',#3071,#3080,#1987,.T.);
#3760=EDGE_CURVE('',#3079,#3080,#1988,.T.);
#3761=EDGE_CURVE('',#2992,#3023,#1989,.T.);
#3762=EDGE_CURVE('',#2991,#3024,#1990,.T.);
#3763=EDGE_CURVE('',#3081,#3082,#1991,.T.);
#3764=EDGE_CURVE('',#3083,#3081,#1992,.T.);
#3765=EDGE_CURVE('',#3084,#3083,#1405,.T.);
#3766=EDGE_CURVE('',#3085,#3084,#1993,.T.);
#3767=EDGE_CURVE('',#3086,#3085,#1406,.T.);
#3768=EDGE_CURVE('',#3087,#3086,#1994,.T.);
#3769=EDGE_CURVE('',#3088,#3087,#1995,.T.);
#3770=EDGE_CURVE('',#3089,#3088,#1996,.T.);
#3771=EDGE_CURVE('',#3090,#3089,#1407,.T.);
#3772=EDGE_CURVE('',#3091,#3090,#1997,.T.);
#3773=EDGE_CURVE('',#3092,#3091,#1408,.T.);
#3774=EDGE_CURVE('',#3093,#3092,#1998,.T.);
#3775=EDGE_CURVE('',#3094,#3093,#1409,.T.);
#3776=EDGE_CURVE('',#3095,#3094,#1999,.T.);
#3777=EDGE_CURVE('',#3096,#3095,#1410,.T.);
#3778=EDGE_CURVE('',#3097,#3096,#2000,.T.);
#3779=EDGE_CURVE('',#3098,#3097,#2001,.T.);
#3780=EDGE_CURVE('',#3099,#3098,#2002,.T.);
#3781=EDGE_CURVE('',#3100,#3099,#1411,.T.);
#3782=EDGE_CURVE('',#3101,#3100,#2003,.T.);
#3783=EDGE_CURVE('',#3102,#3101,#1412,.T.);
#3784=EDGE_CURVE('',#3103,#3102,#2004,.T.);
#3785=EDGE_CURVE('',#3104,#3103,#2005,.T.);
#3786=EDGE_CURVE('',#3105,#3104,#2006,.T.);
#3787=EDGE_CURVE('',#3106,#3105,#1413,.T.);
#3788=EDGE_CURVE('',#3107,#3106,#2007,.T.);
#3789=EDGE_CURVE('',#3108,#3107,#1414,.T.);
#3790=EDGE_CURVE('',#3109,#3108,#2008,.T.);
#3791=EDGE_CURVE('',#3110,#3109,#1415,.T.);
#3792=EDGE_CURVE('',#3111,#3110,#2009,.T.);
#3793=EDGE_CURVE('',#3112,#3111,#1416,.T.);
#3794=EDGE_CURVE('',#3082,#3112,#2010,.T.);
#3795=EDGE_CURVE('',#3113,#3114,#2011,.T.);
#3796=EDGE_CURVE('',#3114,#3115,#1417,.T.);
#3797=EDGE_CURVE('',#3115,#3116,#2012,.T.);
#3798=EDGE_CURVE('',#3116,#3117,#1418,.T.);
#3799=EDGE_CURVE('',#3117,#3118,#2013,.T.);
#3800=EDGE_CURVE('',#3118,#3119,#1419,.T.);
#3801=EDGE_CURVE('',#3119,#3120,#2014,.T.);
#3802=EDGE_CURVE('',#3120,#3113,#1420,.T.);
#3803=EDGE_CURVE('',#3121,#3122,#2015,.T.);
#3804=EDGE_CURVE('',#3122,#3123,#1421,.T.);
#3805=EDGE_CURVE('',#3123,#3124,#2016,.T.);
#3806=EDGE_CURVE('',#3124,#3125,#1422,.T.);
#3807=EDGE_CURVE('',#3125,#3126,#2017,.T.);
#3808=EDGE_CURVE('',#3126,#3127,#1423,.T.);
#3809=EDGE_CURVE('',#3127,#3128,#2018,.T.);
#3810=EDGE_CURVE('',#3128,#3121,#1424,.T.);
#3811=EDGE_CURVE('',#3129,#3130,#2019,.T.);
#3812=EDGE_CURVE('',#3130,#3131,#1425,.T.);
#3813=EDGE_CURVE('',#3131,#3132,#2020,.T.);
#3814=EDGE_CURVE('',#3132,#3133,#1426,.T.);
#3815=EDGE_CURVE('',#3133,#3134,#2021,.T.);
#3816=EDGE_CURVE('',#3134,#3135,#1427,.T.);
#3817=EDGE_CURVE('',#3135,#3136,#2022,.T.);
#3818=EDGE_CURVE('',#3136,#3129,#1428,.T.);
#3819=EDGE_CURVE('',#3137,#3138,#1429,.T.);
#3820=EDGE_CURVE('',#3138,#3139,#2023,.T.);
#3821=EDGE_CURVE('',#3139,#3140,#1430,.T.);
#3822=EDGE_CURVE('',#3140,#3141,#2024,.T.);
#3823=EDGE_CURVE('',#3141,#3142,#2025,.T.);
#3824=EDGE_CURVE('',#3142,#3143,#2026,.T.);
#3825=EDGE_CURVE('',#3143,#3144,#1431,.T.);
#3826=EDGE_CURVE('',#3144,#3145,#2027,.T.);
#3827=EDGE_CURVE('',#3145,#3146,#1432,.T.);
#3828=EDGE_CURVE('',#3146,#3147,#2028,.T.);
#3829=EDGE_CURVE('',#3147,#3148,#1433,.T.);
#3830=EDGE_CURVE('',#3148,#3149,#2029,.T.);
#3831=EDGE_CURVE('',#3149,#3150,#1434,.T.);
#3832=EDGE_CURVE('',#3150,#3151,#2030,.T.);
#3833=EDGE_CURVE('',#3151,#3152,#2031,.T.);
#3834=EDGE_CURVE('',#3152,#3153,#2032,.T.);
#3835=EDGE_CURVE('',#3153,#3154,#1435,.T.);
#3836=EDGE_CURVE('',#3154,#3155,#2033,.T.);
#3837=EDGE_CURVE('',#3155,#3156,#1436,.T.);
#3838=EDGE_CURVE('',#3156,#3157,#2034,.T.);
#3839=EDGE_CURVE('',#3157,#3158,#2035,.T.);
#3840=EDGE_CURVE('',#3158,#3159,#2036,.T.);
#3841=EDGE_CURVE('',#3159,#3160,#1437,.T.);
#3842=EDGE_CURVE('',#3160,#3161,#2037,.T.);
#3843=EDGE_CURVE('',#3161,#3162,#1438,.T.);
#3844=EDGE_CURVE('',#3162,#3163,#2038,.T.);
#3845=EDGE_CURVE('',#3163,#3164,#1439,.T.);
#3846=EDGE_CURVE('',#3164,#3165,#2039,.T.);
#3847=EDGE_CURVE('',#3165,#3166,#1440,.T.);
#3848=EDGE_CURVE('',#3166,#3167,#2040,.T.);
#3849=EDGE_CURVE('',#3167,#3168,#2041,.T.);
#3850=EDGE_CURVE('',#3168,#3137,#2042,.T.);
#3851=EDGE_CURVE('',#3169,#3170,#2043,.F.);
#3852=EDGE_CURVE('',#3170,#3171,#1441,.F.);
#3853=EDGE_CURVE('',#3171,#3172,#2044,.F.);
#3854=EDGE_CURVE('',#3172,#3173,#1442,.F.);
#3855=EDGE_CURVE('',#3173,#3174,#2045,.F.);
#3856=EDGE_CURVE('',#3174,#3175,#1443,.F.);
#3857=EDGE_CURVE('',#3175,#3176,#2046,.F.);
#3858=EDGE_CURVE('',#3176,#3169,#1444,.F.);
#3859=EDGE_CURVE('',#3177,#3178,#2047,.F.);
#3860=EDGE_CURVE('',#3178,#3179,#1445,.F.);
#3861=EDGE_CURVE('',#3179,#3180,#2048,.F.);
#3862=EDGE_CURVE('',#3180,#3181,#1446,.F.);
#3863=EDGE_CURVE('',#3181,#3182,#2049,.F.);
#3864=EDGE_CURVE('',#3182,#3183,#1447,.F.);
#3865=EDGE_CURVE('',#3183,#3184,#2050,.F.);
#3866=EDGE_CURVE('',#3184,#3177,#1448,.F.);
#3867=EDGE_CURVE('',#3185,#3186,#2051,.F.);
#3868=EDGE_CURVE('',#3186,#3187,#1449,.F.);
#3869=EDGE_CURVE('',#3187,#3188,#2052,.F.);
#3870=EDGE_CURVE('',#3188,#3189,#1450,.F.);
#3871=EDGE_CURVE('',#3189,#3190,#2053,.F.);
#3872=EDGE_CURVE('',#3190,#3191,#1451,.F.);
#3873=EDGE_CURVE('',#3191,#3192,#2054,.F.);
#3874=EDGE_CURVE('',#3192,#3185,#1452,.F.);
#3875=EDGE_CURVE('',#3193,#3194,#2055,.F.);
#3876=EDGE_CURVE('',#3195,#3193,#2056,.T.);
#3877=EDGE_CURVE('',#3196,#3195,#2057,.T.);
#3878=EDGE_CURVE('',#3196,#3194,#2058,.T.);
#3879=EDGE_CURVE('',#3194,#3197,#1453,.F.);
#3880=EDGE_CURVE('',#3198,#3196,#1454,.T.);
#3881=EDGE_CURVE('',#3198,#3197,#2059,.T.);
#3882=EDGE_CURVE('',#3197,#3199,#2060,.F.);
#3883=EDGE_CURVE('',#3200,#3198,#2061,.T.);
#3884=EDGE_CURVE('',#3200,#3199,#2062,.T.);
#3885=EDGE_CURVE('',#3199,#3201,#1455,.F.);
#3886=EDGE_CURVE('',#3202,#3200,#1456,.T.);
#3887=EDGE_CURVE('',#3202,#3201,#2063,.T.);
#3888=EDGE_CURVE('',#3201,#3203,#2064,.F.);
#3889=EDGE_CURVE('',#3204,#3202,#2065,.T.);
#3890=EDGE_CURVE('',#3204,#3203,#2066,.T.);
#3891=EDGE_CURVE('',#3203,#3205,#1457,.F.);
#3892=EDGE_CURVE('',#3206,#3204,#1458,.T.);
#3893=EDGE_CURVE('',#3206,#3205,#2067,.T.);
#3894=EDGE_CURVE('',#3205,#3207,#2068,.F.);
#3895=EDGE_CURVE('',#3208,#3206,#2069,.T.);
#3896=EDGE_CURVE('',#3208,#3207,#2070,.T.);
#3897=EDGE_CURVE('',#3207,#3193,#1459,.F.);
#3898=EDGE_CURVE('',#3195,#3208,#1460,.T.);
#3899=EDGE_CURVE('',#3209,#3210,#2071,.F.);
#3900=EDGE_CURVE('',#3211,#3209,#2072,.T.);
#3901=EDGE_CURVE('',#3212,#3211,#2073,.T.);
#3902=EDGE_CURVE('',#3212,#3210,#2074,.T.);
#3903=EDGE_CURVE('',#3210,#3213,#1461,.F.);
#3904=EDGE_CURVE('',#3214,#3212,#1462,.T.);
#3905=EDGE_CURVE('',#3214,#3213,#2075,.T.);
#3906=EDGE_CURVE('',#3213,#3215,#2076,.F.);
#3907=EDGE_CURVE('',#3216,#3214,#2077,.T.);
#3908=EDGE_CURVE('',#3216,#3215,#2078,.T.);
#3909=EDGE_CURVE('',#3215,#3217,#1463,.F.);
#3910=EDGE_CURVE('',#3218,#3216,#1464,.T.);
#3911=EDGE_CURVE('',#3218,#3217,#2079,.T.);
#3912=EDGE_CURVE('',#3217,#3219,#2080,.F.);
#3913=EDGE_CURVE('',#3220,#3218,#2081,.T.);
#3914=EDGE_CURVE('',#3220,#3219,#2082,.T.);
#3915=EDGE_CURVE('',#3219,#3221,#1465,.F.);
#3916=EDGE_CURVE('',#3222,#3220,#1466,.T.);
#3917=EDGE_CURVE('',#3222,#3221,#2083,.T.);
#3918=EDGE_CURVE('',#3221,#3223,#2084,.F.);
#3919=EDGE_CURVE('',#3224,#3222,#2085,.T.);
#3920=EDGE_CURVE('',#3224,#3223,#2086,.T.);
#3921=EDGE_CURVE('',#3223,#3209,#1467,.F.);
#3922=EDGE_CURVE('',#3211,#3224,#1468,.T.);
#3923=EDGE_CURVE('',#3225,#3226,#2087,.F.);
#3924=EDGE_CURVE('',#3227,#3225,#2088,.T.);
#3925=EDGE_CURVE('',#3228,#3227,#2089,.T.);
#3926=EDGE_CURVE('',#3228,#3226,#2090,.T.);
#3927=EDGE_CURVE('',#3226,#3229,#1469,.F.);
#3928=EDGE_CURVE('',#3230,#3228,#1470,.T.);
#3929=EDGE_CURVE('',#3230,#3229,#2091,.T.);
#3930=EDGE_CURVE('',#3229,#3231,#2092,.F.);
#3931=EDGE_CURVE('',#3232,#3230,#2093,.T.);
#3932=EDGE_CURVE('',#3232,#3231,#2094,.T.);
#3933=EDGE_CURVE('',#3231,#3233,#1471,.F.);
#3934=EDGE_CURVE('',#3234,#3232,#1472,.T.);
#3935=EDGE_CURVE('',#3234,#3233,#2095,.T.);
#3936=EDGE_CURVE('',#3233,#3235,#2096,.F.);
#3937=EDGE_CURVE('',#3236,#3234,#2097,.T.);
#3938=EDGE_CURVE('',#3236,#3235,#2098,.T.);
#3939=EDGE_CURVE('',#3235,#3237,#1473,.F.);
#3940=EDGE_CURVE('',#3238,#3236,#1474,.T.);
#3941=EDGE_CURVE('',#3238,#3237,#2099,.T.);
#3942=EDGE_CURVE('',#3237,#3239,#2100,.F.);
#3943=EDGE_CURVE('',#3240,#3238,#2101,.T.);
#3944=EDGE_CURVE('',#3240,#3239,#2102,.T.);
#3945=EDGE_CURVE('',#3239,#3225,#1475,.F.);
#3946=EDGE_CURVE('',#3227,#3240,#1476,.T.);
#3947=EDGE_CURVE('',#3241,#3242,#2103,.T.);
#3948=EDGE_CURVE('',#3243,#3241,#2104,.T.);
#3949=EDGE_CURVE('',#3243,#3244,#2105,.T.);
#3950=EDGE_CURVE('',#3244,#3242,#2106,.T.);
#3951=EDGE_CURVE('',#3245,#3241,#2107,.T.);
#3952=EDGE_CURVE('',#3246,#3245,#2108,.T.);
#3953=EDGE_CURVE('',#3246,#3243,#2109,.T.);
#3954=EDGE_CURVE('',#3247,#3245,#2110,.T.);
#3955=EDGE_CURVE('',#3248,#3247,#2111,.T.);
#3956=EDGE_CURVE('',#3248,#3246,#2112,.T.);
#3957=EDGE_CURVE('',#3249,#3247,#1477,.T.);
#3958=EDGE_CURVE('',#3250,#3249,#2113,.T.);
#3959=EDGE_CURVE('',#3250,#3248,#1478,.T.);
#3960=EDGE_CURVE('',#3251,#3249,#2114,.T.);
#3961=EDGE_CURVE('',#3252,#3251,#2115,.T.);
#3962=EDGE_CURVE('',#3252,#3250,#2116,.T.);
#3963=EDGE_CURVE('',#3253,#3251,#1479,.T.);
#3964=EDGE_CURVE('',#3254,#3253,#2117,.T.);
#3965=EDGE_CURVE('',#3254,#3252,#1480,.T.);
#3966=EDGE_CURVE('',#3255,#3253,#2118,.T.);
#3967=EDGE_CURVE('',#3256,#3255,#2119,.T.);
#3968=EDGE_CURVE('',#3256,#3254,#2120,.T.);
#3969=EDGE_CURVE('',#3257,#3255,#1481,.T.);
#3970=EDGE_CURVE('',#3258,#3257,#2121,.T.);
#3971=EDGE_CURVE('',#3258,#3256,#1482,.T.);
#3972=EDGE_CURVE('',#3259,#3257,#2122,.T.);
#3973=EDGE_CURVE('',#3260,#3259,#2123,.T.);
#3974=EDGE_CURVE('',#3260,#3258,#2124,.T.);
#3975=EDGE_CURVE('',#3261,#3259,#1483,.T.);
#3976=EDGE_CURVE('',#3262,#3261,#2125,.T.);
#3977=EDGE_CURVE('',#3262,#3260,#1484,.T.);
#3978=EDGE_CURVE('',#3263,#3261,#2126,.T.);
#3979=EDGE_CURVE('',#3264,#3263,#2127,.T.);
#3980=EDGE_CURVE('',#3264,#3262,#2128,.T.);
#3981=EDGE_CURVE('',#3265,#3263,#2129,.T.);
#3982=EDGE_CURVE('',#3266,#3265,#2130,.T.);
#3983=EDGE_CURVE('',#3266,#3264,#2131,.T.);
#3984=EDGE_CURVE('',#3267,#3265,#2132,.T.);
#3985=EDGE_CURVE('',#3268,#3267,#2133,.T.);
#3986=EDGE_CURVE('',#3268,#3266,#2134,.T.);
#3987=EDGE_CURVE('',#3269,#3267,#1485,.T.);
#3988=EDGE_CURVE('',#3270,#3269,#2135,.T.);
#3989=EDGE_CURVE('',#3270,#3268,#1486,.T.);
#3990=EDGE_CURVE('',#3271,#3269,#2136,.T.);
#3991=EDGE_CURVE('',#3272,#3271,#2137,.T.);
#3992=EDGE_CURVE('',#3272,#3270,#2138,.T.);
#3993=EDGE_CURVE('',#3273,#3271,#1487,.T.);
#3994=EDGE_CURVE('',#3274,#3273,#2139,.T.);
#3995=EDGE_CURVE('',#3274,#3272,#1488,.T.);
#3996=EDGE_CURVE('',#3275,#3273,#2140,.T.);
#3997=EDGE_CURVE('',#3276,#3275,#2141,.T.);
#3998=EDGE_CURVE('',#3276,#3274,#2142,.T.);
#3999=EDGE_CURVE('',#3277,#3275,#2143,.T.);
#4000=EDGE_CURVE('',#3278,#3277,#2144,.T.);
#4001=EDGE_CURVE('',#3278,#3276,#2145,.T.);
#4002=EDGE_CURVE('',#3279,#3277,#2146,.T.);
#4003=EDGE_CURVE('',#3280,#3279,#2147,.T.);
#4004=EDGE_CURVE('',#3280,#3278,#2148,.T.);
#4005=EDGE_CURVE('',#3281,#3279,#1489,.T.);
#4006=EDGE_CURVE('',#3282,#3281,#2149,.T.);
#4007=EDGE_CURVE('',#3282,#3280,#1490,.T.);
#4008=EDGE_CURVE('',#3283,#3281,#2150,.T.);
#4009=EDGE_CURVE('',#3284,#3283,#2151,.T.);
#4010=EDGE_CURVE('',#3284,#3282,#2152,.T.);
#4011=EDGE_CURVE('',#3285,#3283,#1491,.T.);
#4012=EDGE_CURVE('',#3286,#3285,#2153,.T.);
#4013=EDGE_CURVE('',#3286,#3284,#1492,.T.);
#4014=EDGE_CURVE('',#3287,#3285,#2154,.T.);
#4015=EDGE_CURVE('',#3288,#3287,#2155,.T.);
#4016=EDGE_CURVE('',#3288,#3286,#2156,.T.);
#4017=EDGE_CURVE('',#3289,#3287,#1493,.T.);
#4018=EDGE_CURVE('',#3290,#3289,#2157,.T.);
#4019=EDGE_CURVE('',#3290,#3288,#1494,.T.);
#4020=EDGE_CURVE('',#3291,#3289,#2158,.T.);
#4021=EDGE_CURVE('',#3292,#3291,#2159,.T.);
#4022=EDGE_CURVE('',#3292,#3290,#2160,.T.);
#4023=EDGE_CURVE('',#3293,#3291,#1495,.T.);
#4024=EDGE_CURVE('',#3294,#3293,#2161,.T.);
#4025=EDGE_CURVE('',#3294,#3292,#1496,.T.);
#4026=EDGE_CURVE('',#3295,#3293,#2162,.T.);
#4027=EDGE_CURVE('',#3296,#3295,#2163,.T.);
#4028=EDGE_CURVE('',#3296,#3294,#2164,.T.);
#4029=EDGE_CURVE('',#3297,#3295,#2165,.T.);
#4030=EDGE_CURVE('',#3298,#3297,#2166,.T.);
#4031=EDGE_CURVE('',#3298,#3296,#2167,.T.);
#4032=EDGE_CURVE('',#3299,#3297,#2168,.T.);
#4033=EDGE_CURVE('',#3300,#3299,#2169,.T.);
#4034=EDGE_CURVE('',#3300,#3298,#2170,.T.);
#4035=EDGE_CURVE('',#3301,#3299,#1497,.T.);
#4036=EDGE_CURVE('',#3302,#3301,#2171,.T.);
#4037=EDGE_CURVE('',#3302,#3300,#1498,.T.);
#4038=EDGE_CURVE('',#3303,#3301,#2172,.T.);
#4039=EDGE_CURVE('',#3304,#3303,#2173,.T.);
#4040=EDGE_CURVE('',#3304,#3302,#2174,.T.);
#4041=EDGE_CURVE('',#3242,#3303,#1499,.T.);
#4042=EDGE_CURVE('',#3244,#3304,#1500,.T.);
#4043=EDGE_CURVE('',#3081,#3298,#143,.F.);
#4044=EDGE_CURVE('',#3082,#3296,#144,.F.);
#4045=EDGE_CURVE('',#3112,#3294,#1501,.F.);
#4046=EDGE_CURVE('',#3111,#3292,#1502,.F.);
#4047=EDGE_CURVE('',#3110,#3290,#1503,.F.);
#4048=EDGE_CURVE('',#3109,#3288,#1504,.F.);
#4049=EDGE_CURVE('',#3108,#3286,#1505,.F.);
#4050=EDGE_CURVE('',#3107,#3284,#1506,.F.);
#4051=EDGE_CURVE('',#3106,#3282,#1507,.F.);
#4052=EDGE_CURVE('',#3105,#3280,#1508,.F.);
#4053=EDGE_CURVE('',#3104,#3278,#145,.F.);
#4054=EDGE_CURVE('',#3103,#3276,#146,.F.);
#4055=EDGE_CURVE('',#3102,#3274,#1509,.F.);
#4056=EDGE_CURVE('',#3101,#3272,#1510,.F.);
#4057=EDGE_CURVE('',#3100,#3270,#1511,.F.);
#4058=EDGE_CURVE('',#3099,#3268,#1512,.F.);
#4059=EDGE_CURVE('',#3098,#3266,#147,.F.);
#4060=EDGE_CURVE('',#3097,#3264,#148,.F.);
#4061=EDGE_CURVE('',#3096,#3262,#1513,.F.);
#4062=EDGE_CURVE('',#3095,#3260,#1514,.F.);
#4063=EDGE_CURVE('',#3094,#3258,#1515,.F.);
#4064=EDGE_CURVE('',#3093,#3256,#1516,.F.);
#4065=EDGE_CURVE('',#3092,#3254,#1517,.F.);
#4066=EDGE_CURVE('',#3091,#3252,#1518,.F.);
#4067=EDGE_CURVE('',#3090,#3250,#1519,.F.);
#4068=EDGE_CURVE('',#3089,#3248,#1520,.F.);
#4069=EDGE_CURVE('',#3088,#3246,#149,.F.);
#4070=EDGE_CURVE('',#3087,#3243,#150,.F.);
#4071=EDGE_CURVE('',#3086,#3244,#1521,.F.);
#4072=EDGE_CURVE('',#3085,#3304,#1522,.F.);
#4073=EDGE_CURVE('',#3084,#3302,#1523,.F.);
#4074=EDGE_CURVE('',#3083,#3300,#1524,.F.);
#4075=EDGE_CURVE('',#3303,#3138,#1525,.T.);
#4076=EDGE_CURVE('',#3242,#3137,#1526,.T.);
#4077=EDGE_CURVE('',#3301,#3139,#1527,.T.);
#4078=EDGE_CURVE('',#3299,#3140,#1528,.T.);
#4079=EDGE_CURVE('',#3297,#3141,#151,.T.);
#4080=EDGE_CURVE('',#3295,#3142,#152,.T.);
#4081=EDGE_CURVE('',#3293,#3143,#1529,.T.);
#4082=EDGE_CURVE('',#3291,#3144,#1530,.T.);
#4083=EDGE_CURVE('',#3289,#3145,#1531,.T.);
#4084=EDGE_CURVE('',#3287,#3146,#1532,.T.);
#4085=EDGE_CURVE('',#3285,#3147,#1533,.T.);
#4086=EDGE_CURVE('',#3283,#3148,#1534,.T.);
#4087=EDGE_CURVE('',#3281,#3149,#1535,.T.);
#4088=EDGE_CURVE('',#3279,#3150,#1536,.T.);
#4089=EDGE_CURVE('',#3277,#3151,#153,.T.);
#4090=EDGE_CURVE('',#3275,#3152,#154,.T.);
#4091=EDGE_CURVE('',#3273,#3153,#1537,.T.);
#4092=EDGE_CURVE('',#3271,#3154,#1538,.T.);
#4093=EDGE_CURVE('',#3269,#3155,#1539,.T.);
#4094=EDGE_CURVE('',#3267,#3156,#1540,.T.);
#4095=EDGE_CURVE('',#3265,#3157,#155,.T.);
#4096=EDGE_CURVE('',#3263,#3158,#156,.T.);
#4097=EDGE_CURVE('',#3261,#3159,#1541,.T.);
#4098=EDGE_CURVE('',#3259,#3160,#1542,.T.);
#4099=EDGE_CURVE('',#3257,#3161,#1543,.T.);
#4100=EDGE_CURVE('',#3255,#3162,#1544,.T.);
#4101=EDGE_CURVE('',#3253,#3163,#1545,.T.);
#4102=EDGE_CURVE('',#3251,#3164,#1546,.T.);
#4103=EDGE_CURVE('',#3249,#3165,#1547,.T.);
#4104=EDGE_CURVE('',#3247,#3166,#1548,.T.);
#4105=EDGE_CURVE('',#3245,#3167,#157,.T.);
#4106=EDGE_CURVE('',#3241,#3168,#158,.T.);
#4107=EDGE_CURVE('',#3228,#3121,#1549,.F.);
#4108=EDGE_CURVE('',#3227,#3122,#1550,.F.);
#4109=EDGE_CURVE('',#3240,#3123,#1551,.F.);
#4110=EDGE_CURVE('',#3238,#3124,#1552,.F.);
#4111=EDGE_CURVE('',#3236,#3125,#1553,.F.);
#4112=EDGE_CURVE('',#3234,#3126,#1554,.F.);
#4113=EDGE_CURVE('',#3232,#3127,#1555,.F.);
#4114=EDGE_CURVE('',#3230,#3128,#1556,.F.);
#4115=EDGE_CURVE('',#3212,#3129,#1557,.F.);
#4116=EDGE_CURVE('',#3211,#3130,#1558,.F.);
#4117=EDGE_CURVE('',#3224,#3131,#1559,.F.);
#4118=EDGE_CURVE('',#3222,#3132,#1560,.F.);
#4119=EDGE_CURVE('',#3220,#3133,#1561,.F.);
#4120=EDGE_CURVE('',#3218,#3134,#1562,.F.);
#4121=EDGE_CURVE('',#3216,#3135,#1563,.F.);
#4122=EDGE_CURVE('',#3214,#3136,#1564,.F.);
#4123=EDGE_CURVE('',#3196,#3113,#1565,.F.);
#4124=EDGE_CURVE('',#3195,#3114,#1566,.F.);
#4125=EDGE_CURVE('',#3208,#3115,#1567,.F.);
#4126=EDGE_CURVE('',#3206,#3116,#1568,.F.);
#4127=EDGE_CURVE('',#3204,#3117,#1569,.F.);
#4128=EDGE_CURVE('',#3202,#3118,#1570,.F.);
#4129=EDGE_CURVE('',#3200,#3119,#1571,.F.);
#4130=EDGE_CURVE('',#3198,#3120,#1572,.F.);
#4131=EDGE_CURVE('',#3237,#3177,#1573,.F.);
#4132=EDGE_CURVE('',#3239,#3178,#1574,.F.);
#4133=EDGE_CURVE('',#3225,#3179,#1575,.F.);
#4134=EDGE_CURVE('',#3226,#3180,#1576,.F.);
#4135=EDGE_CURVE('',#3229,#3181,#1577,.F.);
#4136=EDGE_CURVE('',#3231,#3182,#1578,.F.);
#4137=EDGE_CURVE('',#3233,#3183,#1579,.F.);
#4138=EDGE_CURVE('',#3235,#3184,#1580,.F.);
#4139=EDGE_CURVE('',#3221,#3185,#1581,.F.);
#4140=EDGE_CURVE('',#3223,#3186,#1582,.F.);
#4141=EDGE_CURVE('',#3209,#3187,#1583,.F.);
#4142=EDGE_CURVE('',#3210,#3188,#1584,.F.);
#4143=EDGE_CURVE('',#3213,#3189,#1585,.F.);
#4144=EDGE_CURVE('',#3215,#3190,#1586,.F.);
#4145=EDGE_CURVE('',#3217,#3191,#1587,.F.);
#4146=EDGE_CURVE('',#3219,#3192,#1588,.F.);
#4147=EDGE_CURVE('',#3205,#3169,#1589,.F.);
#4148=EDGE_CURVE('',#3207,#3170,#1590,.F.);
#4149=EDGE_CURVE('',#3193,#3171,#1591,.F.);
#4150=EDGE_CURVE('',#3194,#3172,#1592,.F.);
#4151=EDGE_CURVE('',#3197,#3173,#1593,.F.);
#4152=EDGE_CURVE('',#3199,#3174,#1594,.F.);
#4153=EDGE_CURVE('',#3201,#3175,#1595,.F.);
#4154=EDGE_CURVE('',#3203,#3176,#1596,.F.);
#4155=EDGE_CURVE('',#3305,#3306,#2175,.F.);
#4156=EDGE_CURVE('',#3307,#3306,#2176,.T.);
#4157=EDGE_CURVE('',#3307,#3308,#2177,.T.);
#4158=EDGE_CURVE('',#3308,#3305,#2178,.T.);
#4159=EDGE_CURVE('',#3309,#3310,#2179,.F.);
#4160=EDGE_CURVE('',#3310,#3311,#2180,.T.);
#4161=EDGE_CURVE('',#3312,#3311,#2181,.T.);
#4162=EDGE_CURVE('',#3309,#3312,#2182,.T.);
#4163=EDGE_CURVE('',#3306,#3313,#1597,.F.);
#4164=EDGE_CURVE('',#3314,#3313,#2183,.T.);
#4165=EDGE_CURVE('',#3314,#3307,#1598,.T.);
#4166=EDGE_CURVE('',#3315,#3309,#1599,.T.);
#4167=EDGE_CURVE('',#3316,#3312,#1600,.T.);
#4168=EDGE_CURVE('',#3315,#3316,#2184,.T.);
#4169=EDGE_CURVE('',#3317,#3305,#1601,.F.);
#4170=EDGE_CURVE('',#3308,#3318,#1602,.T.);
#4171=EDGE_CURVE('',#3318,#3317,#2185,.T.);
#4172=EDGE_CURVE('',#3310,#3319,#1603,.T.);
#4173=EDGE_CURVE('',#3319,#3320,#2186,.T.);
#4174=EDGE_CURVE('',#3311,#3320,#1604,.T.);
#4175=EDGE_CURVE('',#3321,#3315,#2187,.F.);
#4176=EDGE_CURVE('',#3322,#3316,#2188,.T.);
#4177=EDGE_CURVE('',#3323,#3322,#2189,.T.);
#4178=EDGE_CURVE('',#3323,#3324,#2190,.F.);
#4179=EDGE_CURVE('',#3324,#3325,#2191,.T.);
#4180=EDGE_CURVE('',#3325,#3326,#2192,.F.);
#4181=EDGE_CURVE('',#3327,#3326,#2193,.T.);
#4182=EDGE_CURVE('',#3327,#3314,#2194,.T.);
#4183=EDGE_CURVE('',#3313,#3328,#2195,.F.);
#4184=EDGE_CURVE('',#3328,#3321,#2196,.F.);
#4185=EDGE_CURVE('',#3319,#3329,#2197,.F.);
#4186=EDGE_CURVE('',#3329,#3330,#2198,.F.);
#4187=EDGE_CURVE('',#3330,#3317,#2199,.F.);
#4188=EDGE_CURVE('',#3318,#3331,#2200,.T.);
#4189=EDGE_CURVE('',#3331,#3332,#2201,.T.);
#4190=EDGE_CURVE('',#3332,#3333,#2202,.F.);
#4191=EDGE_CURVE('',#3333,#3334,#2203,.T.);
#4192=EDGE_CURVE('',#3334,#3335,#2204,.F.);
#4193=EDGE_CURVE('',#3335,#3336,#2205,.T.);
#4194=EDGE_CURVE('',#3320,#3336,#2206,.T.);
#4195=EDGE_CURVE('',#3321,#3337,#1605,.F.);
#4196=EDGE_CURVE('',#3338,#3328,#1606,.F.);
#4197=EDGE_CURVE('',#3338,#3339,#2207,.T.);
#4198=EDGE_CURVE('',#3330,#3339,#1607,.F.);
#4199=EDGE_CURVE('',#3340,#3329,#1608,.F.);
#4200=EDGE_CURVE('',#3337,#3340,#2208,.T.);
#4201=EDGE_CURVE('',#3337,#3341,#2209,.F.);
#4202=EDGE_CURVE('',#3342,#3340,#2210,.F.);
#4203=EDGE_CURVE('',#3341,#3342,#2211,.F.);
#4204=EDGE_CURVE('',#3339,#3343,#2212,.F.);
#4205=EDGE_CURVE('',#3344,#3338,#2213,.F.);
#4206=EDGE_CURVE('',#3343,#3344,#2214,.F.);
#4207=EDGE_CURVE('',#3345,#3346,#2215,.T.);
#4208=EDGE_CURVE('',#3347,#3345,#2216,.T.);
#4209=EDGE_CURVE('',#3348,#3347,#2217,.T.);
#4210=EDGE_CURVE('',#3346,#3348,#2218,.T.);
#4211=EDGE_CURVE('',#3349,#3350,#2219,.T.);
#4212=EDGE_CURVE('',#3350,#3351,#2220,.T.);
#4213=EDGE_CURVE('',#3351,#3352,#2221,.T.);
#4214=EDGE_CURVE('',#3352,#3349,#2222,.T.);
#4215=EDGE_CURVE('',#3353,#3354,#2223,.T.);
#4216=EDGE_CURVE('',#3355,#3353,#2224,.T.);
#4217=EDGE_CURVE('',#3355,#3356,#2225,.F.);
#4218=EDGE_CURVE('',#3356,#3354,#2226,.T.);
#4219=EDGE_CURVE('',#3357,#3358,#2227,.F.);
#4220=EDGE_CURVE('',#3359,#3357,#2228,.F.);
#4221=EDGE_CURVE('',#3360,#3359,#2229,.T.);
#4222=EDGE_CURVE('',#3358,#3360,#2230,.F.);
#4223=EDGE_CURVE('',#3361,#3359,#2231,.T.);
#4224=EDGE_CURVE('',#3361,#3362,#2232,.T.);
#4225=EDGE_CURVE('',#3360,#3362,#2233,.T.);
#4226=EDGE_CURVE('',#3363,#3364,#2234,.T.);
#4227=EDGE_CURVE('',#3365,#3363,#1609,.F.);
#4228=EDGE_CURVE('',#3366,#3365,#2235,.T.);
#4229=EDGE_CURVE('',#3367,#3366,#1610,.F.);
#4230=EDGE_CURVE('',#3368,#3367,#2236,.T.);
#4231=EDGE_CURVE('',#3369,#3368,#1611,.F.);
#4232=EDGE_CURVE('',#3370,#3369,#2237,.T.);
#4233=EDGE_CURVE('',#3364,#3370,#1612,.F.);
#4234=EDGE_CURVE('',#3371,#3372,#2238,.F.);
#4235=EDGE_CURVE('',#3362,#3371,#2239,.F.);
#4236=EDGE_CURVE('',#3372,#3361,#2240,.F.);
#4237=EDGE_CURVE('',#3373,#3374,#2241,.T.);
#4238=EDGE_CURVE('',#3374,#3375,#2242,.T.);
#4239=EDGE_CURVE('',#3375,#3376,#2243,.F.);
#4240=EDGE_CURVE('',#3373,#3376,#2244,.T.);
#4241=EDGE_CURVE('',#3377,#3378,#2245,.T.);
#4242=EDGE_CURVE('',#3378,#3379,#2246,.T.);
#4243=EDGE_CURVE('',#3379,#3380,#2247,.T.);
#4244=EDGE_CURVE('',#3377,#3380,#2248,.T.);
#4245=EDGE_CURVE('',#3381,#3382,#2249,.T.);
#4246=EDGE_CURVE('',#3382,#3383,#2250,.T.);
#4247=EDGE_CURVE('',#3383,#3384,#1613,.T.);
#4248=EDGE_CURVE('',#3384,#3385,#2251,.T.);
#4249=EDGE_CURVE('',#3385,#3386,#1614,.T.);
#4250=EDGE_CURVE('',#3386,#3387,#2252,.T.);
#4251=EDGE_CURVE('',#3387,#3388,#1615,.T.);
#4252=EDGE_CURVE('',#3388,#3389,#2253,.T.);
#4253=EDGE_CURVE('',#3389,#3390,#1616,.T.);
#4254=EDGE_CURVE('',#3390,#3391,#2254,.T.);
#4255=EDGE_CURVE('',#3391,#3392,#1617,.T.);
#4256=EDGE_CURVE('',#3392,#3393,#2255,.T.);
#4257=EDGE_CURVE('',#3393,#3394,#1618,.T.);
#4258=EDGE_CURVE('',#3394,#3395,#2256,.T.);
#4259=EDGE_CURVE('',#3395,#3396,#1619,.T.);
#4260=EDGE_CURVE('',#3396,#3397,#2257,.T.);
#4261=EDGE_CURVE('',#3397,#3398,#1620,.T.);
#4262=EDGE_CURVE('',#3398,#3399,#2258,.T.);
#4263=EDGE_CURVE('',#3399,#3400,#1621,.T.);
#4264=EDGE_CURVE('',#3400,#3381,#2259,.T.);
#4265=EDGE_CURVE('',#3401,#3402,#2260,.T.);
#4266=EDGE_CURVE('',#3403,#3402,#2261,.T.);
#4267=EDGE_CURVE('',#3404,#3403,#2262,.T.);
#4268=EDGE_CURVE('',#3404,#3401,#2263,.T.);
#4269=EDGE_CURVE('',#3405,#3406,#2264,.T.);
#4270=EDGE_CURVE('',#3407,#3406,#2265,.T.);
#4271=EDGE_CURVE('',#3408,#3407,#1622,.T.);
#4272=EDGE_CURVE('',#3409,#3408,#2266,.T.);
#4273=EDGE_CURVE('',#3410,#3409,#1623,.T.);
#4274=EDGE_CURVE('',#3411,#3410,#2267,.T.);
#4275=EDGE_CURVE('',#3412,#3411,#1624,.T.);
#4276=EDGE_CURVE('',#3413,#3412,#2268,.T.);
#4277=EDGE_CURVE('',#3414,#3413,#1625,.T.);
#4278=EDGE_CURVE('',#3415,#3414,#2269,.T.);
#4279=EDGE_CURVE('',#3416,#3415,#1626,.T.);
#4280=EDGE_CURVE('',#3417,#3416,#2270,.T.);
#4281=EDGE_CURVE('',#3418,#3417,#1627,.T.);
#4282=EDGE_CURVE('',#3419,#3418,#2271,.T.);
#4283=EDGE_CURVE('',#3420,#3419,#1628,.T.);
#4284=EDGE_CURVE('',#3421,#3420,#2272,.T.);
#4285=EDGE_CURVE('',#3422,#3421,#1629,.T.);
#4286=EDGE_CURVE('',#3423,#3422,#2273,.T.);
#4287=EDGE_CURVE('',#3424,#3423,#1630,.T.);
#4288=EDGE_CURVE('',#3405,#3424,#2274,.T.);
#4289=EDGE_CURVE('',#3380,#3425,#1631,.T.);
#4290=EDGE_CURVE('',#3379,#3426,#1632,.T.);
#4291=EDGE_CURVE('',#3426,#3425,#2275,.T.);
#4292=EDGE_CURVE('',#3425,#3427,#1633,.T.);
#4293=EDGE_CURVE('',#3426,#3428,#1634,.T.);
#4294=EDGE_CURVE('',#3428,#3427,#2276,.T.);
#4295=EDGE_CURVE('',#3427,#3429,#2277,.T.);
#4296=EDGE_CURVE('',#3428,#3430,#2278,.T.);
#4297=EDGE_CURVE('',#3430,#3429,#2279,.T.);
#4298=EDGE_CURVE('',#3429,#3431,#1635,.T.);
#4299=EDGE_CURVE('',#3430,#3432,#1636,.T.);
#4300=EDGE_CURVE('',#3432,#3431,#2280,.T.);
#4301=EDGE_CURVE('',#3431,#3433,#2281,.T.);
#4302=EDGE_CURVE('',#3432,#3434,#2282,.T.);
#4303=EDGE_CURVE('',#3434,#3433,#2283,.T.);
#4304=EDGE_CURVE('',#3433,#3435,#1637,.T.);
#4305=EDGE_CURVE('',#3434,#3436,#1638,.T.);
#4306=EDGE_CURVE('',#3436,#3435,#2284,.T.);
#4307=EDGE_CURVE('',#3435,#3437,#2285,.T.);
#4308=EDGE_CURVE('',#3436,#3438,#2286,.T.);
#4309=EDGE_CURVE('',#3438,#3437,#2287,.T.);
#4310=EDGE_CURVE('',#3437,#3439,#1639,.T.);
#4311=EDGE_CURVE('',#3438,#3440,#1640,.T.);
#4312=EDGE_CURVE('',#3440,#3439,#2288,.T.);
#4313=EDGE_CURVE('',#3439,#3441,#2289,.T.);
#4314=EDGE_CURVE('',#3440,#3442,#2290,.T.);
#4315=EDGE_CURVE('',#3442,#3441,#2291,.T.);
#4316=EDGE_CURVE('',#3441,#3443,#1641,.T.);
#4317=EDGE_CURVE('',#3442,#3444,#1642,.T.);
#4318=EDGE_CURVE('',#3444,#3443,#2292,.T.);
#4319=EDGE_CURVE('',#3443,#3445,#2293,.T.);
#4320=EDGE_CURVE('',#3444,#3446,#2294,.T.);
#4321=EDGE_CURVE('',#3446,#3445,#2295,.T.);
#4322=EDGE_CURVE('',#3445,#3447,#1643,.T.);
#4323=EDGE_CURVE('',#3446,#3448,#1644,.T.);
#4324=EDGE_CURVE('',#3448,#3447,#2296,.T.);
#4325=EDGE_CURVE('',#3447,#3449,#2297,.T.);
#4326=EDGE_CURVE('',#3448,#3450,#2298,.T.);
#4327=EDGE_CURVE('',#3450,#3449,#2299,.T.);
#4328=EDGE_CURVE('',#3449,#3451,#1645,.T.);
#4329=EDGE_CURVE('',#3450,#3452,#1646,.T.);
#4330=EDGE_CURVE('',#3452,#3451,#2300,.T.);
#4331=EDGE_CURVE('',#3451,#3453,#2301,.T.);
#4332=EDGE_CURVE('',#3452,#3454,#2302,.T.);
#4333=EDGE_CURVE('',#3454,#3453,#2303,.T.);
#4334=EDGE_CURVE('',#3453,#3455,#1647,.T.);
#4335=EDGE_CURVE('',#3454,#3456,#1648,.T.);
#4336=EDGE_CURVE('',#3456,#3455,#2304,.T.);
#4337=EDGE_CURVE('',#3455,#3457,#2305,.T.);
#4338=EDGE_CURVE('',#3456,#3458,#2306,.T.);
#4339=EDGE_CURVE('',#3458,#3457,#2307,.T.);
#4340=EDGE_CURVE('',#3457,#3459,#1649,.T.);
#4341=EDGE_CURVE('',#3458,#3460,#1650,.T.);
#4342=EDGE_CURVE('',#3460,#3459,#2308,.T.);
#4343=EDGE_CURVE('',#3459,#3403,#1651,.T.);
#4344=EDGE_CURVE('',#3460,#3404,#1652,.T.);
#4345=EDGE_CURVE('',#3323,#3358,#1653,.F.);
#4346=EDGE_CURVE('',#3360,#3324,#159,.F.);
#4347=EDGE_CURVE('',#3362,#3325,#160,.F.);
#4348=EDGE_CURVE('',#3371,#3326,#1654,.F.);
#4349=EDGE_CURVE('',#3332,#3372,#1655,.F.);
#4350=EDGE_CURVE('',#3361,#3333,#161,.F.);
#4351=EDGE_CURVE('',#3359,#3334,#162,.F.);
#4352=EDGE_CURVE('',#3357,#3335,#1656,.F.);
#4353=EDGE_CURVE('',#3353,#3336,#1657,.F.);
#4354=EDGE_CURVE('',#3335,#3355,#1658,.T.);
#4355=EDGE_CURVE('',#3357,#3355,#1659,.F.);
#4356=EDGE_CURVE('',#3358,#3356,#1660,.F.);
#4357=EDGE_CURVE('',#3323,#3356,#1661,.F.);
#4358=EDGE_CURVE('',#3322,#3354,#1662,.F.);
#4359=EDGE_CURVE('',#3374,#3327,#1663,.F.);
#4360=EDGE_CURVE('',#3326,#3375,#1664,.F.);
#4361=EDGE_CURVE('',#3371,#3375,#1665,.F.);
#4362=EDGE_CURVE('',#3372,#3376,#1666,.F.);
#4363=EDGE_CURVE('',#3332,#3376,#1667,.F.);
#4364=EDGE_CURVE('',#3331,#3373,#1668,.F.);
#4365=EDGE_CURVE('',#3378,#3405,#1669,.F.);
#4366=EDGE_CURVE('',#3424,#3379,#1670,.F.);
#4367=EDGE_CURVE('',#3424,#3426,#1671,.F.);
#4368=EDGE_CURVE('',#3423,#3428,#1672,.F.);
#4369=EDGE_CURVE('',#3422,#3430,#1673,.F.);
#4370=EDGE_CURVE('',#3421,#3432,#1674,.F.);
#4371=EDGE_CURVE('',#3420,#3434,#1675,.F.);
#4372=EDGE_CURVE('',#3419,#3436,#1676,.F.);
#4373=EDGE_CURVE('',#3418,#3438,#1677,.F.);
#4374=EDGE_CURVE('',#3417,#3440,#1678,.F.);
#4375=EDGE_CURVE('',#3416,#3442,#1679,.F.);
#4376=EDGE_CURVE('',#3415,#3444,#1680,.F.);
#4377=EDGE_CURVE('',#3414,#3446,#1681,.F.);
#4378=EDGE_CURVE('',#3413,#3448,#1682,.F.);
#4379=EDGE_CURVE('',#3412,#3450,#1683,.F.);
#4380=EDGE_CURVE('',#3411,#3452,#1684,.F.);
#4381=EDGE_CURVE('',#3410,#3454,#1685,.F.);
#4382=EDGE_CURVE('',#3409,#3456,#1686,.F.);
#4383=EDGE_CURVE('',#3408,#3458,#1687,.F.);
#4384=EDGE_CURVE('',#3407,#3460,#1688,.F.);
#4385=EDGE_CURVE('',#3407,#3404,#1689,.F.);
#4386=EDGE_CURVE('',#3406,#3401,#1690,.F.);
#4387=EDGE_CURVE('',#3382,#3377,#1691,.F.);
#4388=EDGE_CURVE('',#3380,#3383,#1692,.T.);
#4389=EDGE_CURVE('',#3425,#3383,#1693,.T.);
#4390=EDGE_CURVE('',#3427,#3384,#1694,.T.);
#4391=EDGE_CURVE('',#3429,#3385,#1695,.T.);
#4392=EDGE_CURVE('',#3431,#3386,#1696,.T.);
#4393=EDGE_CURVE('',#3433,#3387,#1697,.T.);
#4394=EDGE_CURVE('',#3435,#3388,#1698,.T.);
#4395=EDGE_CURVE('',#3437,#3389,#1699,.T.);
#4396=EDGE_CURVE('',#3439,#3390,#1700,.T.);
#4397=EDGE_CURVE('',#3441,#3391,#1701,.T.);
#4398=EDGE_CURVE('',#3443,#3392,#1702,.T.);
#4399=EDGE_CURVE('',#3445,#3393,#1703,.T.);
#4400=EDGE_CURVE('',#3447,#3394,#1704,.T.);
#4401=EDGE_CURVE('',#3449,#3395,#1705,.T.);
#4402=EDGE_CURVE('',#3451,#3396,#1706,.T.);
#4403=EDGE_CURVE('',#3453,#3397,#1707,.T.);
#4404=EDGE_CURVE('',#3455,#3398,#1708,.T.);
#4405=EDGE_CURVE('',#3457,#3399,#1709,.T.);
#4406=EDGE_CURVE('',#3459,#3400,#1710,.T.);
#4407=EDGE_CURVE('',#3403,#3400,#1711,.T.);
#4408=EDGE_CURVE('',#3402,#3381,#1712,.F.);
#4409=EDGE_CURVE('',#3345,#3318,#1713,.F.);
#4410=EDGE_CURVE('',#3346,#3331,#1714,.F.);
#4411=EDGE_CURVE('',#3346,#3373,#1715,.T.);
#4412=EDGE_CURVE('',#3348,#3374,#1716,.F.);
#4413=EDGE_CURVE('',#3348,#3327,#1717,.T.);
#4414=EDGE_CURVE('',#3347,#3314,#1718,.F.);
#4415=EDGE_CURVE('',#3347,#3307,#1719,.F.);
#4416=EDGE_CURVE('',#3345,#3308,#1720,.F.);
#4417=EDGE_CURVE('',#3336,#3350,#1721,.T.);
#4418=EDGE_CURVE('',#3320,#3349,#1722,.T.);
#4419=EDGE_CURVE('',#3353,#3350,#1723,.F.);
#4420=EDGE_CURVE('',#3354,#3351,#1724,.T.);
#4421=EDGE_CURVE('',#3322,#3351,#1725,.F.);
#4422=EDGE_CURVE('',#3316,#3352,#1726,.T.);
#4423=EDGE_CURVE('',#3312,#3352,#1727,.T.);
#4424=EDGE_CURVE('',#3311,#3349,#1728,.T.);
#4425=EDGE_CURVE('',#3364,#3402,#1729,.T.);
#4426=EDGE_CURVE('',#3363,#3401,#1730,.T.);
#4427=EDGE_CURVE('',#3370,#3381,#1731,.T.);
#4428=EDGE_CURVE('',#3369,#3382,#1732,.T.);
#4429=EDGE_CURVE('',#3368,#3377,#1733,.T.);
#4430=EDGE_CURVE('',#3367,#3378,#1734,.T.);
#4431=EDGE_CURVE('',#3366,#3405,#1735,.T.);
#4432=EDGE_CURVE('',#3365,#3406,#1736,.T.);
#4433=EDGE_CURVE('',#3343,#3317,#1737,.F.);
#4434=EDGE_CURVE('',#3343,#3305,#1738,.F.);
#4435=EDGE_CURVE('',#3344,#3306,#1739,.F.);
#4436=EDGE_CURVE('',#3344,#3313,#1740,.F.);
#4437=EDGE_CURVE('',#3341,#3315,#1741,.F.);
#4438=EDGE_CURVE('',#3341,#3309,#1742,.F.);
#4439=EDGE_CURVE('',#3342,#3310,#1743,.F.);
#4440=EDGE_CURVE('',#3342,#3319,#1744,.F.);
#4441=EDGE_CURVE('',#3461,#3462,#2309,.T.);
#4442=EDGE_CURVE('',#3461,#3463,#2310,.T.);
#4443=EDGE_CURVE('',#3463,#3464,#2311,.T.);
#4444=EDGE_CURVE('',#3462,#3464,#2312,.T.);
#4445=EDGE_CURVE('',#3465,#3466,#2313,.T.);
#4446=EDGE_CURVE('',#3465,#3467,#2314,.T.);
#4447=EDGE_CURVE('',#3467,#3468,#2315,.T.);
#4448=EDGE_CURVE('',#3466,#3468,#2316,.T.);
#4449=EDGE_CURVE('',#3469,#3470,#2317,.T.);
#4450=EDGE_CURVE('',#3471,#3470,#2318,.T.);
#4451=EDGE_CURVE('',#3472,#3471,#2319,.T.);
#4452=EDGE_CURVE('',#3472,#3469,#2320,.T.);
#4453=EDGE_CURVE('',#3473,#3474,#2321,.T.);
#4454=EDGE_CURVE('',#3473,#3475,#2322,.T.);
#4455=EDGE_CURVE('',#3475,#3476,#2323,.T.);
#4456=EDGE_CURVE('',#3474,#3476,#2324,.T.);
#4457=EDGE_CURVE('',#3474,#3470,#1745,.F.);
#4458=EDGE_CURVE('',#3462,#3476,#1746,.F.);
#4459=EDGE_CURVE('',#3466,#3464,#1747,.F.);
#4460=EDGE_CURVE('',#3471,#3468,#1748,.F.);
#4461=EDGE_CURVE('',#3469,#3461,#2325,.T.);
#4462=EDGE_CURVE('',#3463,#3472,#2326,.T.);
#4463=EDGE_CURVE('',#3463,#3465,#163,.T.);
#4464=EDGE_CURVE('',#3472,#3467,#164,.F.);
#4465=EDGE_CURVE('',#3469,#3473,#165,.T.);
#4466=EDGE_CURVE('',#3461,#3475,#166,.F.);
#4467=EDGE_CURVE('',#3477,#3478,#2327,.T.);
#4468=EDGE_CURVE('',#3479,#3477,#2328,.T.);
#4469=EDGE_CURVE('',#3480,#3479,#2329,.T.);
#4470=EDGE_CURVE('',#3481,#3480,#2330,.T.);
#4471=EDGE_CURVE('',#3482,#3481,#2331,.T.);
#4472=EDGE_CURVE('',#3483,#3482,#1749,.T.);
#4473=EDGE_CURVE('',#3484,#3483,#2332,.T.);
#4474=EDGE_CURVE('',#3485,#3484,#1750,.T.);
#4475=EDGE_CURVE('',#3486,#3485,#2333,.T.);
#4476=EDGE_CURVE('',#3478,#3486,#1751,.T.);
#4477=EDGE_CURVE('',#3487,#3488,#1752,.T.);
#4478=EDGE_CURVE('',#3488,#3489,#2334,.T.);
#4479=EDGE_CURVE('',#3489,#3490,#1753,.T.);
#4480=EDGE_CURVE('',#3490,#3487,#2335,.T.);
#4481=EDGE_CURVE('',#3491,#3492,#2336,.T.);
#4482=EDGE_CURVE('',#3492,#3493,#2337,.T.);
#4483=EDGE_CURVE('',#3493,#3494,#2338,.T.);
#4484=EDGE_CURVE('',#3494,#3495,#2339,.T.);
#4485=EDGE_CURVE('',#3495,#3496,#1754,.T.);
#4486=EDGE_CURVE('',#3496,#3497,#2340,.T.);
#4487=EDGE_CURVE('',#3497,#3498,#1755,.T.);
#4488=EDGE_CURVE('',#3498,#3499,#2341,.T.);
#4489=EDGE_CURVE('',#3499,#3500,#1756,.T.);
#4490=EDGE_CURVE('',#3500,#3491,#2342,.T.);
#4491=EDGE_CURVE('',#3501,#3502,#1757,.F.);
#4492=EDGE_CURVE('',#3502,#3503,#2343,.F.);
#4493=EDGE_CURVE('',#3503,#3504,#1758,.F.);
#4494=EDGE_CURVE('',#3504,#3501,#2344,.F.);
#4495=EDGE_CURVE('',#3505,#3506,#2345,.F.);
#4496=EDGE_CURVE('',#3507,#3505,#2346,.T.);
#4497=EDGE_CURVE('',#3508,#3507,#2347,.T.);
#4498=EDGE_CURVE('',#3508,#3506,#2348,.T.);
#4499=EDGE_CURVE('',#3506,#3509,#1759,.F.);
#4500=EDGE_CURVE('',#3510,#3508,#1760,.T.);
#4501=EDGE_CURVE('',#3510,#3509,#2349,.T.);
#4502=EDGE_CURVE('',#3509,#3511,#2350,.F.);
#4503=EDGE_CURVE('',#3512,#3510,#2351,.T.);
#4504=EDGE_CURVE('',#3512,#3511,#2352,.T.);
#4505=EDGE_CURVE('',#3511,#3505,#1761,.F.);
#4506=EDGE_CURVE('',#3507,#3512,#1762,.T.);
#4507=EDGE_CURVE('',#3513,#3514,#2353,.T.);
#4508=EDGE_CURVE('',#3515,#3513,#2354,.T.);
#4509=EDGE_CURVE('',#3515,#3516,#2355,.T.);
#4510=EDGE_CURVE('',#3516,#3514,#2356,.T.);
#4511=EDGE_CURVE('',#3517,#3513,#1763,.T.);
#4512=EDGE_CURVE('',#3518,#3517,#2357,.T.);
#4513=EDGE_CURVE('',#3518,#3515,#1764,.T.);
#4514=EDGE_CURVE('',#3519,#3517,#2358,.T.);
#4515=EDGE_CURVE('',#3520,#3519,#2359,.T.);
#4516=EDGE_CURVE('',#3520,#3518,#2360,.T.);
#4517=EDGE_CURVE('',#3521,#3519,#1765,.T.);
#4518=EDGE_CURVE('',#3522,#3521,#2361,.T.);
#4519=EDGE_CURVE('',#3522,#3520,#1766,.T.);
#4520=EDGE_CURVE('',#3523,#3521,#2362,.T.);
#4521=EDGE_CURVE('',#3524,#3523,#2363,.T.);
#4522=EDGE_CURVE('',#3524,#3522,#2364,.T.);
#4523=EDGE_CURVE('',#3525,#3523,#1767,.T.);
#4524=EDGE_CURVE('',#3526,#3525,#2365,.T.);
#4525=EDGE_CURVE('',#3526,#3524,#1768,.T.);
#4526=EDGE_CURVE('',#3527,#3525,#2366,.T.);
#4527=EDGE_CURVE('',#3528,#3527,#2367,.T.);
#4528=EDGE_CURVE('',#3528,#3526,#2368,.T.);
#4529=EDGE_CURVE('',#3529,#3527,#1769,.T.);
#4530=EDGE_CURVE('',#3530,#3529,#2369,.T.);
#4531=EDGE_CURVE('',#3530,#3528,#1770,.T.);
#4532=EDGE_CURVE('',#3531,#3529,#2370,.T.);
#4533=EDGE_CURVE('',#3532,#3531,#2371,.T.);
#4534=EDGE_CURVE('',#3532,#3530,#2372,.T.);
#4535=EDGE_CURVE('',#3533,#3531,#1771,.T.);
#4536=EDGE_CURVE('',#3534,#3533,#2373,.T.);
#4537=EDGE_CURVE('',#3534,#3532,#1772,.T.);
#4538=EDGE_CURVE('',#3535,#3533,#2374,.T.);
#4539=EDGE_CURVE('',#3536,#3535,#2375,.T.);
#4540=EDGE_CURVE('',#3536,#3534,#2376,.T.);
#4541=EDGE_CURVE('',#3537,#3535,#1773,.T.);
#4542=EDGE_CURVE('',#3538,#3537,#2377,.T.);
#4543=EDGE_CURVE('',#3538,#3536,#1774,.T.);
#4544=EDGE_CURVE('',#3539,#3537,#2378,.T.);
#4545=EDGE_CURVE('',#3540,#3539,#2379,.T.);
#4546=EDGE_CURVE('',#3540,#3538,#2380,.T.);
#4547=EDGE_CURVE('',#3514,#3539,#1775,.T.);
#4548=EDGE_CURVE('',#3516,#3540,#1776,.T.);
#4549=EDGE_CURVE('',#3477,#3532,#1777,.F.);
#4550=EDGE_CURVE('',#3478,#3530,#1778,.F.);
#4551=EDGE_CURVE('',#3486,#3528,#1779,.F.);
#4552=EDGE_CURVE('',#3485,#3526,#1780,.F.);
#4553=EDGE_CURVE('',#3484,#3524,#1781,.F.);
#4554=EDGE_CURVE('',#3483,#3522,#1782,.F.);
#4555=EDGE_CURVE('',#3482,#3520,#1783,.F.);
#4556=EDGE_CURVE('',#3481,#3518,#1784,.F.);
#4557=EDGE_CURVE('',#3481,#3515,#1785,.F.);
#4558=EDGE_CURVE('',#3480,#3516,#1786,.F.);
#4559=EDGE_CURVE('',#3480,#3540,#1787,.F.);
#4560=EDGE_CURVE('',#3479,#3538,#1788,.F.);
#4561=EDGE_CURVE('',#3479,#3536,#1789,.F.);
#4562=EDGE_CURVE('',#3477,#3534,#1790,.F.);
#4563=EDGE_CURVE('',#3514,#3492,#1791,.T.);
#4564=EDGE_CURVE('',#3513,#3491,#1792,.T.);
#4565=EDGE_CURVE('',#3539,#3492,#1793,.T.);
#4566=EDGE_CURVE('',#3537,#3493,#1794,.T.);
#4567=EDGE_CURVE('',#3535,#3493,#1795,.T.);
#4568=EDGE_CURVE('',#3533,#3494,#1796,.T.);
#4569=EDGE_CURVE('',#3531,#3494,#1797,.T.);
#4570=EDGE_CURVE('',#3529,#3495,#1798,.T.);
#4571=EDGE_CURVE('',#3527,#3496,#1799,.T.);
#4572=EDGE_CURVE('',#3525,#3497,#1800,.T.);
#4573=EDGE_CURVE('',#3523,#3498,#1801,.T.);
#4574=EDGE_CURVE('',#3521,#3499,#1802,.T.);
#4575=EDGE_CURVE('',#3519,#3500,#1803,.T.);
#4576=EDGE_CURVE('',#3517,#3491,#1804,.T.);
#4577=EDGE_CURVE('',#3507,#3487,#1805,.F.);
#4578=EDGE_CURVE('',#3512,#3488,#1806,.F.);
#4579=EDGE_CURVE('',#3510,#3489,#1807,.F.);
#4580=EDGE_CURVE('',#3508,#3490,#1808,.F.);
#4581=EDGE_CURVE('',#3511,#3501,#1809,.F.);
#4582=EDGE_CURVE('',#3505,#3502,#1810,.F.);
#4583=EDGE_CURVE('',#3506,#3503,#1811,.F.);
#4584=EDGE_CURVE('',#3509,#3504,#1812,.F.);
#4585=ORIENTED_EDGE('',*,*,#3541,.F.);
#4586=ORIENTED_EDGE('',*,*,#3542,.F.);
#4587=ORIENTED_EDGE('',*,*,#3543,.F.);
#4588=ORIENTED_EDGE('',*,*,#3544,.F.);
#4589=ORIENTED_EDGE('',*,*,#3545,.F.);
#4590=ORIENTED_EDGE('',*,*,#3546,.F.);
#4591=ORIENTED_EDGE('',*,*,#3547,.T.);
#4592=ORIENTED_EDGE('',*,*,#3548,.F.);
#4593=ORIENTED_EDGE('',*,*,#3549,.F.);
#4594=ORIENTED_EDGE('',*,*,#3550,.F.);
#4595=ORIENTED_EDGE('',*,*,#3551,.F.);
#4596=ORIENTED_EDGE('',*,*,#3552,.F.);
#4597=ORIENTED_EDGE('',*,*,#3553,.T.);
#4598=ORIENTED_EDGE('',*,*,#3554,.T.);
#4599=ORIENTED_EDGE('',*,*,#3555,.T.);
#4600=ORIENTED_EDGE('',*,*,#3556,.T.);
#4601=ORIENTED_EDGE('',*,*,#3557,.T.);
#4602=ORIENTED_EDGE('',*,*,#3558,.T.);
#4603=ORIENTED_EDGE('',*,*,#3558,.F.);
#4604=ORIENTED_EDGE('',*,*,#3559,.T.);
#4605=ORIENTED_EDGE('',*,*,#3560,.F.);
#4606=ORIENTED_EDGE('',*,*,#3559,.F.);
#4607=ORIENTED_EDGE('',*,*,#3557,.F.);
#4608=ORIENTED_EDGE('',*,*,#3561,.T.);
#4609=ORIENTED_EDGE('',*,*,#3562,.F.);
#4610=ORIENTED_EDGE('',*,*,#3561,.F.);
#4611=ORIENTED_EDGE('',*,*,#3563,.F.);
#4612=ORIENTED_EDGE('',*,*,#3564,.F.);
#4613=ORIENTED_EDGE('',*,*,#3556,.F.);
#4614=ORIENTED_EDGE('',*,*,#3565,.T.);
#4615=ORIENTED_EDGE('',*,*,#3566,.F.);
#4616=ORIENTED_EDGE('',*,*,#3565,.F.);
#4617=ORIENTED_EDGE('',*,*,#3555,.F.);
#4618=ORIENTED_EDGE('',*,*,#3567,.T.);
#4619=ORIENTED_EDGE('',*,*,#3568,.F.);
#4620=ORIENTED_EDGE('',*,*,#3567,.F.);
#4621=ORIENTED_EDGE('',*,*,#3554,.F.);
#4622=ORIENTED_EDGE('',*,*,#3569,.T.);
#4623=ORIENTED_EDGE('',*,*,#3570,.F.);
#4624=ORIENTED_EDGE('',*,*,#3569,.F.);
#4625=ORIENTED_EDGE('',*,*,#3553,.F.);
#4626=ORIENTED_EDGE('',*,*,#3564,.T.);
#4627=ORIENTED_EDGE('',*,*,#3552,.T.);
#4628=ORIENTED_EDGE('',*,*,#3571,.T.);
#4629=ORIENTED_EDGE('',*,*,#3572,.F.);
#4630=ORIENTED_EDGE('',*,*,#3573,.F.);
#4631=ORIENTED_EDGE('',*,*,#3551,.T.);
#4632=ORIENTED_EDGE('',*,*,#3574,.T.);
#4633=ORIENTED_EDGE('',*,*,#3575,.F.);
#4634=ORIENTED_EDGE('',*,*,#3571,.F.);
#4635=ORIENTED_EDGE('',*,*,#3550,.T.);
#4636=ORIENTED_EDGE('',*,*,#3576,.T.);
#4637=ORIENTED_EDGE('',*,*,#3577,.F.);
#4638=ORIENTED_EDGE('',*,*,#3574,.F.);
#4639=ORIENTED_EDGE('',*,*,#3549,.T.);
#4640=ORIENTED_EDGE('',*,*,#3578,.T.);
#4641=ORIENTED_EDGE('',*,*,#3579,.F.);
#4642=ORIENTED_EDGE('',*,*,#3576,.F.);
#4643=ORIENTED_EDGE('',*,*,#3548,.T.);
#4644=ORIENTED_EDGE('',*,*,#3580,.T.);
#4645=ORIENTED_EDGE('',*,*,#3581,.F.);
#4646=ORIENTED_EDGE('',*,*,#3578,.F.);
#4647=ORIENTED_EDGE('',*,*,#3582,.T.);
#4648=ORIENTED_EDGE('',*,*,#3583,.F.);
#4649=ORIENTED_EDGE('',*,*,#3584,.F.);
#4650=ORIENTED_EDGE('',*,*,#3547,.F.);
#4651=ORIENTED_EDGE('',*,*,#3585,.F.);
#4652=ORIENTED_EDGE('',*,*,#3586,.F.);
#4653=ORIENTED_EDGE('',*,*,#3546,.T.);
#4654=ORIENTED_EDGE('',*,*,#3587,.T.);
#4655=ORIENTED_EDGE('',*,*,#3588,.F.);
#4656=ORIENTED_EDGE('',*,*,#3589,.F.);
#4657=ORIENTED_EDGE('',*,*,#3545,.T.);
#4658=ORIENTED_EDGE('',*,*,#3590,.T.);
#4659=ORIENTED_EDGE('',*,*,#3591,.F.);
#4660=ORIENTED_EDGE('',*,*,#3587,.F.);
#4661=ORIENTED_EDGE('',*,*,#3544,.T.);
#4662=ORIENTED_EDGE('',*,*,#3592,.T.);
#4663=ORIENTED_EDGE('',*,*,#3593,.F.);
#4664=ORIENTED_EDGE('',*,*,#3590,.F.);
#4665=ORIENTED_EDGE('',*,*,#3543,.T.);
#4666=ORIENTED_EDGE('',*,*,#3594,.T.);
#4667=ORIENTED_EDGE('',*,*,#3595,.F.);
#4668=ORIENTED_EDGE('',*,*,#3592,.F.);
#4669=ORIENTED_EDGE('',*,*,#3542,.T.);
#4670=ORIENTED_EDGE('',*,*,#3596,.T.);
#4671=ORIENTED_EDGE('',*,*,#3597,.F.);
#4672=ORIENTED_EDGE('',*,*,#3594,.F.);
#4673=ORIENTED_EDGE('',*,*,#3598,.F.);
#4674=ORIENTED_EDGE('',*,*,#3599,.F.);
#4675=ORIENTED_EDGE('',*,*,#3600,.F.);
#4676=ORIENTED_EDGE('',*,*,#3541,.T.);
#4677=ORIENTED_EDGE('',*,*,#3601,.F.);
#4678=ORIENTED_EDGE('',*,*,#3602,.F.);
#4679=ORIENTED_EDGE('',*,*,#3603,.T.);
#4680=ORIENTED_EDGE('',*,*,#3572,.T.);
#4681=ORIENTED_EDGE('',*,*,#3575,.T.);
#4682=ORIENTED_EDGE('',*,*,#3577,.T.);
#4683=ORIENTED_EDGE('',*,*,#3579,.T.);
#4684=ORIENTED_EDGE('',*,*,#3581,.T.);
#4685=ORIENTED_EDGE('',*,*,#3604,.F.);
#4686=ORIENTED_EDGE('',*,*,#3588,.T.);
#4687=ORIENTED_EDGE('',*,*,#3591,.T.);
#4688=ORIENTED_EDGE('',*,*,#3593,.T.);
#4689=ORIENTED_EDGE('',*,*,#3595,.T.);
#4690=ORIENTED_EDGE('',*,*,#3597,.T.);
#4691=ORIENTED_EDGE('',*,*,#3570,.T.);
#4692=ORIENTED_EDGE('',*,*,#3563,.T.);
#4693=ORIENTED_EDGE('',*,*,#3566,.T.);
#4694=ORIENTED_EDGE('',*,*,#3568,.T.);
#4695=ORIENTED_EDGE('',*,*,#3562,.T.);
#4696=ORIENTED_EDGE('',*,*,#3560,.T.);
#4697=ORIENTED_EDGE('',*,*,#3605,.F.);
#4698=ORIENTED_EDGE('',*,*,#3580,.F.);
#4699=ORIENTED_EDGE('',*,*,#3584,.T.);
#4700=ORIENTED_EDGE('',*,*,#3606,.T.);
#4701=ORIENTED_EDGE('',*,*,#3607,.F.);
#4702=ORIENTED_EDGE('',*,*,#3608,.T.);
#4703=ORIENTED_EDGE('',*,*,#3586,.T.);
#4704=ORIENTED_EDGE('',*,*,#3609,.T.);
#4705=ORIENTED_EDGE('',*,*,#3610,.F.);
#4706=ORIENTED_EDGE('',*,*,#3609,.F.);
#4707=ORIENTED_EDGE('',*,*,#3585,.T.);
#4708=ORIENTED_EDGE('',*,*,#3589,.T.);
#4709=ORIENTED_EDGE('',*,*,#3583,.T.);
#4710=ORIENTED_EDGE('',*,*,#3611,.F.);
#4711=ORIENTED_EDGE('',*,*,#3612,.F.);
#4712=ORIENTED_EDGE('',*,*,#3606,.F.);
#4713=ORIENTED_EDGE('',*,*,#3582,.F.);
#4714=ORIENTED_EDGE('',*,*,#3613,.F.);
#4715=ORIENTED_EDGE('',*,*,#3614,.F.);
#4716=ORIENTED_EDGE('',*,*,#3615,.F.);
#4717=ORIENTED_EDGE('',*,*,#3616,.T.);
#4718=ORIENTED_EDGE('',*,*,#3617,.F.);
#4719=ORIENTED_EDGE('',*,*,#3618,.F.);
#4720=ORIENTED_EDGE('',*,*,#3619,.F.);
#4721=ORIENTED_EDGE('',*,*,#3620,.F.);
#4722=ORIENTED_EDGE('',*,*,#3621,.F.);
#4723=ORIENTED_EDGE('',*,*,#3622,.T.);
#4724=ORIENTED_EDGE('',*,*,#3623,.F.);
#4725=ORIENTED_EDGE('',*,*,#3624,.F.);
#4726=ORIENTED_EDGE('',*,*,#3625,.F.);
#4727=ORIENTED_EDGE('',*,*,#3598,.T.);
#4728=ORIENTED_EDGE('',*,*,#3626,.F.);
#4729=ORIENTED_EDGE('',*,*,#3627,.F.);
#4730=ORIENTED_EDGE('',*,*,#3628,.F.);
#4731=ORIENTED_EDGE('',*,*,#3629,.F.);
#4732=ORIENTED_EDGE('',*,*,#3630,.F.);
#4733=ORIENTED_EDGE('',*,*,#3631,.F.);
#4734=ORIENTED_EDGE('',*,*,#3632,.F.);
#4735=ORIENTED_EDGE('',*,*,#3633,.F.);
#4736=ORIENTED_EDGE('',*,*,#3634,.F.);
#4737=ORIENTED_EDGE('',*,*,#3635,.F.);
#4738=ORIENTED_EDGE('',*,*,#3636,.F.);
#4739=ORIENTED_EDGE('',*,*,#3637,.F.);
#4740=ORIENTED_EDGE('',*,*,#3638,.F.);
#4741=ORIENTED_EDGE('',*,*,#3639,.F.);
#4742=ORIENTED_EDGE('',*,*,#3607,.T.);
#4743=ORIENTED_EDGE('',*,*,#3610,.T.);
#4744=ORIENTED_EDGE('',*,*,#3604,.T.);
#4745=ORIENTED_EDGE('',*,*,#3605,.T.);
#4746=ORIENTED_EDGE('',*,*,#3612,.T.);
#4747=ORIENTED_EDGE('',*,*,#3640,.T.);
#4748=ORIENTED_EDGE('',*,*,#3641,.T.);
#4749=ORIENTED_EDGE('',*,*,#3642,.T.);
#4750=ORIENTED_EDGE('',*,*,#3603,.F.);
#4751=ORIENTED_EDGE('',*,*,#3643,.T.);
#4752=ORIENTED_EDGE('',*,*,#3644,.T.);
#4753=ORIENTED_EDGE('',*,*,#3608,.F.);
#4754=ORIENTED_EDGE('',*,*,#3645,.F.);
#4755=ORIENTED_EDGE('',*,*,#3646,.F.);
#4756=ORIENTED_EDGE('',*,*,#3613,.T.);
#4757=ORIENTED_EDGE('',*,*,#3611,.T.);
#4758=ORIENTED_EDGE('',*,*,#3625,.T.);
#4759=ORIENTED_EDGE('',*,*,#3647,.T.);
#4760=ORIENTED_EDGE('',*,*,#3648,.F.);
#4761=ORIENTED_EDGE('',*,*,#3624,.T.);
#4762=ORIENTED_EDGE('',*,*,#3649,.T.);
#4763=ORIENTED_EDGE('',*,*,#3650,.F.);
#4764=ORIENTED_EDGE('',*,*,#3647,.F.);
#4765=ORIENTED_EDGE('',*,*,#3651,.F.);
#4766=ORIENTED_EDGE('',*,*,#3652,.F.);
#4767=ORIENTED_EDGE('',*,*,#3649,.F.);
#4768=ORIENTED_EDGE('',*,*,#3623,.T.);
#4769=ORIENTED_EDGE('',*,*,#3653,.T.);
#4770=ORIENTED_EDGE('',*,*,#3654,.F.);
#4771=ORIENTED_EDGE('',*,*,#3622,.F.);
#4772=ORIENTED_EDGE('',*,*,#3655,.F.);
#4773=ORIENTED_EDGE('',*,*,#3621,.T.);
#4774=ORIENTED_EDGE('',*,*,#3656,.T.);
#4775=ORIENTED_EDGE('',*,*,#3657,.F.);
#4776=ORIENTED_EDGE('',*,*,#3658,.F.);
#4777=ORIENTED_EDGE('',*,*,#3620,.T.);
#4778=ORIENTED_EDGE('',*,*,#3659,.T.);
#4779=ORIENTED_EDGE('',*,*,#3660,.F.);
#4780=ORIENTED_EDGE('',*,*,#3656,.F.);
#4781=ORIENTED_EDGE('',*,*,#3619,.T.);
#4782=ORIENTED_EDGE('',*,*,#3661,.T.);
#4783=ORIENTED_EDGE('',*,*,#3662,.F.);
#4784=ORIENTED_EDGE('',*,*,#3659,.F.);
#4785=ORIENTED_EDGE('',*,*,#3618,.T.);
#4786=ORIENTED_EDGE('',*,*,#3663,.T.);
#4787=ORIENTED_EDGE('',*,*,#3664,.F.);
#4788=ORIENTED_EDGE('',*,*,#3661,.F.);
#4789=ORIENTED_EDGE('',*,*,#3617,.T.);
#4790=ORIENTED_EDGE('',*,*,#3665,.T.);
#4791=ORIENTED_EDGE('',*,*,#3666,.F.);
#4792=ORIENTED_EDGE('',*,*,#3663,.F.);
#4793=ORIENTED_EDGE('',*,*,#3667,.T.);
#4794=ORIENTED_EDGE('',*,*,#3668,.F.);
#4795=ORIENTED_EDGE('',*,*,#3616,.F.);
#4796=ORIENTED_EDGE('',*,*,#3669,.F.);
#4797=ORIENTED_EDGE('',*,*,#3670,.T.);
#4798=ORIENTED_EDGE('',*,*,#3615,.T.);
#4799=ORIENTED_EDGE('',*,*,#3671,.T.);
#4800=ORIENTED_EDGE('',*,*,#3672,.F.);
#4801=ORIENTED_EDGE('',*,*,#3614,.T.);
#4802=ORIENTED_EDGE('',*,*,#3646,.T.);
#4803=ORIENTED_EDGE('',*,*,#3673,.F.);
#4804=ORIENTED_EDGE('',*,*,#3671,.F.);
#4805=ORIENTED_EDGE('',*,*,#3674,.F.);
#4806=ORIENTED_EDGE('',*,*,#3675,.F.);
#4807=ORIENTED_EDGE('',*,*,#3676,.F.);
#4808=ORIENTED_EDGE('',*,*,#3626,.T.);
#4809=ORIENTED_EDGE('',*,*,#3677,.T.);
#4810=ORIENTED_EDGE('',*,*,#3638,.T.);
#4811=ORIENTED_EDGE('',*,*,#3678,.T.);
#4812=ORIENTED_EDGE('',*,*,#3679,.F.);
#4813=ORIENTED_EDGE('',*,*,#3637,.T.);
#4814=ORIENTED_EDGE('',*,*,#3680,.T.);
#4815=ORIENTED_EDGE('',*,*,#3681,.F.);
#4816=ORIENTED_EDGE('',*,*,#3678,.F.);
#4817=ORIENTED_EDGE('',*,*,#3682,.F.);
#4818=ORIENTED_EDGE('',*,*,#3683,.F.);
#4819=ORIENTED_EDGE('',*,*,#3680,.F.);
#4820=ORIENTED_EDGE('',*,*,#3636,.T.);
#4821=ORIENTED_EDGE('',*,*,#3684,.F.);
#4822=ORIENTED_EDGE('',*,*,#3685,.F.);
#4823=ORIENTED_EDGE('',*,*,#3635,.T.);
#4824=ORIENTED_EDGE('',*,*,#3686,.F.);
#4825=ORIENTED_EDGE('',*,*,#3634,.T.);
#4826=ORIENTED_EDGE('',*,*,#3687,.T.);
#4827=ORIENTED_EDGE('',*,*,#3688,.F.);
#4828=ORIENTED_EDGE('',*,*,#3689,.F.);
#4829=ORIENTED_EDGE('',*,*,#3633,.T.);
#4830=ORIENTED_EDGE('',*,*,#3690,.T.);
#4831=ORIENTED_EDGE('',*,*,#3691,.F.);
#4832=ORIENTED_EDGE('',*,*,#3687,.F.);
#4833=ORIENTED_EDGE('',*,*,#3632,.T.);
#4834=ORIENTED_EDGE('',*,*,#3692,.T.);
#4835=ORIENTED_EDGE('',*,*,#3693,.F.);
#4836=ORIENTED_EDGE('',*,*,#3690,.F.);
#4837=ORIENTED_EDGE('',*,*,#3631,.T.);
#4838=ORIENTED_EDGE('',*,*,#3694,.T.);
#4839=ORIENTED_EDGE('',*,*,#3695,.F.);
#4840=ORIENTED_EDGE('',*,*,#3692,.F.);
#4841=ORIENTED_EDGE('',*,*,#3630,.T.);
#4842=ORIENTED_EDGE('',*,*,#3696,.T.);
#4843=ORIENTED_EDGE('',*,*,#3697,.F.);
#4844=ORIENTED_EDGE('',*,*,#3694,.F.);
#4845=ORIENTED_EDGE('',*,*,#3698,.F.);
#4846=ORIENTED_EDGE('',*,*,#3699,.F.);
#4847=ORIENTED_EDGE('',*,*,#3629,.T.);
#4848=ORIENTED_EDGE('',*,*,#3700,.F.);
#4849=ORIENTED_EDGE('',*,*,#3701,.T.);
#4850=ORIENTED_EDGE('',*,*,#3628,.T.);
#4851=ORIENTED_EDGE('',*,*,#3702,.T.);
#4852=ORIENTED_EDGE('',*,*,#3703,.F.);
#4853=ORIENTED_EDGE('',*,*,#3627,.T.);
#4854=ORIENTED_EDGE('',*,*,#3676,.T.);
#4855=ORIENTED_EDGE('',*,*,#3704,.F.);
#4856=ORIENTED_EDGE('',*,*,#3702,.F.);
#4857=ORIENTED_EDGE('',*,*,#3639,.T.);
#4858=ORIENTED_EDGE('',*,*,#3648,.T.);
#4859=ORIENTED_EDGE('',*,*,#3650,.T.);
#4860=ORIENTED_EDGE('',*,*,#3652,.T.);
#4861=ORIENTED_EDGE('',*,*,#3705,.F.);
#4862=ORIENTED_EDGE('',*,*,#3657,.T.);
#4863=ORIENTED_EDGE('',*,*,#3660,.T.);
#4864=ORIENTED_EDGE('',*,*,#3662,.T.);
#4865=ORIENTED_EDGE('',*,*,#3664,.T.);
#4866=ORIENTED_EDGE('',*,*,#3666,.T.);
#4867=ORIENTED_EDGE('',*,*,#3706,.F.);
#4868=ORIENTED_EDGE('',*,*,#3672,.T.);
#4869=ORIENTED_EDGE('',*,*,#3673,.T.);
#4870=ORIENTED_EDGE('',*,*,#3645,.T.);
#4871=ORIENTED_EDGE('',*,*,#3640,.F.);
#4872=ORIENTED_EDGE('',*,*,#3679,.T.);
#4873=ORIENTED_EDGE('',*,*,#3681,.T.);
#4874=ORIENTED_EDGE('',*,*,#3683,.T.);
#4875=ORIENTED_EDGE('',*,*,#3707,.T.);
#4876=ORIENTED_EDGE('',*,*,#3688,.T.);
#4877=ORIENTED_EDGE('',*,*,#3691,.T.);
#4878=ORIENTED_EDGE('',*,*,#3693,.T.);
#4879=ORIENTED_EDGE('',*,*,#3695,.T.);
#4880=ORIENTED_EDGE('',*,*,#3697,.T.);
#4881=ORIENTED_EDGE('',*,*,#3708,.T.);
#4882=ORIENTED_EDGE('',*,*,#3703,.T.);
#4883=ORIENTED_EDGE('',*,*,#3704,.T.);
#4884=ORIENTED_EDGE('',*,*,#3675,.T.);
#4885=ORIENTED_EDGE('',*,*,#3654,.T.);
#4886=ORIENTED_EDGE('',*,*,#3709,.F.);
#4887=ORIENTED_EDGE('',*,*,#3710,.F.);
#4888=ORIENTED_EDGE('',*,*,#3651,.T.);
#4889=ORIENTED_EDGE('',*,*,#3711,.F.);
#4890=ORIENTED_EDGE('',*,*,#3712,.T.);
#4891=ORIENTED_EDGE('',*,*,#3655,.T.);
#4892=ORIENTED_EDGE('',*,*,#3658,.T.);
#4893=ORIENTED_EDGE('',*,*,#3653,.F.);
#4894=ORIENTED_EDGE('',*,*,#3713,.F.);
#4895=ORIENTED_EDGE('',*,*,#3714,.F.);
#4896=ORIENTED_EDGE('',*,*,#3715,.F.);
#4897=ORIENTED_EDGE('',*,*,#3668,.T.);
#4898=ORIENTED_EDGE('',*,*,#3716,.F.);
#4899=ORIENTED_EDGE('',*,*,#3717,.F.);
#4900=ORIENTED_EDGE('',*,*,#3665,.F.);
#4901=ORIENTED_EDGE('',*,*,#3718,.F.);
#4902=ORIENTED_EDGE('',*,*,#3719,.T.);
#4903=ORIENTED_EDGE('',*,*,#3669,.T.);
#4904=ORIENTED_EDGE('',*,*,#3670,.F.);
#4905=ORIENTED_EDGE('',*,*,#3667,.F.);
#4906=ORIENTED_EDGE('',*,*,#3720,.F.);
#4907=ORIENTED_EDGE('',*,*,#3721,.F.);
#4908=ORIENTED_EDGE('',*,*,#3722,.F.);
#4909=ORIENTED_EDGE('',*,*,#3685,.T.);
#4910=ORIENTED_EDGE('',*,*,#3723,.F.);
#4911=ORIENTED_EDGE('',*,*,#3724,.F.);
#4912=ORIENTED_EDGE('',*,*,#3682,.T.);
#4913=ORIENTED_EDGE('',*,*,#3725,.F.);
#4914=ORIENTED_EDGE('',*,*,#3726,.T.);
#4915=ORIENTED_EDGE('',*,*,#3686,.T.);
#4916=ORIENTED_EDGE('',*,*,#3689,.T.);
#4917=ORIENTED_EDGE('',*,*,#3684,.T.);
#4918=ORIENTED_EDGE('',*,*,#3727,.F.);
#4919=ORIENTED_EDGE('',*,*,#3728,.F.);
#4920=ORIENTED_EDGE('',*,*,#3729,.F.);
#4921=ORIENTED_EDGE('',*,*,#3699,.T.);
#4922=ORIENTED_EDGE('',*,*,#3730,.F.);
#4923=ORIENTED_EDGE('',*,*,#3731,.F.);
#4924=ORIENTED_EDGE('',*,*,#3696,.F.);
#4925=ORIENTED_EDGE('',*,*,#3732,.F.);
#4926=ORIENTED_EDGE('',*,*,#3733,.T.);
#4927=ORIENTED_EDGE('',*,*,#3700,.T.);
#4928=ORIENTED_EDGE('',*,*,#3701,.F.);
#4929=ORIENTED_EDGE('',*,*,#3698,.T.);
#4930=ORIENTED_EDGE('',*,*,#3734,.F.);
#4931=ORIENTED_EDGE('',*,*,#3735,.F.);
#4932=ORIENTED_EDGE('',*,*,#3736,.F.);
#4933=ORIENTED_EDGE('',*,*,#3737,.F.);
#4934=ORIENTED_EDGE('',*,*,#3718,.T.);
#4935=ORIENTED_EDGE('',*,*,#3706,.T.);
#4936=ORIENTED_EDGE('',*,*,#3717,.T.);
#4937=ORIENTED_EDGE('',*,*,#3738,.F.);
#4938=ORIENTED_EDGE('',*,*,#3711,.T.);
#4939=ORIENTED_EDGE('',*,*,#3705,.T.);
#4940=ORIENTED_EDGE('',*,*,#3710,.T.);
#4941=ORIENTED_EDGE('',*,*,#3739,.T.);
#4942=ORIENTED_EDGE('',*,*,#3732,.T.);
#4943=ORIENTED_EDGE('',*,*,#3708,.F.);
#4944=ORIENTED_EDGE('',*,*,#3731,.T.);
#4945=ORIENTED_EDGE('',*,*,#3740,.T.);
#4946=ORIENTED_EDGE('',*,*,#3725,.T.);
#4947=ORIENTED_EDGE('',*,*,#3707,.F.);
#4948=ORIENTED_EDGE('',*,*,#3724,.T.);
#4949=ORIENTED_EDGE('',*,*,#3709,.T.);
#4950=ORIENTED_EDGE('',*,*,#3715,.T.);
#4951=ORIENTED_EDGE('',*,*,#3741,.T.);
#4952=ORIENTED_EDGE('',*,*,#3742,.F.);
#4953=ORIENTED_EDGE('',*,*,#3712,.F.);
#4954=ORIENTED_EDGE('',*,*,#3743,.F.);
#4955=ORIENTED_EDGE('',*,*,#3744,.F.);
#4956=ORIENTED_EDGE('',*,*,#3713,.T.);
#4957=ORIENTED_EDGE('',*,*,#3714,.T.);
#4958=ORIENTED_EDGE('',*,*,#3744,.T.);
#4959=ORIENTED_EDGE('',*,*,#3745,.F.);
#4960=ORIENTED_EDGE('',*,*,#3741,.F.);
#4961=ORIENTED_EDGE('',*,*,#3716,.T.);
#4962=ORIENTED_EDGE('',*,*,#3722,.T.);
#4963=ORIENTED_EDGE('',*,*,#3746,.T.);
#4964=ORIENTED_EDGE('',*,*,#3747,.F.);
#4965=ORIENTED_EDGE('',*,*,#3719,.F.);
#4966=ORIENTED_EDGE('',*,*,#3748,.F.);
#4967=ORIENTED_EDGE('',*,*,#3749,.F.);
#4968=ORIENTED_EDGE('',*,*,#3720,.T.);
#4969=ORIENTED_EDGE('',*,*,#3721,.T.);
#4970=ORIENTED_EDGE('',*,*,#3749,.T.);
#4971=ORIENTED_EDGE('',*,*,#3750,.F.);
#4972=ORIENTED_EDGE('',*,*,#3746,.F.);
#4973=ORIENTED_EDGE('',*,*,#3723,.T.);
#4974=ORIENTED_EDGE('',*,*,#3729,.T.);
#4975=ORIENTED_EDGE('',*,*,#3751,.T.);
#4976=ORIENTED_EDGE('',*,*,#3752,.F.);
#4977=ORIENTED_EDGE('',*,*,#3726,.F.);
#4978=ORIENTED_EDGE('',*,*,#3753,.F.);
#4979=ORIENTED_EDGE('',*,*,#3754,.F.);
#4980=ORIENTED_EDGE('',*,*,#3727,.T.);
#4981=ORIENTED_EDGE('',*,*,#3728,.T.);
#4982=ORIENTED_EDGE('',*,*,#3754,.T.);
#4983=ORIENTED_EDGE('',*,*,#3755,.F.);
#4984=ORIENTED_EDGE('',*,*,#3751,.F.);
#4985=ORIENTED_EDGE('',*,*,#3730,.T.);
#4986=ORIENTED_EDGE('',*,*,#3736,.T.);
#4987=ORIENTED_EDGE('',*,*,#3756,.T.);
#4988=ORIENTED_EDGE('',*,*,#3757,.F.);
#4989=ORIENTED_EDGE('',*,*,#3733,.F.);
#4990=ORIENTED_EDGE('',*,*,#3758,.F.);
#4991=ORIENTED_EDGE('',*,*,#3759,.F.);
#4992=ORIENTED_EDGE('',*,*,#3734,.T.);
#4993=ORIENTED_EDGE('',*,*,#3735,.T.);
#4994=ORIENTED_EDGE('',*,*,#3759,.T.);
#4995=ORIENTED_EDGE('',*,*,#3760,.F.);
#4996=ORIENTED_EDGE('',*,*,#3756,.F.);
#4997=ORIENTED_EDGE('',*,*,#3737,.T.);
#4998=ORIENTED_EDGE('',*,*,#3747,.T.);
#4999=ORIENTED_EDGE('',*,*,#3750,.T.);
#5000=ORIENTED_EDGE('',*,*,#3748,.T.);
#5001=ORIENTED_EDGE('',*,*,#3738,.T.);
#5002=ORIENTED_EDGE('',*,*,#3742,.T.);
#5003=ORIENTED_EDGE('',*,*,#3745,.T.);
#5004=ORIENTED_EDGE('',*,*,#3743,.T.);
#5005=ORIENTED_EDGE('',*,*,#3739,.F.);
#5006=ORIENTED_EDGE('',*,*,#3757,.T.);
#5007=ORIENTED_EDGE('',*,*,#3760,.T.);
#5008=ORIENTED_EDGE('',*,*,#3758,.T.);
#5009=ORIENTED_EDGE('',*,*,#3740,.F.);
#5010=ORIENTED_EDGE('',*,*,#3752,.T.);
#5011=ORIENTED_EDGE('',*,*,#3755,.T.);
#5012=ORIENTED_EDGE('',*,*,#3753,.T.);
#5013=ORIENTED_EDGE('',*,*,#3642,.F.);
#5014=ORIENTED_EDGE('',*,*,#3761,.F.);
#5015=ORIENTED_EDGE('',*,*,#3601,.T.);
#5016=ORIENTED_EDGE('',*,*,#3573,.T.);
#5017=ORIENTED_EDGE('',*,*,#3643,.F.);
#5018=ORIENTED_EDGE('',*,*,#3596,.F.);
#5019=ORIENTED_EDGE('',*,*,#3600,.T.);
#5020=ORIENTED_EDGE('',*,*,#3762,.T.);
#5021=ORIENTED_EDGE('',*,*,#3599,.T.);
#5022=ORIENTED_EDGE('',*,*,#3677,.F.);
#5023=ORIENTED_EDGE('',*,*,#3644,.F.);
#5024=ORIENTED_EDGE('',*,*,#3762,.F.);
#5025=ORIENTED_EDGE('',*,*,#3641,.F.);
#5026=ORIENTED_EDGE('',*,*,#3674,.T.);
#5027=ORIENTED_EDGE('',*,*,#3602,.T.);
#5028=ORIENTED_EDGE('',*,*,#3761,.T.);
#5029=ORIENTED_EDGE('',*,*,#3763,.F.);
#5030=ORIENTED_EDGE('',*,*,#3764,.F.);
#5031=ORIENTED_EDGE('',*,*,#3765,.F.);
#5032=ORIENTED_EDGE('',*,*,#3766,.F.);
#5033=ORIENTED_EDGE('',*,*,#3767,.F.);
#5034=ORIENTED_EDGE('',*,*,#3768,.F.);
#5035=ORIENTED_EDGE('',*,*,#3769,.F.);
#5036=ORIENTED_EDGE('',*,*,#3770,.F.);
#5037=ORIENTED_EDGE('',*,*,#3771,.F.);
#5038=ORIENTED_EDGE('',*,*,#3772,.F.);
#5039=ORIENTED_EDGE('',*,*,#3773,.F.);
#5040=ORIENTED_EDGE('',*,*,#3774,.F.);
#5041=ORIENTED_EDGE('',*,*,#3775,.F.);
#5042=ORIENTED_EDGE('',*,*,#3776,.F.);
#5043=ORIENTED_EDGE('',*,*,#3777,.F.);
#5044=ORIENTED_EDGE('',*,*,#3778,.F.);
#5045=ORIENTED_EDGE('',*,*,#3779,.F.);
#5046=ORIENTED_EDGE('',*,*,#3780,.F.);
#5047=ORIENTED_EDGE('',*,*,#3781,.F.);
#5048=ORIENTED_EDGE('',*,*,#3782,.F.);
#5049=ORIENTED_EDGE('',*,*,#3783,.F.);
#5050=ORIENTED_EDGE('',*,*,#3784,.F.);
#5051=ORIENTED_EDGE('',*,*,#3785,.F.);
#5052=ORIENTED_EDGE('',*,*,#3786,.F.);
#5053=ORIENTED_EDGE('',*,*,#3787,.F.);
#5054=ORIENTED_EDGE('',*,*,#3788,.F.);
#5055=ORIENTED_EDGE('',*,*,#3789,.F.);
#5056=ORIENTED_EDGE('',*,*,#3790,.F.);
#5057=ORIENTED_EDGE('',*,*,#3791,.F.);
#5058=ORIENTED_EDGE('',*,*,#3792,.F.);
#5059=ORIENTED_EDGE('',*,*,#3793,.F.);
#5060=ORIENTED_EDGE('',*,*,#3794,.F.);
#5061=ORIENTED_EDGE('',*,*,#3795,.T.);
#5062=ORIENTED_EDGE('',*,*,#3796,.T.);
#5063=ORIENTED_EDGE('',*,*,#3797,.T.);
#5064=ORIENTED_EDGE('',*,*,#3798,.T.);
#5065=ORIENTED_EDGE('',*,*,#3799,.T.);
#5066=ORIENTED_EDGE('',*,*,#3800,.T.);
#5067=ORIENTED_EDGE('',*,*,#3801,.T.);
#5068=ORIENTED_EDGE('',*,*,#3802,.T.);
#5069=ORIENTED_EDGE('',*,*,#3803,.T.);
#5070=ORIENTED_EDGE('',*,*,#3804,.T.);
#5071=ORIENTED_EDGE('',*,*,#3805,.T.);
#5072=ORIENTED_EDGE('',*,*,#3806,.T.);
#5073=ORIENTED_EDGE('',*,*,#3807,.T.);
#5074=ORIENTED_EDGE('',*,*,#3808,.T.);
#5075=ORIENTED_EDGE('',*,*,#3809,.T.);
#5076=ORIENTED_EDGE('',*,*,#3810,.T.);
#5077=ORIENTED_EDGE('',*,*,#3811,.T.);
#5078=ORIENTED_EDGE('',*,*,#3812,.T.);
#5079=ORIENTED_EDGE('',*,*,#3813,.T.);
#5080=ORIENTED_EDGE('',*,*,#3814,.T.);
#5081=ORIENTED_EDGE('',*,*,#3815,.T.);
#5082=ORIENTED_EDGE('',*,*,#3816,.T.);
#5083=ORIENTED_EDGE('',*,*,#3817,.T.);
#5084=ORIENTED_EDGE('',*,*,#3818,.T.);
#5085=ORIENTED_EDGE('',*,*,#3819,.T.);
#5086=ORIENTED_EDGE('',*,*,#3820,.T.);
#5087=ORIENTED_EDGE('',*,*,#3821,.T.);
#5088=ORIENTED_EDGE('',*,*,#3822,.T.);
#5089=ORIENTED_EDGE('',*,*,#3823,.T.);
#5090=ORIENTED_EDGE('',*,*,#3824,.T.);
#5091=ORIENTED_EDGE('',*,*,#3825,.T.);
#5092=ORIENTED_EDGE('',*,*,#3826,.T.);
#5093=ORIENTED_EDGE('',*,*,#3827,.T.);
#5094=ORIENTED_EDGE('',*,*,#3828,.T.);
#5095=ORIENTED_EDGE('',*,*,#3829,.T.);
#5096=ORIENTED_EDGE('',*,*,#3830,.T.);
#5097=ORIENTED_EDGE('',*,*,#3831,.T.);
#5098=ORIENTED_EDGE('',*,*,#3832,.T.);
#5099=ORIENTED_EDGE('',*,*,#3833,.T.);
#5100=ORIENTED_EDGE('',*,*,#3834,.T.);
#5101=ORIENTED_EDGE('',*,*,#3835,.T.);
#5102=ORIENTED_EDGE('',*,*,#3836,.T.);
#5103=ORIENTED_EDGE('',*,*,#3837,.T.);
#5104=ORIENTED_EDGE('',*,*,#3838,.T.);
#5105=ORIENTED_EDGE('',*,*,#3839,.T.);
#5106=ORIENTED_EDGE('',*,*,#3840,.T.);
#5107=ORIENTED_EDGE('',*,*,#3841,.T.);
#5108=ORIENTED_EDGE('',*,*,#3842,.T.);
#5109=ORIENTED_EDGE('',*,*,#3843,.T.);
#5110=ORIENTED_EDGE('',*,*,#3844,.T.);
#5111=ORIENTED_EDGE('',*,*,#3845,.T.);
#5112=ORIENTED_EDGE('',*,*,#3846,.T.);
#5113=ORIENTED_EDGE('',*,*,#3847,.T.);
#5114=ORIENTED_EDGE('',*,*,#3848,.T.);
#5115=ORIENTED_EDGE('',*,*,#3849,.T.);
#5116=ORIENTED_EDGE('',*,*,#3850,.T.);
#5117=ORIENTED_EDGE('',*,*,#3851,.T.);
#5118=ORIENTED_EDGE('',*,*,#3852,.T.);
#5119=ORIENTED_EDGE('',*,*,#3853,.T.);
#5120=ORIENTED_EDGE('',*,*,#3854,.T.);
#5121=ORIENTED_EDGE('',*,*,#3855,.T.);
#5122=ORIENTED_EDGE('',*,*,#3856,.T.);
#5123=ORIENTED_EDGE('',*,*,#3857,.T.);
#5124=ORIENTED_EDGE('',*,*,#3858,.T.);
#5125=ORIENTED_EDGE('',*,*,#3859,.T.);
#5126=ORIENTED_EDGE('',*,*,#3860,.T.);
#5127=ORIENTED_EDGE('',*,*,#3861,.T.);
#5128=ORIENTED_EDGE('',*,*,#3862,.T.);
#5129=ORIENTED_EDGE('',*,*,#3863,.T.);
#5130=ORIENTED_EDGE('',*,*,#3864,.T.);
#5131=ORIENTED_EDGE('',*,*,#3865,.T.);
#5132=ORIENTED_EDGE('',*,*,#3866,.T.);
#5133=ORIENTED_EDGE('',*,*,#3867,.T.);
#5134=ORIENTED_EDGE('',*,*,#3868,.T.);
#5135=ORIENTED_EDGE('',*,*,#3869,.T.);
#5136=ORIENTED_EDGE('',*,*,#3870,.T.);
#5137=ORIENTED_EDGE('',*,*,#3871,.T.);
#5138=ORIENTED_EDGE('',*,*,#3872,.T.);
#5139=ORIENTED_EDGE('',*,*,#3873,.T.);
#5140=ORIENTED_EDGE('',*,*,#3874,.T.);
#5141=ORIENTED_EDGE('',*,*,#3875,.F.);
#5142=ORIENTED_EDGE('',*,*,#3876,.F.);
#5143=ORIENTED_EDGE('',*,*,#3877,.F.);
#5144=ORIENTED_EDGE('',*,*,#3878,.T.);
#5145=ORIENTED_EDGE('',*,*,#3879,.F.);
#5146=ORIENTED_EDGE('',*,*,#3878,.F.);
#5147=ORIENTED_EDGE('',*,*,#3880,.F.);
#5148=ORIENTED_EDGE('',*,*,#3881,.T.);
#5149=ORIENTED_EDGE('',*,*,#3882,.F.);
#5150=ORIENTED_EDGE('',*,*,#3881,.F.);
#5151=ORIENTED_EDGE('',*,*,#3883,.F.);
#5152=ORIENTED_EDGE('',*,*,#3884,.T.);
#5153=ORIENTED_EDGE('',*,*,#3885,.F.);
#5154=ORIENTED_EDGE('',*,*,#3884,.F.);
#5155=ORIENTED_EDGE('',*,*,#3886,.F.);
#5156=ORIENTED_EDGE('',*,*,#3887,.T.);
#5157=ORIENTED_EDGE('',*,*,#3888,.F.);
#5158=ORIENTED_EDGE('',*,*,#3887,.F.);
#5159=ORIENTED_EDGE('',*,*,#3889,.F.);
#5160=ORIENTED_EDGE('',*,*,#3890,.T.);
#5161=ORIENTED_EDGE('',*,*,#3891,.F.);
#5162=ORIENTED_EDGE('',*,*,#3890,.F.);
#5163=ORIENTED_EDGE('',*,*,#3892,.F.);
#5164=ORIENTED_EDGE('',*,*,#3893,.T.);
#5165=ORIENTED_EDGE('',*,*,#3894,.F.);
#5166=ORIENTED_EDGE('',*,*,#3893,.F.);
#5167=ORIENTED_EDGE('',*,*,#3895,.F.);
#5168=ORIENTED_EDGE('',*,*,#3896,.T.);
#5169=ORIENTED_EDGE('',*,*,#3897,.F.);
#5170=ORIENTED_EDGE('',*,*,#3896,.F.);
#5171=ORIENTED_EDGE('',*,*,#3898,.F.);
#5172=ORIENTED_EDGE('',*,*,#3876,.T.);
#5173=ORIENTED_EDGE('',*,*,#3899,.F.);
#5174=ORIENTED_EDGE('',*,*,#3900,.F.);
#5175=ORIENTED_EDGE('',*,*,#3901,.F.);
#5176=ORIENTED_EDGE('',*,*,#3902,.T.);
#5177=ORIENTED_EDGE('',*,*,#3903,.F.);
#5178=ORIENTED_EDGE('',*,*,#3902,.F.);
#5179=ORIENTED_EDGE('',*,*,#3904,.F.);
#5180=ORIENTED_EDGE('',*,*,#3905,.T.);
#5181=ORIENTED_EDGE('',*,*,#3906,.F.);
#5182=ORIENTED_EDGE('',*,*,#3905,.F.);
#5183=ORIENTED_EDGE('',*,*,#3907,.F.);
#5184=ORIENTED_EDGE('',*,*,#3908,.T.);
#5185=ORIENTED_EDGE('',*,*,#3909,.F.);
#5186=ORIENTED_EDGE('',*,*,#3908,.F.);
#5187=ORIENTED_EDGE('',*,*,#3910,.F.);
#5188=ORIENTED_EDGE('',*,*,#3911,.T.);
#5189=ORIENTED_EDGE('',*,*,#3912,.F.);
#5190=ORIENTED_EDGE('',*,*,#3911,.F.);
#5191=ORIENTED_EDGE('',*,*,#3913,.F.);
#5192=ORIENTED_EDGE('',*,*,#3914,.T.);
#5193=ORIENTED_EDGE('',*,*,#3915,.F.);
#5194=ORIENTED_EDGE('',*,*,#3914,.F.);
#5195=ORIENTED_EDGE('',*,*,#3916,.F.);
#5196=ORIENTED_EDGE('',*,*,#3917,.T.);
#5197=ORIENTED_EDGE('',*,*,#3918,.F.);
#5198=ORIENTED_EDGE('',*,*,#3917,.F.);
#5199=ORIENTED_EDGE('',*,*,#3919,.F.);
#5200=ORIENTED_EDGE('',*,*,#3920,.T.);
#5201=ORIENTED_EDGE('',*,*,#3921,.F.);
#5202=ORIENTED_EDGE('',*,*,#3920,.F.);
#5203=ORIENTED_EDGE('',*,*,#3922,.F.);
#5204=ORIENTED_EDGE('',*,*,#3900,.T.);
#5205=ORIENTED_EDGE('',*,*,#3923,.F.);
#5206=ORIENTED_EDGE('',*,*,#3924,.F.);
#5207=ORIENTED_EDGE('',*,*,#3925,.F.);
#5208=ORIENTED_EDGE('',*,*,#3926,.T.);
#5209=ORIENTED_EDGE('',*,*,#3927,.F.);
#5210=ORIENTED_EDGE('',*,*,#3926,.F.);
#5211=ORIENTED_EDGE('',*,*,#3928,.F.);
#5212=ORIENTED_EDGE('',*,*,#3929,.T.);
#5213=ORIENTED_EDGE('',*,*,#3930,.F.);
#5214=ORIENTED_EDGE('',*,*,#3929,.F.);
#5215=ORIENTED_EDGE('',*,*,#3931,.F.);
#5216=ORIENTED_EDGE('',*,*,#3932,.T.);
#5217=ORIENTED_EDGE('',*,*,#3933,.F.);
#5218=ORIENTED_EDGE('',*,*,#3932,.F.);
#5219=ORIENTED_EDGE('',*,*,#3934,.F.);
#5220=ORIENTED_EDGE('',*,*,#3935,.T.);
#5221=ORIENTED_EDGE('',*,*,#3936,.F.);
#5222=ORIENTED_EDGE('',*,*,#3935,.F.);
#5223=ORIENTED_EDGE('',*,*,#3937,.F.);
#5224=ORIENTED_EDGE('',*,*,#3938,.T.);
#5225=ORIENTED_EDGE('',*,*,#3939,.F.);
#5226=ORIENTED_EDGE('',*,*,#3938,.F.);
#5227=ORIENTED_EDGE('',*,*,#3940,.F.);
#5228=ORIENTED_EDGE('',*,*,#3941,.T.);
#5229=ORIENTED_EDGE('',*,*,#3942,.F.);
#5230=ORIENTED_EDGE('',*,*,#3941,.F.);
#5231=ORIENTED_EDGE('',*,*,#3943,.F.);
#5232=ORIENTED_EDGE('',*,*,#3944,.T.);
#5233=ORIENTED_EDGE('',*,*,#3945,.F.);
#5234=ORIENTED_EDGE('',*,*,#3944,.F.);
#5235=ORIENTED_EDGE('',*,*,#3946,.F.);
#5236=ORIENTED_EDGE('',*,*,#3924,.T.);
#5237=ORIENTED_EDGE('',*,*,#3947,.F.);
#5238=ORIENTED_EDGE('',*,*,#3948,.F.);
#5239=ORIENTED_EDGE('',*,*,#3949,.T.);
#5240=ORIENTED_EDGE('',*,*,#3950,.T.);
#5241=ORIENTED_EDGE('',*,*,#3951,.F.);
#5242=ORIENTED_EDGE('',*,*,#3952,.F.);
#5243=ORIENTED_EDGE('',*,*,#3953,.T.);
#5244=ORIENTED_EDGE('',*,*,#3948,.T.);
#5245=ORIENTED_EDGE('',*,*,#3954,.F.);
#5246=ORIENTED_EDGE('',*,*,#3955,.F.);
#5247=ORIENTED_EDGE('',*,*,#3956,.T.);
#5248=ORIENTED_EDGE('',*,*,#3952,.T.);
#5249=ORIENTED_EDGE('',*,*,#3957,.F.);
#5250=ORIENTED_EDGE('',*,*,#3958,.F.);
#5251=ORIENTED_EDGE('',*,*,#3959,.T.);
#5252=ORIENTED_EDGE('',*,*,#3955,.T.);
#5253=ORIENTED_EDGE('',*,*,#3960,.F.);
#5254=ORIENTED_EDGE('',*,*,#3961,.F.);
#5255=ORIENTED_EDGE('',*,*,#3962,.T.);
#5256=ORIENTED_EDGE('',*,*,#3958,.T.);
#5257=ORIENTED_EDGE('',*,*,#3963,.F.);
#5258=ORIENTED_EDGE('',*,*,#3964,.F.);
#5259=ORIENTED_EDGE('',*,*,#3965,.T.);
#5260=ORIENTED_EDGE('',*,*,#3961,.T.);
#5261=ORIENTED_EDGE('',*,*,#3966,.F.);
#5262=ORIENTED_EDGE('',*,*,#3967,.F.);
#5263=ORIENTED_EDGE('',*,*,#3968,.T.);
#5264=ORIENTED_EDGE('',*,*,#3964,.T.);
#5265=ORIENTED_EDGE('',*,*,#3969,.F.);
#5266=ORIENTED_EDGE('',*,*,#3970,.F.);
#5267=ORIENTED_EDGE('',*,*,#3971,.T.);
#5268=ORIENTED_EDGE('',*,*,#3967,.T.);
#5269=ORIENTED_EDGE('',*,*,#3972,.F.);
#5270=ORIENTED_EDGE('',*,*,#3973,.F.);
#5271=ORIENTED_EDGE('',*,*,#3974,.T.);
#5272=ORIENTED_EDGE('',*,*,#3970,.T.);
#5273=ORIENTED_EDGE('',*,*,#3975,.F.);
#5274=ORIENTED_EDGE('',*,*,#3976,.F.);
#5275=ORIENTED_EDGE('',*,*,#3977,.T.);
#5276=ORIENTED_EDGE('',*,*,#3973,.T.);
#5277=ORIENTED_EDGE('',*,*,#3978,.F.);
#5278=ORIENTED_EDGE('',*,*,#3979,.F.);
#5279=ORIENTED_EDGE('',*,*,#3980,.T.);
#5280=ORIENTED_EDGE('',*,*,#3976,.T.);
#5281=ORIENTED_EDGE('',*,*,#3981,.F.);
#5282=ORIENTED_EDGE('',*,*,#3982,.F.);
#5283=ORIENTED_EDGE('',*,*,#3983,.T.);
#5284=ORIENTED_EDGE('',*,*,#3979,.T.);
#5285=ORIENTED_EDGE('',*,*,#3984,.F.);
#5286=ORIENTED_EDGE('',*,*,#3985,.F.);
#5287=ORIENTED_EDGE('',*,*,#3986,.T.);
#5288=ORIENTED_EDGE('',*,*,#3982,.T.);
#5289=ORIENTED_EDGE('',*,*,#3987,.F.);
#5290=ORIENTED_EDGE('',*,*,#3988,.F.);
#5291=ORIENTED_EDGE('',*,*,#3989,.T.);
#5292=ORIENTED_EDGE('',*,*,#3985,.T.);
#5293=ORIENTED_EDGE('',*,*,#3990,.F.);
#5294=ORIENTED_EDGE('',*,*,#3991,.F.);
#5295=ORIENTED_EDGE('',*,*,#3992,.T.);
#5296=ORIENTED_EDGE('',*,*,#3988,.T.);
#5297=ORIENTED_EDGE('',*,*,#3993,.F.);
#5298=ORIENTED_EDGE('',*,*,#3994,.F.);
#5299=ORIENTED_EDGE('',*,*,#3995,.T.);
#5300=ORIENTED_EDGE('',*,*,#3991,.T.);
#5301=ORIENTED_EDGE('',*,*,#3996,.F.);
#5302=ORIENTED_EDGE('',*,*,#3997,.F.);
#5303=ORIENTED_EDGE('',*,*,#3998,.T.);
#5304=ORIENTED_EDGE('',*,*,#3994,.T.);
#5305=ORIENTED_EDGE('',*,*,#3999,.F.);
#5306=ORIENTED_EDGE('',*,*,#4000,.F.);
#5307=ORIENTED_EDGE('',*,*,#4001,.T.);
#5308=ORIENTED_EDGE('',*,*,#3997,.T.);
#5309=ORIENTED_EDGE('',*,*,#4002,.F.);
#5310=ORIENTED_EDGE('',*,*,#4003,.F.);
#5311=ORIENTED_EDGE('',*,*,#4004,.T.);
#5312=ORIENTED_EDGE('',*,*,#4000,.T.);
#5313=ORIENTED_EDGE('',*,*,#4005,.F.);
#5314=ORIENTED_EDGE('',*,*,#4006,.F.);
#5315=ORIENTED_EDGE('',*,*,#4007,.T.);
#5316=ORIENTED_EDGE('',*,*,#4003,.T.);
#5317=ORIENTED_EDGE('',*,*,#4008,.F.);
#5318=ORIENTED_EDGE('',*,*,#4009,.F.);
#5319=ORIENTED_EDGE('',*,*,#4010,.T.);
#5320=ORIENTED_EDGE('',*,*,#4006,.T.);
#5321=ORIENTED_EDGE('',*,*,#4011,.F.);
#5322=ORIENTED_EDGE('',*,*,#4012,.F.);
#5323=ORIENTED_EDGE('',*,*,#4013,.T.);
#5324=ORIENTED_EDGE('',*,*,#4009,.T.);
#5325=ORIENTED_EDGE('',*,*,#4014,.F.);
#5326=ORIENTED_EDGE('',*,*,#4015,.F.);
#5327=ORIENTED_EDGE('',*,*,#4016,.T.);
#5328=ORIENTED_EDGE('',*,*,#4012,.T.);
#5329=ORIENTED_EDGE('',*,*,#4017,.F.);
#5330=ORIENTED_EDGE('',*,*,#4018,.F.);
#5331=ORIENTED_EDGE('',*,*,#4019,.T.);
#5332=ORIENTED_EDGE('',*,*,#4015,.T.);
#5333=ORIENTED_EDGE('',*,*,#4020,.F.);
#5334=ORIENTED_EDGE('',*,*,#4021,.F.);
#5335=ORIENTED_EDGE('',*,*,#4022,.T.);
#5336=ORIENTED_EDGE('',*,*,#4018,.T.);
#5337=ORIENTED_EDGE('',*,*,#4023,.F.);
#5338=ORIENTED_EDGE('',*,*,#4024,.F.);
#5339=ORIENTED_EDGE('',*,*,#4025,.T.);
#5340=ORIENTED_EDGE('',*,*,#4021,.T.);
#5341=ORIENTED_EDGE('',*,*,#4026,.F.);
#5342=ORIENTED_EDGE('',*,*,#4027,.F.);
#5343=ORIENTED_EDGE('',*,*,#4028,.T.);
#5344=ORIENTED_EDGE('',*,*,#4024,.T.);
#5345=ORIENTED_EDGE('',*,*,#4029,.F.);
#5346=ORIENTED_EDGE('',*,*,#4030,.F.);
#5347=ORIENTED_EDGE('',*,*,#4031,.T.);
#5348=ORIENTED_EDGE('',*,*,#4027,.T.);
#5349=ORIENTED_EDGE('',*,*,#4032,.F.);
#5350=ORIENTED_EDGE('',*,*,#4033,.F.);
#5351=ORIENTED_EDGE('',*,*,#4034,.T.);
#5352=ORIENTED_EDGE('',*,*,#4030,.T.);
#5353=ORIENTED_EDGE('',*,*,#4035,.F.);
#5354=ORIENTED_EDGE('',*,*,#4036,.F.);
#5355=ORIENTED_EDGE('',*,*,#4037,.T.);
#5356=ORIENTED_EDGE('',*,*,#4033,.T.);
#5357=ORIENTED_EDGE('',*,*,#4038,.F.);
#5358=ORIENTED_EDGE('',*,*,#4039,.F.);
#5359=ORIENTED_EDGE('',*,*,#4040,.T.);
#5360=ORIENTED_EDGE('',*,*,#4036,.T.);
#5361=ORIENTED_EDGE('',*,*,#4041,.F.);
#5362=ORIENTED_EDGE('',*,*,#3950,.F.);
#5363=ORIENTED_EDGE('',*,*,#4042,.T.);
#5364=ORIENTED_EDGE('',*,*,#4039,.T.);
#5365=ORIENTED_EDGE('',*,*,#4031,.F.);
#5366=ORIENTED_EDGE('',*,*,#4043,.F.);
#5367=ORIENTED_EDGE('',*,*,#3763,.T.);
#5368=ORIENTED_EDGE('',*,*,#4044,.T.);
#5369=ORIENTED_EDGE('',*,*,#4028,.F.);
#5370=ORIENTED_EDGE('',*,*,#4044,.F.);
#5371=ORIENTED_EDGE('',*,*,#3794,.T.);
#5372=ORIENTED_EDGE('',*,*,#4045,.T.);
#5373=ORIENTED_EDGE('',*,*,#4025,.F.);
#5374=ORIENTED_EDGE('',*,*,#4045,.F.);
#5375=ORIENTED_EDGE('',*,*,#3793,.T.);
#5376=ORIENTED_EDGE('',*,*,#4046,.T.);
#5377=ORIENTED_EDGE('',*,*,#4022,.F.);
#5378=ORIENTED_EDGE('',*,*,#4046,.F.);
#5379=ORIENTED_EDGE('',*,*,#3792,.T.);
#5380=ORIENTED_EDGE('',*,*,#4047,.T.);
#5381=ORIENTED_EDGE('',*,*,#4019,.F.);
#5382=ORIENTED_EDGE('',*,*,#4047,.F.);
#5383=ORIENTED_EDGE('',*,*,#3791,.T.);
#5384=ORIENTED_EDGE('',*,*,#4048,.T.);
#5385=ORIENTED_EDGE('',*,*,#4016,.F.);
#5386=ORIENTED_EDGE('',*,*,#4048,.F.);
#5387=ORIENTED_EDGE('',*,*,#3790,.T.);
#5388=ORIENTED_EDGE('',*,*,#4049,.T.);
#5389=ORIENTED_EDGE('',*,*,#4013,.F.);
#5390=ORIENTED_EDGE('',*,*,#4049,.F.);
#5391=ORIENTED_EDGE('',*,*,#3789,.T.);
#5392=ORIENTED_EDGE('',*,*,#4050,.T.);
#5393=ORIENTED_EDGE('',*,*,#4010,.F.);
#5394=ORIENTED_EDGE('',*,*,#4050,.F.);
#5395=ORIENTED_EDGE('',*,*,#3788,.T.);
#5396=ORIENTED_EDGE('',*,*,#4051,.T.);
#5397=ORIENTED_EDGE('',*,*,#4007,.F.);
#5398=ORIENTED_EDGE('',*,*,#4051,.F.);
#5399=ORIENTED_EDGE('',*,*,#3787,.T.);
#5400=ORIENTED_EDGE('',*,*,#4052,.T.);
#5401=ORIENTED_EDGE('',*,*,#4004,.F.);
#5402=ORIENTED_EDGE('',*,*,#4052,.F.);
#5403=ORIENTED_EDGE('',*,*,#3786,.T.);
#5404=ORIENTED_EDGE('',*,*,#4053,.T.);
#5405=ORIENTED_EDGE('',*,*,#4001,.F.);
#5406=ORIENTED_EDGE('',*,*,#4053,.F.);
#5407=ORIENTED_EDGE('',*,*,#3785,.T.);
#5408=ORIENTED_EDGE('',*,*,#4054,.T.);
#5409=ORIENTED_EDGE('',*,*,#3998,.F.);
#5410=ORIENTED_EDGE('',*,*,#4054,.F.);
#5411=ORIENTED_EDGE('',*,*,#3784,.T.);
#5412=ORIENTED_EDGE('',*,*,#4055,.T.);
#5413=ORIENTED_EDGE('',*,*,#3995,.F.);
#5414=ORIENTED_EDGE('',*,*,#4055,.F.);
#5415=ORIENTED_EDGE('',*,*,#3783,.T.);
#5416=ORIENTED_EDGE('',*,*,#4056,.T.);
#5417=ORIENTED_EDGE('',*,*,#3992,.F.);
#5418=ORIENTED_EDGE('',*,*,#4056,.F.);
#5419=ORIENTED_EDGE('',*,*,#3782,.T.);
#5420=ORIENTED_EDGE('',*,*,#4057,.T.);
#5421=ORIENTED_EDGE('',*,*,#3989,.F.);
#5422=ORIENTED_EDGE('',*,*,#4057,.F.);
#5423=ORIENTED_EDGE('',*,*,#3781,.T.);
#5424=ORIENTED_EDGE('',*,*,#4058,.T.);
#5425=ORIENTED_EDGE('',*,*,#3986,.F.);
#5426=ORIENTED_EDGE('',*,*,#4058,.F.);
#5427=ORIENTED_EDGE('',*,*,#3780,.T.);
#5428=ORIENTED_EDGE('',*,*,#4059,.T.);
#5429=ORIENTED_EDGE('',*,*,#3983,.F.);
#5430=ORIENTED_EDGE('',*,*,#4059,.F.);
#5431=ORIENTED_EDGE('',*,*,#3779,.T.);
#5432=ORIENTED_EDGE('',*,*,#4060,.T.);
#5433=ORIENTED_EDGE('',*,*,#3980,.F.);
#5434=ORIENTED_EDGE('',*,*,#4060,.F.);
#5435=ORIENTED_EDGE('',*,*,#3778,.T.);
#5436=ORIENTED_EDGE('',*,*,#4061,.T.);
#5437=ORIENTED_EDGE('',*,*,#3977,.F.);
#5438=ORIENTED_EDGE('',*,*,#4061,.F.);
#5439=ORIENTED_EDGE('',*,*,#3777,.T.);
#5440=ORIENTED_EDGE('',*,*,#4062,.T.);
#5441=ORIENTED_EDGE('',*,*,#3974,.F.);
#5442=ORIENTED_EDGE('',*,*,#4062,.F.);
#5443=ORIENTED_EDGE('',*,*,#3776,.T.);
#5444=ORIENTED_EDGE('',*,*,#4063,.T.);
#5445=ORIENTED_EDGE('',*,*,#3971,.F.);
#5446=ORIENTED_EDGE('',*,*,#4063,.F.);
#5447=ORIENTED_EDGE('',*,*,#3775,.T.);
#5448=ORIENTED_EDGE('',*,*,#4064,.T.);
#5449=ORIENTED_EDGE('',*,*,#3968,.F.);
#5450=ORIENTED_EDGE('',*,*,#4064,.F.);
#5451=ORIENTED_EDGE('',*,*,#3774,.T.);
#5452=ORIENTED_EDGE('',*,*,#4065,.T.);
#5453=ORIENTED_EDGE('',*,*,#3965,.F.);
#5454=ORIENTED_EDGE('',*,*,#4065,.F.);
#5455=ORIENTED_EDGE('',*,*,#3773,.T.);
#5456=ORIENTED_EDGE('',*,*,#4066,.T.);
#5457=ORIENTED_EDGE('',*,*,#3962,.F.);
#5458=ORIENTED_EDGE('',*,*,#4066,.F.);
#5459=ORIENTED_EDGE('',*,*,#3772,.T.);
#5460=ORIENTED_EDGE('',*,*,#4067,.T.);
#5461=ORIENTED_EDGE('',*,*,#3959,.F.);
#5462=ORIENTED_EDGE('',*,*,#4067,.F.);
#5463=ORIENTED_EDGE('',*,*,#3771,.T.);
#5464=ORIENTED_EDGE('',*,*,#4068,.T.);
#5465=ORIENTED_EDGE('',*,*,#3956,.F.);
#5466=ORIENTED_EDGE('',*,*,#4068,.F.);
#5467=ORIENTED_EDGE('',*,*,#3770,.T.);
#5468=ORIENTED_EDGE('',*,*,#4069,.T.);
#5469=ORIENTED_EDGE('',*,*,#3953,.F.);
#5470=ORIENTED_EDGE('',*,*,#4069,.F.);
#5471=ORIENTED_EDGE('',*,*,#3769,.T.);
#5472=ORIENTED_EDGE('',*,*,#4070,.T.);
#5473=ORIENTED_EDGE('',*,*,#3949,.F.);
#5474=ORIENTED_EDGE('',*,*,#4070,.F.);
#5475=ORIENTED_EDGE('',*,*,#3768,.T.);
#5476=ORIENTED_EDGE('',*,*,#4071,.T.);
#5477=ORIENTED_EDGE('',*,*,#4042,.F.);
#5478=ORIENTED_EDGE('',*,*,#4071,.F.);
#5479=ORIENTED_EDGE('',*,*,#3767,.T.);
#5480=ORIENTED_EDGE('',*,*,#4072,.T.);
#5481=ORIENTED_EDGE('',*,*,#4040,.F.);
#5482=ORIENTED_EDGE('',*,*,#4072,.F.);
#5483=ORIENTED_EDGE('',*,*,#3766,.T.);
#5484=ORIENTED_EDGE('',*,*,#4073,.T.);
#5485=ORIENTED_EDGE('',*,*,#4037,.F.);
#5486=ORIENTED_EDGE('',*,*,#4073,.F.);
#5487=ORIENTED_EDGE('',*,*,#3765,.T.);
#5488=ORIENTED_EDGE('',*,*,#4074,.T.);
#5489=ORIENTED_EDGE('',*,*,#4034,.F.);
#5490=ORIENTED_EDGE('',*,*,#4074,.F.);
#5491=ORIENTED_EDGE('',*,*,#3764,.T.);
#5492=ORIENTED_EDGE('',*,*,#4043,.T.);
#5493=ORIENTED_EDGE('',*,*,#4041,.T.);
#5494=ORIENTED_EDGE('',*,*,#4075,.T.);
#5495=ORIENTED_EDGE('',*,*,#3819,.F.);
#5496=ORIENTED_EDGE('',*,*,#4076,.F.);
#5497=ORIENTED_EDGE('',*,*,#4038,.T.);
#5498=ORIENTED_EDGE('',*,*,#4077,.T.);
#5499=ORIENTED_EDGE('',*,*,#3820,.F.);
#5500=ORIENTED_EDGE('',*,*,#4075,.F.);
#5501=ORIENTED_EDGE('',*,*,#4035,.T.);
#5502=ORIENTED_EDGE('',*,*,#4078,.T.);
#5503=ORIENTED_EDGE('',*,*,#3821,.F.);
#5504=ORIENTED_EDGE('',*,*,#4077,.F.);
#5505=ORIENTED_EDGE('',*,*,#4032,.T.);
#5506=ORIENTED_EDGE('',*,*,#4079,.T.);
#5507=ORIENTED_EDGE('',*,*,#3822,.F.);
#5508=ORIENTED_EDGE('',*,*,#4078,.F.);
#5509=ORIENTED_EDGE('',*,*,#4029,.T.);
#5510=ORIENTED_EDGE('',*,*,#4080,.T.);
#5511=ORIENTED_EDGE('',*,*,#3823,.F.);
#5512=ORIENTED_EDGE('',*,*,#4079,.F.);
#5513=ORIENTED_EDGE('',*,*,#4026,.T.);
#5514=ORIENTED_EDGE('',*,*,#4081,.T.);
#5515=ORIENTED_EDGE('',*,*,#3824,.F.);
#5516=ORIENTED_EDGE('',*,*,#4080,.F.);
#5517=ORIENTED_EDGE('',*,*,#4023,.T.);
#5518=ORIENTED_EDGE('',*,*,#4082,.T.);
#5519=ORIENTED_EDGE('',*,*,#3825,.F.);
#5520=ORIENTED_EDGE('',*,*,#4081,.F.);
#5521=ORIENTED_EDGE('',*,*,#4020,.T.);
#5522=ORIENTED_EDGE('',*,*,#4083,.T.);
#5523=ORIENTED_EDGE('',*,*,#3826,.F.);
#5524=ORIENTED_EDGE('',*,*,#4082,.F.);
#5525=ORIENTED_EDGE('',*,*,#4017,.T.);
#5526=ORIENTED_EDGE('',*,*,#4084,.T.);
#5527=ORIENTED_EDGE('',*,*,#3827,.F.);
#5528=ORIENTED_EDGE('',*,*,#4083,.F.);
#5529=ORIENTED_EDGE('',*,*,#4014,.T.);
#5530=ORIENTED_EDGE('',*,*,#4085,.T.);
#5531=ORIENTED_EDGE('',*,*,#3828,.F.);
#5532=ORIENTED_EDGE('',*,*,#4084,.F.);
#5533=ORIENTED_EDGE('',*,*,#4011,.T.);
#5534=ORIENTED_EDGE('',*,*,#4086,.T.);
#5535=ORIENTED_EDGE('',*,*,#3829,.F.);
#5536=ORIENTED_EDGE('',*,*,#4085,.F.);
#5537=ORIENTED_EDGE('',*,*,#4008,.T.);
#5538=ORIENTED_EDGE('',*,*,#4087,.T.);
#5539=ORIENTED_EDGE('',*,*,#3830,.F.);
#5540=ORIENTED_EDGE('',*,*,#4086,.F.);
#5541=ORIENTED_EDGE('',*,*,#4005,.T.);
#5542=ORIENTED_EDGE('',*,*,#4088,.T.);
#5543=ORIENTED_EDGE('',*,*,#3831,.F.);
#5544=ORIENTED_EDGE('',*,*,#4087,.F.);
#5545=ORIENTED_EDGE('',*,*,#4002,.T.);
#5546=ORIENTED_EDGE('',*,*,#4089,.T.);
#5547=ORIENTED_EDGE('',*,*,#3832,.F.);
#5548=ORIENTED_EDGE('',*,*,#4088,.F.);
#5549=ORIENTED_EDGE('',*,*,#3999,.T.);
#5550=ORIENTED_EDGE('',*,*,#4090,.T.);
#5551=ORIENTED_EDGE('',*,*,#3833,.F.);
#5552=ORIENTED_EDGE('',*,*,#4089,.F.);
#5553=ORIENTED_EDGE('',*,*,#3996,.T.);
#5554=ORIENTED_EDGE('',*,*,#4091,.T.);
#5555=ORIENTED_EDGE('',*,*,#3834,.F.);
#5556=ORIENTED_EDGE('',*,*,#4090,.F.);
#5557=ORIENTED_EDGE('',*,*,#3993,.T.);
#5558=ORIENTED_EDGE('',*,*,#4092,.T.);
#5559=ORIENTED_EDGE('',*,*,#3835,.F.);
#5560=ORIENTED_EDGE('',*,*,#4091,.F.);
#5561=ORIENTED_EDGE('',*,*,#3990,.T.);
#5562=ORIENTED_EDGE('',*,*,#4093,.T.);
#5563=ORIENTED_EDGE('',*,*,#3836,.F.);
#5564=ORIENTED_EDGE('',*,*,#4092,.F.);
#5565=ORIENTED_EDGE('',*,*,#3987,.T.);
#5566=ORIENTED_EDGE('',*,*,#4094,.T.);
#5567=ORIENTED_EDGE('',*,*,#3837,.F.);
#5568=ORIENTED_EDGE('',*,*,#4093,.F.);
#5569=ORIENTED_EDGE('',*,*,#3984,.T.);
#5570=ORIENTED_EDGE('',*,*,#4095,.T.);
#5571=ORIENTED_EDGE('',*,*,#3838,.F.);
#5572=ORIENTED_EDGE('',*,*,#4094,.F.);
#5573=ORIENTED_EDGE('',*,*,#3981,.T.);
#5574=ORIENTED_EDGE('',*,*,#4096,.T.);
#5575=ORIENTED_EDGE('',*,*,#3839,.F.);
#5576=ORIENTED_EDGE('',*,*,#4095,.F.);
#5577=ORIENTED_EDGE('',*,*,#3978,.T.);
#5578=ORIENTED_EDGE('',*,*,#4097,.T.);
#5579=ORIENTED_EDGE('',*,*,#3840,.F.);
#5580=ORIENTED_EDGE('',*,*,#4096,.F.);
#5581=ORIENTED_EDGE('',*,*,#3975,.T.);
#5582=ORIENTED_EDGE('',*,*,#4098,.T.);
#5583=ORIENTED_EDGE('',*,*,#3841,.F.);
#5584=ORIENTED_EDGE('',*,*,#4097,.F.);
#5585=ORIENTED_EDGE('',*,*,#3972,.T.);
#5586=ORIENTED_EDGE('',*,*,#4099,.T.);
#5587=ORIENTED_EDGE('',*,*,#3842,.F.);
#5588=ORIENTED_EDGE('',*,*,#4098,.F.);
#5589=ORIENTED_EDGE('',*,*,#3969,.T.);
#5590=ORIENTED_EDGE('',*,*,#4100,.T.);
#5591=ORIENTED_EDGE('',*,*,#3843,.F.);
#5592=ORIENTED_EDGE('',*,*,#4099,.F.);
#5593=ORIENTED_EDGE('',*,*,#3966,.T.);
#5594=ORIENTED_EDGE('',*,*,#4101,.T.);
#5595=ORIENTED_EDGE('',*,*,#3844,.F.);
#5596=ORIENTED_EDGE('',*,*,#4100,.F.);
#5597=ORIENTED_EDGE('',*,*,#3963,.T.);
#5598=ORIENTED_EDGE('',*,*,#4102,.T.);
#5599=ORIENTED_EDGE('',*,*,#3845,.F.);
#5600=ORIENTED_EDGE('',*,*,#4101,.F.);
#5601=ORIENTED_EDGE('',*,*,#3960,.T.);
#5602=ORIENTED_EDGE('',*,*,#4103,.T.);
#5603=ORIENTED_EDGE('',*,*,#3846,.F.);
#5604=ORIENTED_EDGE('',*,*,#4102,.F.);
#5605=ORIENTED_EDGE('',*,*,#3957,.T.);
#5606=ORIENTED_EDGE('',*,*,#4104,.T.);
#5607=ORIENTED_EDGE('',*,*,#3847,.F.);
#5608=ORIENTED_EDGE('',*,*,#4103,.F.);
#5609=ORIENTED_EDGE('',*,*,#3954,.T.);
#5610=ORIENTED_EDGE('',*,*,#4105,.T.);
#5611=ORIENTED_EDGE('',*,*,#3848,.F.);
#5612=ORIENTED_EDGE('',*,*,#4104,.F.);
#5613=ORIENTED_EDGE('',*,*,#3951,.T.);
#5614=ORIENTED_EDGE('',*,*,#4106,.T.);
#5615=ORIENTED_EDGE('',*,*,#3849,.F.);
#5616=ORIENTED_EDGE('',*,*,#4105,.F.);
#5617=ORIENTED_EDGE('',*,*,#3947,.T.);
#5618=ORIENTED_EDGE('',*,*,#4076,.T.);
#5619=ORIENTED_EDGE('',*,*,#3850,.F.);
#5620=ORIENTED_EDGE('',*,*,#4106,.F.);
#5621=ORIENTED_EDGE('',*,*,#3803,.F.);
#5622=ORIENTED_EDGE('',*,*,#4107,.F.);
#5623=ORIENTED_EDGE('',*,*,#3925,.T.);
#5624=ORIENTED_EDGE('',*,*,#4108,.T.);
#5625=ORIENTED_EDGE('',*,*,#3804,.F.);
#5626=ORIENTED_EDGE('',*,*,#4108,.F.);
#5627=ORIENTED_EDGE('',*,*,#3946,.T.);
#5628=ORIENTED_EDGE('',*,*,#4109,.T.);
#5629=ORIENTED_EDGE('',*,*,#3805,.F.);
#5630=ORIENTED_EDGE('',*,*,#4109,.F.);
#5631=ORIENTED_EDGE('',*,*,#3943,.T.);
#5632=ORIENTED_EDGE('',*,*,#4110,.T.);
#5633=ORIENTED_EDGE('',*,*,#3806,.F.);
#5634=ORIENTED_EDGE('',*,*,#4110,.F.);
#5635=ORIENTED_EDGE('',*,*,#3940,.T.);
#5636=ORIENTED_EDGE('',*,*,#4111,.T.);
#5637=ORIENTED_EDGE('',*,*,#3807,.F.);
#5638=ORIENTED_EDGE('',*,*,#4111,.F.);
#5639=ORIENTED_EDGE('',*,*,#3937,.T.);
#5640=ORIENTED_EDGE('',*,*,#4112,.T.);
#5641=ORIENTED_EDGE('',*,*,#3808,.F.);
#5642=ORIENTED_EDGE('',*,*,#4112,.F.);
#5643=ORIENTED_EDGE('',*,*,#3934,.T.);
#5644=ORIENTED_EDGE('',*,*,#4113,.T.);
#5645=ORIENTED_EDGE('',*,*,#3809,.F.);
#5646=ORIENTED_EDGE('',*,*,#4113,.F.);
#5647=ORIENTED_EDGE('',*,*,#3931,.T.);
#5648=ORIENTED_EDGE('',*,*,#4114,.T.);
#5649=ORIENTED_EDGE('',*,*,#3810,.F.);
#5650=ORIENTED_EDGE('',*,*,#4114,.F.);
#5651=ORIENTED_EDGE('',*,*,#3928,.T.);
#5652=ORIENTED_EDGE('',*,*,#4107,.T.);
#5653=ORIENTED_EDGE('',*,*,#3811,.F.);
#5654=ORIENTED_EDGE('',*,*,#4115,.F.);
#5655=ORIENTED_EDGE('',*,*,#3901,.T.);
#5656=ORIENTED_EDGE('',*,*,#4116,.T.);
#5657=ORIENTED_EDGE('',*,*,#3812,.F.);
#5658=ORIENTED_EDGE('',*,*,#4116,.F.);
#5659=ORIENTED_EDGE('',*,*,#3922,.T.);
#5660=ORIENTED_EDGE('',*,*,#4117,.T.);
#5661=ORIENTED_EDGE('',*,*,#3813,.F.);
#5662=ORIENTED_EDGE('',*,*,#4117,.F.);
#5663=ORIENTED_EDGE('',*,*,#3919,.T.);
#5664=ORIENTED_EDGE('',*,*,#4118,.T.);
#5665=ORIENTED_EDGE('',*,*,#3814,.F.);
#5666=ORIENTED_EDGE('',*,*,#4118,.F.);
#5667=ORIENTED_EDGE('',*,*,#3916,.T.);
#5668=ORIENTED_EDGE('',*,*,#4119,.T.);
#5669=ORIENTED_EDGE('',*,*,#3815,.F.);
#5670=ORIENTED_EDGE('',*,*,#4119,.F.);
#5671=ORIENTED_EDGE('',*,*,#3913,.T.);
#5672=ORIENTED_EDGE('',*,*,#4120,.T.);
#5673=ORIENTED_EDGE('',*,*,#3816,.F.);
#5674=ORIENTED_EDGE('',*,*,#4120,.F.);
#5675=ORIENTED_EDGE('',*,*,#3910,.T.);
#5676=ORIENTED_EDGE('',*,*,#4121,.T.);
#5677=ORIENTED_EDGE('',*,*,#3817,.F.);
#5678=ORIENTED_EDGE('',*,*,#4121,.F.);
#5679=ORIENTED_EDGE('',*,*,#3907,.T.);
#5680=ORIENTED_EDGE('',*,*,#4122,.T.);
#5681=ORIENTED_EDGE('',*,*,#3818,.F.);
#5682=ORIENTED_EDGE('',*,*,#4122,.F.);
#5683=ORIENTED_EDGE('',*,*,#3904,.T.);
#5684=ORIENTED_EDGE('',*,*,#4115,.T.);
#5685=ORIENTED_EDGE('',*,*,#3795,.F.);
#5686=ORIENTED_EDGE('',*,*,#4123,.F.);
#5687=ORIENTED_EDGE('',*,*,#3877,.T.);
#5688=ORIENTED_EDGE('',*,*,#4124,.T.);
#5689=ORIENTED_EDGE('',*,*,#3796,.F.);
#5690=ORIENTED_EDGE('',*,*,#4124,.F.);
#5691=ORIENTED_EDGE('',*,*,#3898,.T.);
#5692=ORIENTED_EDGE('',*,*,#4125,.T.);
#5693=ORIENTED_EDGE('',*,*,#3797,.F.);
#5694=ORIENTED_EDGE('',*,*,#4125,.F.);
#5695=ORIENTED_EDGE('',*,*,#3895,.T.);
#5696=ORIENTED_EDGE('',*,*,#4126,.T.);
#5697=ORIENTED_EDGE('',*,*,#3798,.F.);
#5698=ORIENTED_EDGE('',*,*,#4126,.F.);
#5699=ORIENTED_EDGE('',*,*,#3892,.T.);
#5700=ORIENTED_EDGE('',*,*,#4127,.T.);
#5701=ORIENTED_EDGE('',*,*,#3799,.F.);
#5702=ORIENTED_EDGE('',*,*,#4127,.F.);
#5703=ORIENTED_EDGE('',*,*,#3889,.T.);
#5704=ORIENTED_EDGE('',*,*,#4128,.T.);
#5705=ORIENTED_EDGE('',*,*,#3800,.F.);
#5706=ORIENTED_EDGE('',*,*,#4128,.F.);
#5707=ORIENTED_EDGE('',*,*,#3886,.T.);
#5708=ORIENTED_EDGE('',*,*,#4129,.T.);
#5709=ORIENTED_EDGE('',*,*,#3801,.F.);
#5710=ORIENTED_EDGE('',*,*,#4129,.F.);
#5711=ORIENTED_EDGE('',*,*,#3883,.T.);
#5712=ORIENTED_EDGE('',*,*,#4130,.T.);
#5713=ORIENTED_EDGE('',*,*,#3802,.F.);
#5714=ORIENTED_EDGE('',*,*,#4130,.F.);
#5715=ORIENTED_EDGE('',*,*,#3880,.T.);
#5716=ORIENTED_EDGE('',*,*,#4123,.T.);
#5717=ORIENTED_EDGE('',*,*,#3859,.F.);
#5718=ORIENTED_EDGE('',*,*,#4131,.F.);
#5719=ORIENTED_EDGE('',*,*,#3942,.T.);
#5720=ORIENTED_EDGE('',*,*,#4132,.T.);
#5721=ORIENTED_EDGE('',*,*,#3860,.F.);
#5722=ORIENTED_EDGE('',*,*,#4132,.F.);
#5723=ORIENTED_EDGE('',*,*,#3945,.T.);
#5724=ORIENTED_EDGE('',*,*,#4133,.T.);
#5725=ORIENTED_EDGE('',*,*,#3861,.F.);
#5726=ORIENTED_EDGE('',*,*,#4133,.F.);
#5727=ORIENTED_EDGE('',*,*,#3923,.T.);
#5728=ORIENTED_EDGE('',*,*,#4134,.T.);
#5729=ORIENTED_EDGE('',*,*,#3862,.F.);
#5730=ORIENTED_EDGE('',*,*,#4134,.F.);
#5731=ORIENTED_EDGE('',*,*,#3927,.T.);
#5732=ORIENTED_EDGE('',*,*,#4135,.T.);
#5733=ORIENTED_EDGE('',*,*,#3863,.F.);
#5734=ORIENTED_EDGE('',*,*,#4135,.F.);
#5735=ORIENTED_EDGE('',*,*,#3930,.T.);
#5736=ORIENTED_EDGE('',*,*,#4136,.T.);
#5737=ORIENTED_EDGE('',*,*,#3864,.F.);
#5738=ORIENTED_EDGE('',*,*,#4136,.F.);
#5739=ORIENTED_EDGE('',*,*,#3933,.T.);
#5740=ORIENTED_EDGE('',*,*,#4137,.T.);
#5741=ORIENTED_EDGE('',*,*,#3865,.F.);
#5742=ORIENTED_EDGE('',*,*,#4137,.F.);
#5743=ORIENTED_EDGE('',*,*,#3936,.T.);
#5744=ORIENTED_EDGE('',*,*,#4138,.T.);
#5745=ORIENTED_EDGE('',*,*,#3866,.F.);
#5746=ORIENTED_EDGE('',*,*,#4138,.F.);
#5747=ORIENTED_EDGE('',*,*,#3939,.T.);
#5748=ORIENTED_EDGE('',*,*,#4131,.T.);
#5749=ORIENTED_EDGE('',*,*,#3867,.F.);
#5750=ORIENTED_EDGE('',*,*,#4139,.F.);
#5751=ORIENTED_EDGE('',*,*,#3918,.T.);
#5752=ORIENTED_EDGE('',*,*,#4140,.T.);
#5753=ORIENTED_EDGE('',*,*,#3868,.F.);
#5754=ORIENTED_EDGE('',*,*,#4140,.F.);
#5755=ORIENTED_EDGE('',*,*,#3921,.T.);
#5756=ORIENTED_EDGE('',*,*,#4141,.T.);
#5757=ORIENTED_EDGE('',*,*,#3869,.F.);
#5758=ORIENTED_EDGE('',*,*,#4141,.F.);
#5759=ORIENTED_EDGE('',*,*,#3899,.T.);
#5760=ORIENTED_EDGE('',*,*,#4142,.T.);
#5761=ORIENTED_EDGE('',*,*,#3870,.F.);
#5762=ORIENTED_EDGE('',*,*,#4142,.F.);
#5763=ORIENTED_EDGE('',*,*,#3903,.T.);
#5764=ORIENTED_EDGE('',*,*,#4143,.T.);
#5765=ORIENTED_EDGE('',*,*,#3871,.F.);
#5766=ORIENTED_EDGE('',*,*,#4143,.F.);
#5767=ORIENTED_EDGE('',*,*,#3906,.T.);
#5768=ORIENTED_EDGE('',*,*,#4144,.T.);
#5769=ORIENTED_EDGE('',*,*,#3872,.F.);
#5770=ORIENTED_EDGE('',*,*,#4144,.F.);
#5771=ORIENTED_EDGE('',*,*,#3909,.T.);
#5772=ORIENTED_EDGE('',*,*,#4145,.T.);
#5773=ORIENTED_EDGE('',*,*,#3873,.F.);
#5774=ORIENTED_EDGE('',*,*,#4145,.F.);
#5775=ORIENTED_EDGE('',*,*,#3912,.T.);
#5776=ORIENTED_EDGE('',*,*,#4146,.T.);
#5777=ORIENTED_EDGE('',*,*,#3874,.F.);
#5778=ORIENTED_EDGE('',*,*,#4146,.F.);
#5779=ORIENTED_EDGE('',*,*,#3915,.T.);
#5780=ORIENTED_EDGE('',*,*,#4139,.T.);
#5781=ORIENTED_EDGE('',*,*,#3851,.F.);
#5782=ORIENTED_EDGE('',*,*,#4147,.F.);
#5783=ORIENTED_EDGE('',*,*,#3894,.T.);
#5784=ORIENTED_EDGE('',*,*,#4148,.T.);
#5785=ORIENTED_EDGE('',*,*,#3852,.F.);
#5786=ORIENTED_EDGE('',*,*,#4148,.F.);
#5787=ORIENTED_EDGE('',*,*,#3897,.T.);
#5788=ORIENTED_EDGE('',*,*,#4149,.T.);
#5789=ORIENTED_EDGE('',*,*,#3853,.F.);
#5790=ORIENTED_EDGE('',*,*,#4149,.F.);
#5791=ORIENTED_EDGE('',*,*,#3875,.T.);
#5792=ORIENTED_EDGE('',*,*,#4150,.T.);
#5793=ORIENTED_EDGE('',*,*,#3854,.F.);
#5794=ORIENTED_EDGE('',*,*,#4150,.F.);
#5795=ORIENTED_EDGE('',*,*,#3879,.T.);
#5796=ORIENTED_EDGE('',*,*,#4151,.T.);
#5797=ORIENTED_EDGE('',*,*,#3855,.F.);
#5798=ORIENTED_EDGE('',*,*,#4151,.F.);
#5799=ORIENTED_EDGE('',*,*,#3882,.T.);
#5800=ORIENTED_EDGE('',*,*,#4152,.T.);
#5801=ORIENTED_EDGE('',*,*,#3856,.F.);
#5802=ORIENTED_EDGE('',*,*,#4152,.F.);
#5803=ORIENTED_EDGE('',*,*,#3885,.T.);
#5804=ORIENTED_EDGE('',*,*,#4153,.T.);
#5805=ORIENTED_EDGE('',*,*,#3857,.F.);
#5806=ORIENTED_EDGE('',*,*,#4153,.F.);
#5807=ORIENTED_EDGE('',*,*,#3888,.T.);
#5808=ORIENTED_EDGE('',*,*,#4154,.T.);
#5809=ORIENTED_EDGE('',*,*,#3858,.F.);
#5810=ORIENTED_EDGE('',*,*,#4154,.F.);
#5811=ORIENTED_EDGE('',*,*,#3891,.T.);
#5812=ORIENTED_EDGE('',*,*,#4147,.T.);
#5813=ORIENTED_EDGE('',*,*,#4155,.T.);
#5814=ORIENTED_EDGE('',*,*,#4156,.F.);
#5815=ORIENTED_EDGE('',*,*,#4157,.T.);
#5816=ORIENTED_EDGE('',*,*,#4158,.T.);
#5817=ORIENTED_EDGE('',*,*,#4159,.T.);
#5818=ORIENTED_EDGE('',*,*,#4160,.T.);
#5819=ORIENTED_EDGE('',*,*,#4161,.F.);
#5820=ORIENTED_EDGE('',*,*,#4162,.F.);
#5821=ORIENTED_EDGE('',*,*,#4163,.T.);
#5822=ORIENTED_EDGE('',*,*,#4164,.F.);
#5823=ORIENTED_EDGE('',*,*,#4165,.T.);
#5824=ORIENTED_EDGE('',*,*,#4156,.T.);
#5825=ORIENTED_EDGE('',*,*,#4166,.T.);
#5826=ORIENTED_EDGE('',*,*,#4162,.T.);
#5827=ORIENTED_EDGE('',*,*,#4167,.F.);
#5828=ORIENTED_EDGE('',*,*,#4168,.F.);
#5829=ORIENTED_EDGE('',*,*,#4169,.T.);
#5830=ORIENTED_EDGE('',*,*,#4158,.F.);
#5831=ORIENTED_EDGE('',*,*,#4170,.T.);
#5832=ORIENTED_EDGE('',*,*,#4171,.T.);
#5833=ORIENTED_EDGE('',*,*,#4172,.T.);
#5834=ORIENTED_EDGE('',*,*,#4173,.T.);
#5835=ORIENTED_EDGE('',*,*,#4174,.F.);
#5836=ORIENTED_EDGE('',*,*,#4160,.F.);
#5837=ORIENTED_EDGE('',*,*,#4175,.T.);
#5838=ORIENTED_EDGE('',*,*,#4168,.T.);
#5839=ORIENTED_EDGE('',*,*,#4176,.F.);
#5840=ORIENTED_EDGE('',*,*,#4177,.F.);
#5841=ORIENTED_EDGE('',*,*,#4178,.T.);
#5842=ORIENTED_EDGE('',*,*,#4179,.T.);
#5843=ORIENTED_EDGE('',*,*,#4180,.T.);
#5844=ORIENTED_EDGE('',*,*,#4181,.F.);
#5845=ORIENTED_EDGE('',*,*,#4182,.T.);
#5846=ORIENTED_EDGE('',*,*,#4164,.T.);
#5847=ORIENTED_EDGE('',*,*,#4183,.T.);
#5848=ORIENTED_EDGE('',*,*,#4184,.T.);
#5849=ORIENTED_EDGE('',*,*,#4185,.T.);
#5850=ORIENTED_EDGE('',*,*,#4186,.T.);
#5851=ORIENTED_EDGE('',*,*,#4187,.T.);
#5852=ORIENTED_EDGE('',*,*,#4171,.F.);
#5853=ORIENTED_EDGE('',*,*,#4188,.T.);
#5854=ORIENTED_EDGE('',*,*,#4189,.T.);
#5855=ORIENTED_EDGE('',*,*,#4190,.T.);
#5856=ORIENTED_EDGE('',*,*,#4191,.T.);
#5857=ORIENTED_EDGE('',*,*,#4192,.T.);
#5858=ORIENTED_EDGE('',*,*,#4193,.T.);
#5859=ORIENTED_EDGE('',*,*,#4194,.F.);
#5860=ORIENTED_EDGE('',*,*,#4173,.F.);
#5861=ORIENTED_EDGE('',*,*,#4195,.F.);
#5862=ORIENTED_EDGE('',*,*,#4184,.F.);
#5863=ORIENTED_EDGE('',*,*,#4196,.F.);
#5864=ORIENTED_EDGE('',*,*,#4197,.T.);
#5865=ORIENTED_EDGE('',*,*,#4198,.F.);
#5866=ORIENTED_EDGE('',*,*,#4186,.F.);
#5867=ORIENTED_EDGE('',*,*,#4199,.F.);
#5868=ORIENTED_EDGE('',*,*,#4200,.F.);
#5869=ORIENTED_EDGE('',*,*,#4201,.F.);
#5870=ORIENTED_EDGE('',*,*,#4200,.T.);
#5871=ORIENTED_EDGE('',*,*,#4202,.F.);
#5872=ORIENTED_EDGE('',*,*,#4203,.F.);
#5873=ORIENTED_EDGE('',*,*,#4204,.F.);
#5874=ORIENTED_EDGE('',*,*,#4197,.F.);
#5875=ORIENTED_EDGE('',*,*,#4205,.F.);
#5876=ORIENTED_EDGE('',*,*,#4206,.F.);
#5877=ORIENTED_EDGE('',*,*,#4207,.F.);
#5878=ORIENTED_EDGE('',*,*,#4208,.F.);
#5879=ORIENTED_EDGE('',*,*,#4209,.F.);
#5880=ORIENTED_EDGE('',*,*,#4210,.F.);
#5881=ORIENTED_EDGE('',*,*,#4211,.T.);
#5882=ORIENTED_EDGE('',*,*,#4212,.T.);
#5883=ORIENTED_EDGE('',*,*,#4213,.T.);
#5884=ORIENTED_EDGE('',*,*,#4214,.T.);
#5885=ORIENTED_EDGE('',*,*,#4215,.F.);
#5886=ORIENTED_EDGE('',*,*,#4216,.F.);
#5887=ORIENTED_EDGE('',*,*,#4217,.T.);
#5888=ORIENTED_EDGE('',*,*,#4218,.T.);
#5889=ORIENTED_EDGE('',*,*,#4219,.F.);
#5890=ORIENTED_EDGE('',*,*,#4220,.F.);
#5891=ORIENTED_EDGE('',*,*,#4221,.F.);
#5892=ORIENTED_EDGE('',*,*,#4222,.F.);
#5893=ORIENTED_EDGE('',*,*,#4223,.F.);
#5894=ORIENTED_EDGE('',*,*,#4224,.T.);
#5895=ORIENTED_EDGE('',*,*,#4225,.F.);
#5896=ORIENTED_EDGE('',*,*,#4221,.T.);
#5897=ORIENTED_EDGE('',*,*,#4226,.F.);
#5898=ORIENTED_EDGE('',*,*,#4227,.F.);
#5899=ORIENTED_EDGE('',*,*,#4228,.F.);
#5900=ORIENTED_EDGE('',*,*,#4229,.F.);
#5901=ORIENTED_EDGE('',*,*,#4230,.F.);
#5902=ORIENTED_EDGE('',*,*,#4231,.F.);
#5903=ORIENTED_EDGE('',*,*,#4232,.F.);
#5904=ORIENTED_EDGE('',*,*,#4233,.F.);
#5905=ORIENTED_EDGE('',*,*,#4234,.F.);
#5906=ORIENTED_EDGE('',*,*,#4235,.F.);
#5907=ORIENTED_EDGE('',*,*,#4224,.F.);
#5908=ORIENTED_EDGE('',*,*,#4236,.F.);
#5909=ORIENTED_EDGE('',*,*,#4237,.T.);
#5910=ORIENTED_EDGE('',*,*,#4238,.T.);
#5911=ORIENTED_EDGE('',*,*,#4239,.T.);
#5912=ORIENTED_EDGE('',*,*,#4240,.F.);
#5913=ORIENTED_EDGE('',*,*,#4241,.T.);
#5914=ORIENTED_EDGE('',*,*,#4242,.T.);
#5915=ORIENTED_EDGE('',*,*,#4243,.T.);
#5916=ORIENTED_EDGE('',*,*,#4244,.F.);
#5917=ORIENTED_EDGE('',*,*,#4245,.T.);
#5918=ORIENTED_EDGE('',*,*,#4246,.T.);
#5919=ORIENTED_EDGE('',*,*,#4247,.T.);
#5920=ORIENTED_EDGE('',*,*,#4248,.T.);
#5921=ORIENTED_EDGE('',*,*,#4249,.T.);
#5922=ORIENTED_EDGE('',*,*,#4250,.T.);
#5923=ORIENTED_EDGE('',*,*,#4251,.T.);
#5924=ORIENTED_EDGE('',*,*,#4252,.T.);
#5925=ORIENTED_EDGE('',*,*,#4253,.T.);
#5926=ORIENTED_EDGE('',*,*,#4254,.T.);
#5927=ORIENTED_EDGE('',*,*,#4255,.T.);
#5928=ORIENTED_EDGE('',*,*,#4256,.T.);
#5929=ORIENTED_EDGE('',*,*,#4257,.T.);
#5930=ORIENTED_EDGE('',*,*,#4258,.T.);
#5931=ORIENTED_EDGE('',*,*,#4259,.T.);
#5932=ORIENTED_EDGE('',*,*,#4260,.T.);
#5933=ORIENTED_EDGE('',*,*,#4261,.T.);
#5934=ORIENTED_EDGE('',*,*,#4262,.T.);
#5935=ORIENTED_EDGE('',*,*,#4263,.T.);
#5936=ORIENTED_EDGE('',*,*,#4264,.T.);
#5937=ORIENTED_EDGE('',*,*,#4265,.T.);
#5938=ORIENTED_EDGE('',*,*,#4266,.F.);
#5939=ORIENTED_EDGE('',*,*,#4267,.F.);
#5940=ORIENTED_EDGE('',*,*,#4268,.T.);
#5941=ORIENTED_EDGE('',*,*,#4269,.T.);
#5942=ORIENTED_EDGE('',*,*,#4270,.F.);
#5943=ORIENTED_EDGE('',*,*,#4271,.F.);
#5944=ORIENTED_EDGE('',*,*,#4272,.F.);
#5945=ORIENTED_EDGE('',*,*,#4273,.F.);
#5946=ORIENTED_EDGE('',*,*,#4274,.F.);
#5947=ORIENTED_EDGE('',*,*,#4275,.F.);
#5948=ORIENTED_EDGE('',*,*,#4276,.F.);
#5949=ORIENTED_EDGE('',*,*,#4277,.F.);
#5950=ORIENTED_EDGE('',*,*,#4278,.F.);
#5951=ORIENTED_EDGE('',*,*,#4279,.F.);
#5952=ORIENTED_EDGE('',*,*,#4280,.F.);
#5953=ORIENTED_EDGE('',*,*,#4281,.F.);
#5954=ORIENTED_EDGE('',*,*,#4282,.F.);
#5955=ORIENTED_EDGE('',*,*,#4283,.F.);
#5956=ORIENTED_EDGE('',*,*,#4284,.F.);
#5957=ORIENTED_EDGE('',*,*,#4285,.F.);
#5958=ORIENTED_EDGE('',*,*,#4286,.F.);
#5959=ORIENTED_EDGE('',*,*,#4287,.F.);
#5960=ORIENTED_EDGE('',*,*,#4288,.F.);
#5961=ORIENTED_EDGE('',*,*,#4289,.F.);
#5962=ORIENTED_EDGE('',*,*,#4243,.F.);
#5963=ORIENTED_EDGE('',*,*,#4290,.T.);
#5964=ORIENTED_EDGE('',*,*,#4291,.T.);
#5965=ORIENTED_EDGE('',*,*,#4292,.F.);
#5966=ORIENTED_EDGE('',*,*,#4291,.F.);
#5967=ORIENTED_EDGE('',*,*,#4293,.T.);
#5968=ORIENTED_EDGE('',*,*,#4294,.T.);
#5969=ORIENTED_EDGE('',*,*,#4295,.F.);
#5970=ORIENTED_EDGE('',*,*,#4294,.F.);
#5971=ORIENTED_EDGE('',*,*,#4296,.T.);
#5972=ORIENTED_EDGE('',*,*,#4297,.T.);
#5973=ORIENTED_EDGE('',*,*,#4298,.F.);
#5974=ORIENTED_EDGE('',*,*,#4297,.F.);
#5975=ORIENTED_EDGE('',*,*,#4299,.T.);
#5976=ORIENTED_EDGE('',*,*,#4300,.T.);
#5977=ORIENTED_EDGE('',*,*,#4301,.F.);
#5978=ORIENTED_EDGE('',*,*,#4300,.F.);
#5979=ORIENTED_EDGE('',*,*,#4302,.T.);
#5980=ORIENTED_EDGE('',*,*,#4303,.T.);
#5981=ORIENTED_EDGE('',*,*,#4304,.F.);
#5982=ORIENTED_EDGE('',*,*,#4303,.F.);
#5983=ORIENTED_EDGE('',*,*,#4305,.T.);
#5984=ORIENTED_EDGE('',*,*,#4306,.T.);
#5985=ORIENTED_EDGE('',*,*,#4307,.F.);
#5986=ORIENTED_EDGE('',*,*,#4306,.F.);
#5987=ORIENTED_EDGE('',*,*,#4308,.T.);
#5988=ORIENTED_EDGE('',*,*,#4309,.T.);
#5989=ORIENTED_EDGE('',*,*,#4310,.F.);
#5990=ORIENTED_EDGE('',*,*,#4309,.F.);
#5991=ORIENTED_EDGE('',*,*,#4311,.T.);
#5992=ORIENTED_EDGE('',*,*,#4312,.T.);
#5993=ORIENTED_EDGE('',*,*,#4313,.F.);
#5994=ORIENTED_EDGE('',*,*,#4312,.F.);
#5995=ORIENTED_EDGE('',*,*,#4314,.T.);
#5996=ORIENTED_EDGE('',*,*,#4315,.T.);
#5997=ORIENTED_EDGE('',*,*,#4316,.F.);
#5998=ORIENTED_EDGE('',*,*,#4315,.F.);
#5999=ORIENTED_EDGE('',*,*,#4317,.T.);
#6000=ORIENTED_EDGE('',*,*,#4318,.T.);
#6001=ORIENTED_EDGE('',*,*,#4319,.F.);
#6002=ORIENTED_EDGE('',*,*,#4318,.F.);
#6003=ORIENTED_EDGE('',*,*,#4320,.T.);
#6004=ORIENTED_EDGE('',*,*,#4321,.T.);
#6005=ORIENTED_EDGE('',*,*,#4322,.F.);
#6006=ORIENTED_EDGE('',*,*,#4321,.F.);
#6007=ORIENTED_EDGE('',*,*,#4323,.T.);
#6008=ORIENTED_EDGE('',*,*,#4324,.T.);
#6009=ORIENTED_EDGE('',*,*,#4325,.F.);
#6010=ORIENTED_EDGE('',*,*,#4324,.F.);
#6011=ORIENTED_EDGE('',*,*,#4326,.T.);
#6012=ORIENTED_EDGE('',*,*,#4327,.T.);
#6013=ORIENTED_EDGE('',*,*,#4328,.F.);
#6014=ORIENTED_EDGE('',*,*,#4327,.F.);
#6015=ORIENTED_EDGE('',*,*,#4329,.T.);
#6016=ORIENTED_EDGE('',*,*,#4330,.T.);
#6017=ORIENTED_EDGE('',*,*,#4331,.F.);
#6018=ORIENTED_EDGE('',*,*,#4330,.F.);
#6019=ORIENTED_EDGE('',*,*,#4332,.T.);
#6020=ORIENTED_EDGE('',*,*,#4333,.T.);
#6021=ORIENTED_EDGE('',*,*,#4334,.F.);
#6022=ORIENTED_EDGE('',*,*,#4333,.F.);
#6023=ORIENTED_EDGE('',*,*,#4335,.T.);
#6024=ORIENTED_EDGE('',*,*,#4336,.T.);
#6025=ORIENTED_EDGE('',*,*,#4337,.F.);
#6026=ORIENTED_EDGE('',*,*,#4336,.F.);
#6027=ORIENTED_EDGE('',*,*,#4338,.T.);
#6028=ORIENTED_EDGE('',*,*,#4339,.T.);
#6029=ORIENTED_EDGE('',*,*,#4340,.F.);
#6030=ORIENTED_EDGE('',*,*,#4339,.F.);
#6031=ORIENTED_EDGE('',*,*,#4341,.T.);
#6032=ORIENTED_EDGE('',*,*,#4342,.T.);
#6033=ORIENTED_EDGE('',*,*,#4343,.F.);
#6034=ORIENTED_EDGE('',*,*,#4342,.F.);
#6035=ORIENTED_EDGE('',*,*,#4344,.T.);
#6036=ORIENTED_EDGE('',*,*,#4267,.T.);
#6037=ORIENTED_EDGE('',*,*,#4345,.T.);
#6038=ORIENTED_EDGE('',*,*,#4222,.T.);
#6039=ORIENTED_EDGE('',*,*,#4346,.T.);
#6040=ORIENTED_EDGE('',*,*,#4178,.F.);
#6041=ORIENTED_EDGE('',*,*,#4179,.F.);
#6042=ORIENTED_EDGE('',*,*,#4346,.F.);
#6043=ORIENTED_EDGE('',*,*,#4225,.T.);
#6044=ORIENTED_EDGE('',*,*,#4347,.T.);
#6045=ORIENTED_EDGE('',*,*,#4348,.T.);
#6046=ORIENTED_EDGE('',*,*,#4180,.F.);
#6047=ORIENTED_EDGE('',*,*,#4347,.F.);
#6048=ORIENTED_EDGE('',*,*,#4235,.T.);
#6049=ORIENTED_EDGE('',*,*,#4349,.T.);
#6050=ORIENTED_EDGE('',*,*,#4236,.T.);
#6051=ORIENTED_EDGE('',*,*,#4350,.T.);
#6052=ORIENTED_EDGE('',*,*,#4190,.F.);
#6053=ORIENTED_EDGE('',*,*,#4191,.F.);
#6054=ORIENTED_EDGE('',*,*,#4350,.F.);
#6055=ORIENTED_EDGE('',*,*,#4223,.T.);
#6056=ORIENTED_EDGE('',*,*,#4351,.T.);
#6057=ORIENTED_EDGE('',*,*,#4352,.T.);
#6058=ORIENTED_EDGE('',*,*,#4192,.F.);
#6059=ORIENTED_EDGE('',*,*,#4351,.F.);
#6060=ORIENTED_EDGE('',*,*,#4220,.T.);
#6061=ORIENTED_EDGE('',*,*,#4353,.T.);
#6062=ORIENTED_EDGE('',*,*,#4193,.F.);
#6063=ORIENTED_EDGE('',*,*,#4354,.T.);
#6064=ORIENTED_EDGE('',*,*,#4216,.T.);
#6065=ORIENTED_EDGE('',*,*,#4355,.T.);
#6066=ORIENTED_EDGE('',*,*,#4354,.F.);
#6067=ORIENTED_EDGE('',*,*,#4352,.F.);
#6068=ORIENTED_EDGE('',*,*,#4217,.F.);
#6069=ORIENTED_EDGE('',*,*,#4355,.F.);
#6070=ORIENTED_EDGE('',*,*,#4219,.T.);
#6071=ORIENTED_EDGE('',*,*,#4356,.T.);
#6072=ORIENTED_EDGE('',*,*,#4345,.F.);
#6073=ORIENTED_EDGE('',*,*,#4357,.T.);
#6074=ORIENTED_EDGE('',*,*,#4356,.F.);
#6075=ORIENTED_EDGE('',*,*,#4358,.T.);
#6076=ORIENTED_EDGE('',*,*,#4218,.F.);
#6077=ORIENTED_EDGE('',*,*,#4357,.F.);
#6078=ORIENTED_EDGE('',*,*,#4177,.T.);
#6079=ORIENTED_EDGE('',*,*,#4359,.T.);
#6080=ORIENTED_EDGE('',*,*,#4181,.T.);
#6081=ORIENTED_EDGE('',*,*,#4360,.T.);
#6082=ORIENTED_EDGE('',*,*,#4238,.F.);
#6083=ORIENTED_EDGE('',*,*,#4348,.F.);
#6084=ORIENTED_EDGE('',*,*,#4361,.T.);
#6085=ORIENTED_EDGE('',*,*,#4360,.F.);
#6086=ORIENTED_EDGE('',*,*,#4239,.F.);
#6087=ORIENTED_EDGE('',*,*,#4361,.F.);
#6088=ORIENTED_EDGE('',*,*,#4234,.T.);
#6089=ORIENTED_EDGE('',*,*,#4362,.T.);
#6090=ORIENTED_EDGE('',*,*,#4362,.F.);
#6091=ORIENTED_EDGE('',*,*,#4349,.F.);
#6092=ORIENTED_EDGE('',*,*,#4363,.T.);
#6093=ORIENTED_EDGE('',*,*,#4364,.T.);
#6094=ORIENTED_EDGE('',*,*,#4240,.T.);
#6095=ORIENTED_EDGE('',*,*,#4363,.F.);
#6096=ORIENTED_EDGE('',*,*,#4189,.F.);
#6097=ORIENTED_EDGE('',*,*,#4365,.T.);
#6098=ORIENTED_EDGE('',*,*,#4288,.T.);
#6099=ORIENTED_EDGE('',*,*,#4366,.T.);
#6100=ORIENTED_EDGE('',*,*,#4242,.F.);
#6101=ORIENTED_EDGE('',*,*,#4367,.T.);
#6102=ORIENTED_EDGE('',*,*,#4290,.F.);
#6103=ORIENTED_EDGE('',*,*,#4366,.F.);
#6104=ORIENTED_EDGE('',*,*,#4293,.F.);
#6105=ORIENTED_EDGE('',*,*,#4367,.F.);
#6106=ORIENTED_EDGE('',*,*,#4287,.T.);
#6107=ORIENTED_EDGE('',*,*,#4368,.T.);
#6108=ORIENTED_EDGE('',*,*,#4296,.F.);
#6109=ORIENTED_EDGE('',*,*,#4368,.F.);
#6110=ORIENTED_EDGE('',*,*,#4286,.T.);
#6111=ORIENTED_EDGE('',*,*,#4369,.T.);
#6112=ORIENTED_EDGE('',*,*,#4299,.F.);
#6113=ORIENTED_EDGE('',*,*,#4369,.F.);
#6114=ORIENTED_EDGE('',*,*,#4285,.T.);
#6115=ORIENTED_EDGE('',*,*,#4370,.T.);
#6116=ORIENTED_EDGE('',*,*,#4302,.F.);
#6117=ORIENTED_EDGE('',*,*,#4370,.F.);
#6118=ORIENTED_EDGE('',*,*,#4284,.T.);
#6119=ORIENTED_EDGE('',*,*,#4371,.T.);
#6120=ORIENTED_EDGE('',*,*,#4305,.F.);
#6121=ORIENTED_EDGE('',*,*,#4371,.F.);
#6122=ORIENTED_EDGE('',*,*,#4283,.T.);
#6123=ORIENTED_EDGE('',*,*,#4372,.T.);
#6124=ORIENTED_EDGE('',*,*,#4308,.F.);
#6125=ORIENTED_EDGE('',*,*,#4372,.F.);
#6126=ORIENTED_EDGE('',*,*,#4282,.T.);
#6127=ORIENTED_EDGE('',*,*,#4373,.T.);
#6128=ORIENTED_EDGE('',*,*,#4311,.F.);
#6129=ORIENTED_EDGE('',*,*,#4373,.F.);
#6130=ORIENTED_EDGE('',*,*,#4281,.T.);
#6131=ORIENTED_EDGE('',*,*,#4374,.T.);
#6132=ORIENTED_EDGE('',*,*,#4314,.F.);
#6133=ORIENTED_EDGE('',*,*,#4374,.F.);
#6134=ORIENTED_EDGE('',*,*,#4280,.T.);
#6135=ORIENTED_EDGE('',*,*,#4375,.T.);
#6136=ORIENTED_EDGE('',*,*,#4317,.F.);
#6137=ORIENTED_EDGE('',*,*,#4375,.F.);
#6138=ORIENTED_EDGE('',*,*,#4279,.T.);
#6139=ORIENTED_EDGE('',*,*,#4376,.T.);
#6140=ORIENTED_EDGE('',*,*,#4320,.F.);
#6141=ORIENTED_EDGE('',*,*,#4376,.F.);
#6142=ORIENTED_EDGE('',*,*,#4278,.T.);
#6143=ORIENTED_EDGE('',*,*,#4377,.T.);
#6144=ORIENTED_EDGE('',*,*,#4323,.F.);
#6145=ORIENTED_EDGE('',*,*,#4377,.F.);
#6146=ORIENTED_EDGE('',*,*,#4277,.T.);
#6147=ORIENTED_EDGE('',*,*,#4378,.T.);
#6148=ORIENTED_EDGE('',*,*,#4326,.F.);
#6149=ORIENTED_EDGE('',*,*,#4378,.F.);
#6150=ORIENTED_EDGE('',*,*,#4276,.T.);
#6151=ORIENTED_EDGE('',*,*,#4379,.T.);
#6152=ORIENTED_EDGE('',*,*,#4329,.F.);
#6153=ORIENTED_EDGE('',*,*,#4379,.F.);
#6154=ORIENTED_EDGE('',*,*,#4275,.T.);
#6155=ORIENTED_EDGE('',*,*,#4380,.T.);
#6156=ORIENTED_EDGE('',*,*,#4332,.F.);
#6157=ORIENTED_EDGE('',*,*,#4380,.F.);
#6158=ORIENTED_EDGE('',*,*,#4274,.T.);
#6159=ORIENTED_EDGE('',*,*,#4381,.T.);
#6160=ORIENTED_EDGE('',*,*,#4335,.F.);
#6161=ORIENTED_EDGE('',*,*,#4381,.F.);
#6162=ORIENTED_EDGE('',*,*,#4273,.T.);
#6163=ORIENTED_EDGE('',*,*,#4382,.T.);
#6164=ORIENTED_EDGE('',*,*,#4338,.F.);
#6165=ORIENTED_EDGE('',*,*,#4382,.F.);
#6166=ORIENTED_EDGE('',*,*,#4272,.T.);
#6167=ORIENTED_EDGE('',*,*,#4383,.T.);
#6168=ORIENTED_EDGE('',*,*,#4341,.F.);
#6169=ORIENTED_EDGE('',*,*,#4383,.F.);
#6170=ORIENTED_EDGE('',*,*,#4271,.T.);
#6171=ORIENTED_EDGE('',*,*,#4384,.T.);
#6172=ORIENTED_EDGE('',*,*,#4385,.T.);
#6173=ORIENTED_EDGE('',*,*,#4344,.F.);
#6174=ORIENTED_EDGE('',*,*,#4384,.F.);
#6175=ORIENTED_EDGE('',*,*,#4386,.T.);
#6176=ORIENTED_EDGE('',*,*,#4268,.F.);
#6177=ORIENTED_EDGE('',*,*,#4385,.F.);
#6178=ORIENTED_EDGE('',*,*,#4270,.T.);
#6179=ORIENTED_EDGE('',*,*,#4387,.T.);
#6180=ORIENTED_EDGE('',*,*,#4244,.T.);
#6181=ORIENTED_EDGE('',*,*,#4388,.T.);
#6182=ORIENTED_EDGE('',*,*,#4246,.F.);
#6183=ORIENTED_EDGE('',*,*,#4389,.T.);
#6184=ORIENTED_EDGE('',*,*,#4388,.F.);
#6185=ORIENTED_EDGE('',*,*,#4289,.T.);
#6186=ORIENTED_EDGE('',*,*,#4292,.T.);
#6187=ORIENTED_EDGE('',*,*,#4390,.T.);
#6188=ORIENTED_EDGE('',*,*,#4247,.F.);
#6189=ORIENTED_EDGE('',*,*,#4389,.F.);
#6190=ORIENTED_EDGE('',*,*,#4295,.T.);
#6191=ORIENTED_EDGE('',*,*,#4391,.T.);
#6192=ORIENTED_EDGE('',*,*,#4248,.F.);
#6193=ORIENTED_EDGE('',*,*,#4390,.F.);
#6194=ORIENTED_EDGE('',*,*,#4298,.T.);
#6195=ORIENTED_EDGE('',*,*,#4392,.T.);
#6196=ORIENTED_EDGE('',*,*,#4249,.F.);
#6197=ORIENTED_EDGE('',*,*,#4391,.F.);
#6198=ORIENTED_EDGE('',*,*,#4301,.T.);
#6199=ORIENTED_EDGE('',*,*,#4393,.T.);
#6200=ORIENTED_EDGE('',*,*,#4250,.F.);
#6201=ORIENTED_EDGE('',*,*,#4392,.F.);
#6202=ORIENTED_EDGE('',*,*,#4304,.T.);
#6203=ORIENTED_EDGE('',*,*,#4394,.T.);
#6204=ORIENTED_EDGE('',*,*,#4251,.F.);
#6205=ORIENTED_EDGE('',*,*,#4393,.F.);
#6206=ORIENTED_EDGE('',*,*,#4307,.T.);
#6207=ORIENTED_EDGE('',*,*,#4395,.T.);
#6208=ORIENTED_EDGE('',*,*,#4252,.F.);
#6209=ORIENTED_EDGE('',*,*,#4394,.F.);
#6210=ORIENTED_EDGE('',*,*,#4310,.T.);
#6211=ORIENTED_EDGE('',*,*,#4396,.T.);
#6212=ORIENTED_EDGE('',*,*,#4253,.F.);
#6213=ORIENTED_EDGE('',*,*,#4395,.F.);
#6214=ORIENTED_EDGE('',*,*,#4313,.T.);
#6215=ORIENTED_EDGE('',*,*,#4397,.T.);
#6216=ORIENTED_EDGE('',*,*,#4254,.F.);
#6217=ORIENTED_EDGE('',*,*,#4396,.F.);
#6218=ORIENTED_EDGE('',*,*,#4316,.T.);
#6219=ORIENTED_EDGE('',*,*,#4398,.T.);
#6220=ORIENTED_EDGE('',*,*,#4255,.F.);
#6221=ORIENTED_EDGE('',*,*,#4397,.F.);
#6222=ORIENTED_EDGE('',*,*,#4319,.T.);
#6223=ORIENTED_EDGE('',*,*,#4399,.T.);
#6224=ORIENTED_EDGE('',*,*,#4256,.F.);
#6225=ORIENTED_EDGE('',*,*,#4398,.F.);
#6226=ORIENTED_EDGE('',*,*,#4322,.T.);
#6227=ORIENTED_EDGE('',*,*,#4400,.T.);
#6228=ORIENTED_EDGE('',*,*,#4257,.F.);
#6229=ORIENTED_EDGE('',*,*,#4399,.F.);
#6230=ORIENTED_EDGE('',*,*,#4325,.T.);
#6231=ORIENTED_EDGE('',*,*,#4401,.T.);
#6232=ORIENTED_EDGE('',*,*,#4258,.F.);
#6233=ORIENTED_EDGE('',*,*,#4400,.F.);
#6234=ORIENTED_EDGE('',*,*,#4328,.T.);
#6235=ORIENTED_EDGE('',*,*,#4402,.T.);
#6236=ORIENTED_EDGE('',*,*,#4259,.F.);
#6237=ORIENTED_EDGE('',*,*,#4401,.F.);
#6238=ORIENTED_EDGE('',*,*,#4331,.T.);
#6239=ORIENTED_EDGE('',*,*,#4403,.T.);
#6240=ORIENTED_EDGE('',*,*,#4260,.F.);
#6241=ORIENTED_EDGE('',*,*,#4402,.F.);
#6242=ORIENTED_EDGE('',*,*,#4334,.T.);
#6243=ORIENTED_EDGE('',*,*,#4404,.T.);
#6244=ORIENTED_EDGE('',*,*,#4261,.F.);
#6245=ORIENTED_EDGE('',*,*,#4403,.F.);
#6246=ORIENTED_EDGE('',*,*,#4337,.T.);
#6247=ORIENTED_EDGE('',*,*,#4405,.T.);
#6248=ORIENTED_EDGE('',*,*,#4262,.F.);
#6249=ORIENTED_EDGE('',*,*,#4404,.F.);
#6250=ORIENTED_EDGE('',*,*,#4340,.T.);
#6251=ORIENTED_EDGE('',*,*,#4406,.T.);
#6252=ORIENTED_EDGE('',*,*,#4263,.F.);
#6253=ORIENTED_EDGE('',*,*,#4405,.F.);
#6254=ORIENTED_EDGE('',*,*,#4407,.T.);
#6255=ORIENTED_EDGE('',*,*,#4406,.F.);
#6256=ORIENTED_EDGE('',*,*,#4343,.T.);
#6257=ORIENTED_EDGE('',*,*,#4408,.T.);
#6258=ORIENTED_EDGE('',*,*,#4264,.F.);
#6259=ORIENTED_EDGE('',*,*,#4407,.F.);
#6260=ORIENTED_EDGE('',*,*,#4266,.T.);
#6261=ORIENTED_EDGE('',*,*,#4188,.F.);
#6262=ORIENTED_EDGE('',*,*,#4409,.F.);
#6263=ORIENTED_EDGE('',*,*,#4207,.T.);
#6264=ORIENTED_EDGE('',*,*,#4410,.T.);
#6265=ORIENTED_EDGE('',*,*,#4411,.T.);
#6266=ORIENTED_EDGE('',*,*,#4364,.F.);
#6267=ORIENTED_EDGE('',*,*,#4410,.F.);
#6268=ORIENTED_EDGE('',*,*,#4237,.F.);
#6269=ORIENTED_EDGE('',*,*,#4411,.F.);
#6270=ORIENTED_EDGE('',*,*,#4210,.T.);
#6271=ORIENTED_EDGE('',*,*,#4412,.T.);
#6272=ORIENTED_EDGE('',*,*,#4413,.T.);
#6273=ORIENTED_EDGE('',*,*,#4359,.F.);
#6274=ORIENTED_EDGE('',*,*,#4412,.F.);
#6275=ORIENTED_EDGE('',*,*,#4182,.F.);
#6276=ORIENTED_EDGE('',*,*,#4413,.F.);
#6277=ORIENTED_EDGE('',*,*,#4209,.T.);
#6278=ORIENTED_EDGE('',*,*,#4414,.T.);
#6279=ORIENTED_EDGE('',*,*,#4415,.T.);
#6280=ORIENTED_EDGE('',*,*,#4165,.F.);
#6281=ORIENTED_EDGE('',*,*,#4414,.F.);
#6282=ORIENTED_EDGE('',*,*,#4157,.F.);
#6283=ORIENTED_EDGE('',*,*,#4415,.F.);
#6284=ORIENTED_EDGE('',*,*,#4208,.T.);
#6285=ORIENTED_EDGE('',*,*,#4416,.T.);
#6286=ORIENTED_EDGE('',*,*,#4409,.T.);
#6287=ORIENTED_EDGE('',*,*,#4170,.F.);
#6288=ORIENTED_EDGE('',*,*,#4416,.F.);
#6289=ORIENTED_EDGE('',*,*,#4194,.T.);
#6290=ORIENTED_EDGE('',*,*,#4417,.T.);
#6291=ORIENTED_EDGE('',*,*,#4211,.F.);
#6292=ORIENTED_EDGE('',*,*,#4418,.F.);
#6293=ORIENTED_EDGE('',*,*,#4419,.T.);
#6294=ORIENTED_EDGE('',*,*,#4417,.F.);
#6295=ORIENTED_EDGE('',*,*,#4353,.F.);
#6296=ORIENTED_EDGE('',*,*,#4215,.T.);
#6297=ORIENTED_EDGE('',*,*,#4420,.T.);
#6298=ORIENTED_EDGE('',*,*,#4212,.F.);
#6299=ORIENTED_EDGE('',*,*,#4419,.F.);
#6300=ORIENTED_EDGE('',*,*,#4421,.T.);
#6301=ORIENTED_EDGE('',*,*,#4420,.F.);
#6302=ORIENTED_EDGE('',*,*,#4358,.F.);
#6303=ORIENTED_EDGE('',*,*,#4176,.T.);
#6304=ORIENTED_EDGE('',*,*,#4422,.T.);
#6305=ORIENTED_EDGE('',*,*,#4213,.F.);
#6306=ORIENTED_EDGE('',*,*,#4421,.F.);
#6307=ORIENTED_EDGE('',*,*,#4167,.T.);
#6308=ORIENTED_EDGE('',*,*,#4423,.T.);
#6309=ORIENTED_EDGE('',*,*,#4422,.F.);
#6310=ORIENTED_EDGE('',*,*,#4161,.T.);
#6311=ORIENTED_EDGE('',*,*,#4424,.T.);
#6312=ORIENTED_EDGE('',*,*,#4214,.F.);
#6313=ORIENTED_EDGE('',*,*,#4423,.F.);
#6314=ORIENTED_EDGE('',*,*,#4174,.T.);
#6315=ORIENTED_EDGE('',*,*,#4418,.T.);
#6316=ORIENTED_EDGE('',*,*,#4424,.F.);
#6317=ORIENTED_EDGE('',*,*,#4226,.T.);
#6318=ORIENTED_EDGE('',*,*,#4425,.T.);
#6319=ORIENTED_EDGE('',*,*,#4265,.F.);
#6320=ORIENTED_EDGE('',*,*,#4426,.F.);
#6321=ORIENTED_EDGE('',*,*,#4233,.T.);
#6322=ORIENTED_EDGE('',*,*,#4427,.T.);
#6323=ORIENTED_EDGE('',*,*,#4408,.F.);
#6324=ORIENTED_EDGE('',*,*,#4425,.F.);
#6325=ORIENTED_EDGE('',*,*,#4232,.T.);
#6326=ORIENTED_EDGE('',*,*,#4428,.T.);
#6327=ORIENTED_EDGE('',*,*,#4245,.F.);
#6328=ORIENTED_EDGE('',*,*,#4427,.F.);
#6329=ORIENTED_EDGE('',*,*,#4231,.T.);
#6330=ORIENTED_EDGE('',*,*,#4429,.T.);
#6331=ORIENTED_EDGE('',*,*,#4387,.F.);
#6332=ORIENTED_EDGE('',*,*,#4428,.F.);
#6333=ORIENTED_EDGE('',*,*,#4230,.T.);
#6334=ORIENTED_EDGE('',*,*,#4430,.T.);
#6335=ORIENTED_EDGE('',*,*,#4241,.F.);
#6336=ORIENTED_EDGE('',*,*,#4429,.F.);
#6337=ORIENTED_EDGE('',*,*,#4229,.T.);
#6338=ORIENTED_EDGE('',*,*,#4431,.T.);
#6339=ORIENTED_EDGE('',*,*,#4365,.F.);
#6340=ORIENTED_EDGE('',*,*,#4430,.F.);
#6341=ORIENTED_EDGE('',*,*,#4228,.T.);
#6342=ORIENTED_EDGE('',*,*,#4432,.T.);
#6343=ORIENTED_EDGE('',*,*,#4269,.F.);
#6344=ORIENTED_EDGE('',*,*,#4431,.F.);
#6345=ORIENTED_EDGE('',*,*,#4227,.T.);
#6346=ORIENTED_EDGE('',*,*,#4426,.T.);
#6347=ORIENTED_EDGE('',*,*,#4386,.F.);
#6348=ORIENTED_EDGE('',*,*,#4432,.F.);
#6349=ORIENTED_EDGE('',*,*,#4187,.F.);
#6350=ORIENTED_EDGE('',*,*,#4198,.T.);
#6351=ORIENTED_EDGE('',*,*,#4204,.T.);
#6352=ORIENTED_EDGE('',*,*,#4433,.T.);
#6353=ORIENTED_EDGE('',*,*,#4169,.F.);
#6354=ORIENTED_EDGE('',*,*,#4433,.F.);
#6355=ORIENTED_EDGE('',*,*,#4434,.T.);
#6356=ORIENTED_EDGE('',*,*,#4155,.F.);
#6357=ORIENTED_EDGE('',*,*,#4434,.F.);
#6358=ORIENTED_EDGE('',*,*,#4206,.T.);
#6359=ORIENTED_EDGE('',*,*,#4435,.T.);
#6360=ORIENTED_EDGE('',*,*,#4163,.F.);
#6361=ORIENTED_EDGE('',*,*,#4435,.F.);
#6362=ORIENTED_EDGE('',*,*,#4436,.T.);
#6363=ORIENTED_EDGE('',*,*,#4183,.F.);
#6364=ORIENTED_EDGE('',*,*,#4436,.F.);
#6365=ORIENTED_EDGE('',*,*,#4205,.T.);
#6366=ORIENTED_EDGE('',*,*,#4196,.T.);
#6367=ORIENTED_EDGE('',*,*,#4175,.F.);
#6368=ORIENTED_EDGE('',*,*,#4195,.T.);
#6369=ORIENTED_EDGE('',*,*,#4201,.T.);
#6370=ORIENTED_EDGE('',*,*,#4437,.T.);
#6371=ORIENTED_EDGE('',*,*,#4438,.T.);
#6372=ORIENTED_EDGE('',*,*,#4166,.F.);
#6373=ORIENTED_EDGE('',*,*,#4437,.F.);
#6374=ORIENTED_EDGE('',*,*,#4159,.F.);
#6375=ORIENTED_EDGE('',*,*,#4438,.F.);
#6376=ORIENTED_EDGE('',*,*,#4203,.T.);
#6377=ORIENTED_EDGE('',*,*,#4439,.T.);
#6378=ORIENTED_EDGE('',*,*,#4440,.T.);
#6379=ORIENTED_EDGE('',*,*,#4172,.F.);
#6380=ORIENTED_EDGE('',*,*,#4439,.F.);
#6381=ORIENTED_EDGE('',*,*,#4185,.F.);
#6382=ORIENTED_EDGE('',*,*,#4440,.F.);
#6383=ORIENTED_EDGE('',*,*,#4202,.T.);
#6384=ORIENTED_EDGE('',*,*,#4199,.T.);
#6385=ORIENTED_EDGE('',*,*,#4441,.F.);
#6386=ORIENTED_EDGE('',*,*,#4442,.T.);
#6387=ORIENTED_EDGE('',*,*,#4443,.T.);
#6388=ORIENTED_EDGE('',*,*,#4444,.F.);
#6389=ORIENTED_EDGE('',*,*,#4445,.F.);
#6390=ORIENTED_EDGE('',*,*,#4446,.T.);
#6391=ORIENTED_EDGE('',*,*,#4447,.T.);
#6392=ORIENTED_EDGE('',*,*,#4448,.F.);
#6393=ORIENTED_EDGE('',*,*,#4449,.T.);
#6394=ORIENTED_EDGE('',*,*,#4450,.F.);
#6395=ORIENTED_EDGE('',*,*,#4451,.F.);
#6396=ORIENTED_EDGE('',*,*,#4452,.T.);
#6397=ORIENTED_EDGE('',*,*,#4453,.F.);
#6398=ORIENTED_EDGE('',*,*,#4454,.T.);
#6399=ORIENTED_EDGE('',*,*,#4455,.T.);
#6400=ORIENTED_EDGE('',*,*,#4456,.F.);
#6401=ORIENTED_EDGE('',*,*,#4457,.F.);
#6402=ORIENTED_EDGE('',*,*,#4456,.T.);
#6403=ORIENTED_EDGE('',*,*,#4458,.F.);
#6404=ORIENTED_EDGE('',*,*,#4444,.T.);
#6405=ORIENTED_EDGE('',*,*,#4459,.F.);
#6406=ORIENTED_EDGE('',*,*,#4448,.T.);
#6407=ORIENTED_EDGE('',*,*,#4460,.F.);
#6408=ORIENTED_EDGE('',*,*,#4450,.T.);
#6409=ORIENTED_EDGE('',*,*,#4461,.F.);
#6410=ORIENTED_EDGE('',*,*,#4452,.F.);
#6411=ORIENTED_EDGE('',*,*,#4462,.F.);
#6412=ORIENTED_EDGE('',*,*,#4442,.F.);
#6413=ORIENTED_EDGE('',*,*,#4443,.F.);
#6414=ORIENTED_EDGE('',*,*,#4463,.T.);
#6415=ORIENTED_EDGE('',*,*,#4445,.T.);
#6416=ORIENTED_EDGE('',*,*,#4459,.T.);
#6417=ORIENTED_EDGE('',*,*,#4446,.F.);
#6418=ORIENTED_EDGE('',*,*,#4463,.F.);
#6419=ORIENTED_EDGE('',*,*,#4462,.T.);
#6420=ORIENTED_EDGE('',*,*,#4464,.T.);
#6421=ORIENTED_EDGE('',*,*,#4447,.F.);
#6422=ORIENTED_EDGE('',*,*,#4464,.F.);
#6423=ORIENTED_EDGE('',*,*,#4451,.T.);
#6424=ORIENTED_EDGE('',*,*,#4460,.T.);
#6425=ORIENTED_EDGE('',*,*,#4449,.F.);
#6426=ORIENTED_EDGE('',*,*,#4465,.T.);
#6427=ORIENTED_EDGE('',*,*,#4453,.T.);
#6428=ORIENTED_EDGE('',*,*,#4457,.T.);
#6429=ORIENTED_EDGE('',*,*,#4454,.F.);
#6430=ORIENTED_EDGE('',*,*,#4465,.F.);
#6431=ORIENTED_EDGE('',*,*,#4461,.T.);
#6432=ORIENTED_EDGE('',*,*,#4466,.T.);
#6433=ORIENTED_EDGE('',*,*,#4455,.F.);
#6434=ORIENTED_EDGE('',*,*,#4466,.F.);
#6435=ORIENTED_EDGE('',*,*,#4441,.T.);
#6436=ORIENTED_EDGE('',*,*,#4458,.T.);
#6437=ORIENTED_EDGE('',*,*,#4467,.F.);
#6438=ORIENTED_EDGE('',*,*,#4468,.F.);
#6439=ORIENTED_EDGE('',*,*,#4469,.F.);
#6440=ORIENTED_EDGE('',*,*,#4470,.F.);
#6441=ORIENTED_EDGE('',*,*,#4471,.F.);
#6442=ORIENTED_EDGE('',*,*,#4472,.F.);
#6443=ORIENTED_EDGE('',*,*,#4473,.F.);
#6444=ORIENTED_EDGE('',*,*,#4474,.F.);
#6445=ORIENTED_EDGE('',*,*,#4475,.F.);
#6446=ORIENTED_EDGE('',*,*,#4476,.F.);
#6447=ORIENTED_EDGE('',*,*,#4477,.T.);
#6448=ORIENTED_EDGE('',*,*,#4478,.T.);
#6449=ORIENTED_EDGE('',*,*,#4479,.T.);
#6450=ORIENTED_EDGE('',*,*,#4480,.T.);
#6451=ORIENTED_EDGE('',*,*,#4481,.T.);
#6452=ORIENTED_EDGE('',*,*,#4482,.T.);
#6453=ORIENTED_EDGE('',*,*,#4483,.T.);
#6454=ORIENTED_EDGE('',*,*,#4484,.T.);
#6455=ORIENTED_EDGE('',*,*,#4485,.T.);
#6456=ORIENTED_EDGE('',*,*,#4486,.T.);
#6457=ORIENTED_EDGE('',*,*,#4487,.T.);
#6458=ORIENTED_EDGE('',*,*,#4488,.T.);
#6459=ORIENTED_EDGE('',*,*,#4489,.T.);
#6460=ORIENTED_EDGE('',*,*,#4490,.T.);
#6461=ORIENTED_EDGE('',*,*,#4491,.T.);
#6462=ORIENTED_EDGE('',*,*,#4492,.T.);
#6463=ORIENTED_EDGE('',*,*,#4493,.T.);
#6464=ORIENTED_EDGE('',*,*,#4494,.T.);
#6465=ORIENTED_EDGE('',*,*,#4495,.F.);
#6466=ORIENTED_EDGE('',*,*,#4496,.F.);
#6467=ORIENTED_EDGE('',*,*,#4497,.F.);
#6468=ORIENTED_EDGE('',*,*,#4498,.T.);
#6469=ORIENTED_EDGE('',*,*,#4499,.F.);
#6470=ORIENTED_EDGE('',*,*,#4498,.F.);
#6471=ORIENTED_EDGE('',*,*,#4500,.F.);
#6472=ORIENTED_EDGE('',*,*,#4501,.T.);
#6473=ORIENTED_EDGE('',*,*,#4502,.F.);
#6474=ORIENTED_EDGE('',*,*,#4501,.F.);
#6475=ORIENTED_EDGE('',*,*,#4503,.F.);
#6476=ORIENTED_EDGE('',*,*,#4504,.T.);
#6477=ORIENTED_EDGE('',*,*,#4505,.F.);
#6478=ORIENTED_EDGE('',*,*,#4504,.F.);
#6479=ORIENTED_EDGE('',*,*,#4506,.F.);
#6480=ORIENTED_EDGE('',*,*,#4496,.T.);
#6481=ORIENTED_EDGE('',*,*,#4507,.F.);
#6482=ORIENTED_EDGE('',*,*,#4508,.F.);
#6483=ORIENTED_EDGE('',*,*,#4509,.T.);
#6484=ORIENTED_EDGE('',*,*,#4510,.T.);
#6485=ORIENTED_EDGE('',*,*,#4511,.F.);
#6486=ORIENTED_EDGE('',*,*,#4512,.F.);
#6487=ORIENTED_EDGE('',*,*,#4513,.T.);
#6488=ORIENTED_EDGE('',*,*,#4508,.T.);
#6489=ORIENTED_EDGE('',*,*,#4514,.F.);
#6490=ORIENTED_EDGE('',*,*,#4515,.F.);
#6491=ORIENTED_EDGE('',*,*,#4516,.T.);
#6492=ORIENTED_EDGE('',*,*,#4512,.T.);
#6493=ORIENTED_EDGE('',*,*,#4517,.F.);
#6494=ORIENTED_EDGE('',*,*,#4518,.F.);
#6495=ORIENTED_EDGE('',*,*,#4519,.T.);
#6496=ORIENTED_EDGE('',*,*,#4515,.T.);
#6497=ORIENTED_EDGE('',*,*,#4520,.F.);
#6498=ORIENTED_EDGE('',*,*,#4521,.F.);
#6499=ORIENTED_EDGE('',*,*,#4522,.T.);
#6500=ORIENTED_EDGE('',*,*,#4518,.T.);
#6501=ORIENTED_EDGE('',*,*,#4523,.F.);
#6502=ORIENTED_EDGE('',*,*,#4524,.F.);
#6503=ORIENTED_EDGE('',*,*,#4525,.T.);
#6504=ORIENTED_EDGE('',*,*,#4521,.T.);
#6505=ORIENTED_EDGE('',*,*,#4526,.F.);
#6506=ORIENTED_EDGE('',*,*,#4527,.F.);
#6507=ORIENTED_EDGE('',*,*,#4528,.T.);
#6508=ORIENTED_EDGE('',*,*,#4524,.T.);
#6509=ORIENTED_EDGE('',*,*,#4529,.F.);
#6510=ORIENTED_EDGE('',*,*,#4530,.F.);
#6511=ORIENTED_EDGE('',*,*,#4531,.T.);
#6512=ORIENTED_EDGE('',*,*,#4527,.T.);
#6513=ORIENTED_EDGE('',*,*,#4532,.F.);
#6514=ORIENTED_EDGE('',*,*,#4533,.F.);
#6515=ORIENTED_EDGE('',*,*,#4534,.T.);
#6516=ORIENTED_EDGE('',*,*,#4530,.T.);
#6517=ORIENTED_EDGE('',*,*,#4535,.F.);
#6518=ORIENTED_EDGE('',*,*,#4536,.F.);
#6519=ORIENTED_EDGE('',*,*,#4537,.T.);
#6520=ORIENTED_EDGE('',*,*,#4533,.T.);
#6521=ORIENTED_EDGE('',*,*,#4538,.F.);
#6522=ORIENTED_EDGE('',*,*,#4539,.F.);
#6523=ORIENTED_EDGE('',*,*,#4540,.T.);
#6524=ORIENTED_EDGE('',*,*,#4536,.T.);
#6525=ORIENTED_EDGE('',*,*,#4541,.F.);
#6526=ORIENTED_EDGE('',*,*,#4542,.F.);
#6527=ORIENTED_EDGE('',*,*,#4543,.T.);
#6528=ORIENTED_EDGE('',*,*,#4539,.T.);
#6529=ORIENTED_EDGE('',*,*,#4544,.F.);
#6530=ORIENTED_EDGE('',*,*,#4545,.F.);
#6531=ORIENTED_EDGE('',*,*,#4546,.T.);
#6532=ORIENTED_EDGE('',*,*,#4542,.T.);
#6533=ORIENTED_EDGE('',*,*,#4547,.F.);
#6534=ORIENTED_EDGE('',*,*,#4510,.F.);
#6535=ORIENTED_EDGE('',*,*,#4548,.T.);
#6536=ORIENTED_EDGE('',*,*,#4545,.T.);
#6537=ORIENTED_EDGE('',*,*,#4534,.F.);
#6538=ORIENTED_EDGE('',*,*,#4549,.F.);
#6539=ORIENTED_EDGE('',*,*,#4467,.T.);
#6540=ORIENTED_EDGE('',*,*,#4550,.T.);
#6541=ORIENTED_EDGE('',*,*,#4531,.F.);
#6542=ORIENTED_EDGE('',*,*,#4550,.F.);
#6543=ORIENTED_EDGE('',*,*,#4476,.T.);
#6544=ORIENTED_EDGE('',*,*,#4551,.T.);
#6545=ORIENTED_EDGE('',*,*,#4528,.F.);
#6546=ORIENTED_EDGE('',*,*,#4551,.F.);
#6547=ORIENTED_EDGE('',*,*,#4475,.T.);
#6548=ORIENTED_EDGE('',*,*,#4552,.T.);
#6549=ORIENTED_EDGE('',*,*,#4525,.F.);
#6550=ORIENTED_EDGE('',*,*,#4552,.F.);
#6551=ORIENTED_EDGE('',*,*,#4474,.T.);
#6552=ORIENTED_EDGE('',*,*,#4553,.T.);
#6553=ORIENTED_EDGE('',*,*,#4522,.F.);
#6554=ORIENTED_EDGE('',*,*,#4553,.F.);
#6555=ORIENTED_EDGE('',*,*,#4473,.T.);
#6556=ORIENTED_EDGE('',*,*,#4554,.T.);
#6557=ORIENTED_EDGE('',*,*,#4519,.F.);
#6558=ORIENTED_EDGE('',*,*,#4554,.F.);
#6559=ORIENTED_EDGE('',*,*,#4472,.T.);
#6560=ORIENTED_EDGE('',*,*,#4555,.T.);
#6561=ORIENTED_EDGE('',*,*,#4516,.F.);
#6562=ORIENTED_EDGE('',*,*,#4555,.F.);
#6563=ORIENTED_EDGE('',*,*,#4471,.T.);
#6564=ORIENTED_EDGE('',*,*,#4556,.T.);
#6565=ORIENTED_EDGE('',*,*,#4557,.T.);
#6566=ORIENTED_EDGE('',*,*,#4513,.F.);
#6567=ORIENTED_EDGE('',*,*,#4556,.F.);
#6568=ORIENTED_EDGE('',*,*,#4509,.F.);
#6569=ORIENTED_EDGE('',*,*,#4557,.F.);
#6570=ORIENTED_EDGE('',*,*,#4470,.T.);
#6571=ORIENTED_EDGE('',*,*,#4558,.T.);
#6572=ORIENTED_EDGE('',*,*,#4559,.T.);
#6573=ORIENTED_EDGE('',*,*,#4548,.F.);
#6574=ORIENTED_EDGE('',*,*,#4558,.F.);
#6575=ORIENTED_EDGE('',*,*,#4546,.F.);
#6576=ORIENTED_EDGE('',*,*,#4559,.F.);
#6577=ORIENTED_EDGE('',*,*,#4469,.T.);
#6578=ORIENTED_EDGE('',*,*,#4560,.T.);
#6579=ORIENTED_EDGE('',*,*,#4561,.T.);
#6580=ORIENTED_EDGE('',*,*,#4543,.F.);
#6581=ORIENTED_EDGE('',*,*,#4560,.F.);
#6582=ORIENTED_EDGE('',*,*,#4540,.F.);
#6583=ORIENTED_EDGE('',*,*,#4561,.F.);
#6584=ORIENTED_EDGE('',*,*,#4468,.T.);
#6585=ORIENTED_EDGE('',*,*,#4562,.T.);
#6586=ORIENTED_EDGE('',*,*,#4549,.T.);
#6587=ORIENTED_EDGE('',*,*,#4537,.F.);
#6588=ORIENTED_EDGE('',*,*,#4562,.F.);
#6589=ORIENTED_EDGE('',*,*,#4507,.T.);
#6590=ORIENTED_EDGE('',*,*,#4563,.T.);
#6591=ORIENTED_EDGE('',*,*,#4481,.F.);
#6592=ORIENTED_EDGE('',*,*,#4564,.F.);
#6593=ORIENTED_EDGE('',*,*,#4565,.T.);
#6594=ORIENTED_EDGE('',*,*,#4563,.F.);
#6595=ORIENTED_EDGE('',*,*,#4547,.T.);
#6596=ORIENTED_EDGE('',*,*,#4544,.T.);
#6597=ORIENTED_EDGE('',*,*,#4566,.T.);
#6598=ORIENTED_EDGE('',*,*,#4482,.F.);
#6599=ORIENTED_EDGE('',*,*,#4565,.F.);
#6600=ORIENTED_EDGE('',*,*,#4567,.T.);
#6601=ORIENTED_EDGE('',*,*,#4566,.F.);
#6602=ORIENTED_EDGE('',*,*,#4541,.T.);
#6603=ORIENTED_EDGE('',*,*,#4538,.T.);
#6604=ORIENTED_EDGE('',*,*,#4568,.T.);
#6605=ORIENTED_EDGE('',*,*,#4483,.F.);
#6606=ORIENTED_EDGE('',*,*,#4567,.F.);
#6607=ORIENTED_EDGE('',*,*,#4535,.T.);
#6608=ORIENTED_EDGE('',*,*,#4569,.T.);
#6609=ORIENTED_EDGE('',*,*,#4568,.F.);
#6610=ORIENTED_EDGE('',*,*,#4532,.T.);
#6611=ORIENTED_EDGE('',*,*,#4570,.T.);
#6612=ORIENTED_EDGE('',*,*,#4484,.F.);
#6613=ORIENTED_EDGE('',*,*,#4569,.F.);
#6614=ORIENTED_EDGE('',*,*,#4529,.T.);
#6615=ORIENTED_EDGE('',*,*,#4571,.T.);
#6616=ORIENTED_EDGE('',*,*,#4485,.F.);
#6617=ORIENTED_EDGE('',*,*,#4570,.F.);
#6618=ORIENTED_EDGE('',*,*,#4526,.T.);
#6619=ORIENTED_EDGE('',*,*,#4572,.T.);
#6620=ORIENTED_EDGE('',*,*,#4486,.F.);
#6621=ORIENTED_EDGE('',*,*,#4571,.F.);
#6622=ORIENTED_EDGE('',*,*,#4523,.T.);
#6623=ORIENTED_EDGE('',*,*,#4573,.T.);
#6624=ORIENTED_EDGE('',*,*,#4487,.F.);
#6625=ORIENTED_EDGE('',*,*,#4572,.F.);
#6626=ORIENTED_EDGE('',*,*,#4520,.T.);
#6627=ORIENTED_EDGE('',*,*,#4574,.T.);
#6628=ORIENTED_EDGE('',*,*,#4488,.F.);
#6629=ORIENTED_EDGE('',*,*,#4573,.F.);
#6630=ORIENTED_EDGE('',*,*,#4517,.T.);
#6631=ORIENTED_EDGE('',*,*,#4575,.T.);
#6632=ORIENTED_EDGE('',*,*,#4489,.F.);
#6633=ORIENTED_EDGE('',*,*,#4574,.F.);
#6634=ORIENTED_EDGE('',*,*,#4514,.T.);
#6635=ORIENTED_EDGE('',*,*,#4576,.T.);
#6636=ORIENTED_EDGE('',*,*,#4490,.F.);
#6637=ORIENTED_EDGE('',*,*,#4575,.F.);
#6638=ORIENTED_EDGE('',*,*,#4511,.T.);
#6639=ORIENTED_EDGE('',*,*,#4564,.T.);
#6640=ORIENTED_EDGE('',*,*,#4576,.F.);
#6641=ORIENTED_EDGE('',*,*,#4477,.F.);
#6642=ORIENTED_EDGE('',*,*,#4577,.F.);
#6643=ORIENTED_EDGE('',*,*,#4506,.T.);
#6644=ORIENTED_EDGE('',*,*,#4578,.T.);
#6645=ORIENTED_EDGE('',*,*,#4478,.F.);
#6646=ORIENTED_EDGE('',*,*,#4578,.F.);
#6647=ORIENTED_EDGE('',*,*,#4503,.T.);
#6648=ORIENTED_EDGE('',*,*,#4579,.T.);
#6649=ORIENTED_EDGE('',*,*,#4479,.F.);
#6650=ORIENTED_EDGE('',*,*,#4579,.F.);
#6651=ORIENTED_EDGE('',*,*,#4500,.T.);
#6652=ORIENTED_EDGE('',*,*,#4580,.T.);
#6653=ORIENTED_EDGE('',*,*,#4480,.F.);
#6654=ORIENTED_EDGE('',*,*,#4580,.F.);
#6655=ORIENTED_EDGE('',*,*,#4497,.T.);
#6656=ORIENTED_EDGE('',*,*,#4577,.T.);
#6657=ORIENTED_EDGE('',*,*,#4491,.F.);
#6658=ORIENTED_EDGE('',*,*,#4581,.F.);
#6659=ORIENTED_EDGE('',*,*,#4505,.T.);
#6660=ORIENTED_EDGE('',*,*,#4582,.T.);
#6661=ORIENTED_EDGE('',*,*,#4492,.F.);
#6662=ORIENTED_EDGE('',*,*,#4582,.F.);
#6663=ORIENTED_EDGE('',*,*,#4495,.T.);
#6664=ORIENTED_EDGE('',*,*,#4583,.T.);
#6665=ORIENTED_EDGE('',*,*,#4493,.F.);
#6666=ORIENTED_EDGE('',*,*,#4583,.F.);
#6667=ORIENTED_EDGE('',*,*,#4499,.T.);
#6668=ORIENTED_EDGE('',*,*,#4584,.T.);
#6669=ORIENTED_EDGE('',*,*,#4494,.F.);
#6670=ORIENTED_EDGE('',*,*,#4584,.F.);
#6671=ORIENTED_EDGE('',*,*,#4502,.T.);
#6672=ORIENTED_EDGE('',*,*,#4581,.T.);
#6673=PLANE('',#7335);
#6674=PLANE('',#7346);
#6675=PLANE('',#7347);
#6676=PLANE('',#7348);
#6677=PLANE('',#7349);
#6678=PLANE('',#7350);
#6679=PLANE('',#7353);
#6680=PLANE('',#7356);
#6681=PLANE('',#7360);
#6682=PLANE('',#7363);
#6683=PLANE('',#7366);
#6684=PLANE('',#7370);
#6685=PLANE('',#7371);
#6686=PLANE('',#7373);
#6687=PLANE('',#7375);
#6688=PLANE('',#7376);
#6689=PLANE('',#7381);
#6690=PLANE('',#7382);
#6691=PLANE('',#7383);
#6692=PLANE('',#7384);
#6693=PLANE('',#7388);
#6694=PLANE('',#7389);
#6695=PLANE('',#7390);
#6696=PLANE('',#7391);
#6697=PLANE('',#7392);
#6698=PLANE('',#7396);
#6699=PLANE('',#7397);
#6700=PLANE('',#7398);
#6701=PLANE('',#7399);
#6702=PLANE('',#7400);
#6703=PLANE('',#7401);
#6704=PLANE('',#7405);
#6705=PLANE('',#7406);
#6706=PLANE('',#7407);
#6707=PLANE('',#7408);
#6708=PLANE('',#7409);
#6709=PLANE('',#7413);
#6710=PLANE('',#7414);
#6711=PLANE('',#7415);
#6712=PLANE('',#7416);
#6713=PLANE('',#7417);
#6714=PLANE('',#7419);
#6715=PLANE('',#7421);
#6716=PLANE('',#7422);
#6717=PLANE('',#7424);
#6718=PLANE('',#7426);
#6719=PLANE('',#7427);
#6720=PLANE('',#7429);
#6721=PLANE('',#7431);
#6722=PLANE('',#7432);
#6723=PLANE('',#7434);
#6724=PLANE('',#7436);
#6725=PLANE('',#7441);
#6726=PLANE('',#7442);
#6727=PLANE('',#7443);
#6728=PLANE('',#7444);
#6729=PLANE('',#7445);
#6730=PLANE('',#7446);
#6731=PLANE('',#7447);
#6732=PLANE('',#7448);
#6733=PLANE('',#7449);
#6734=PLANE('',#7450);
#6735=PLANE('',#7451);
#6736=PLANE('',#7452);
#6737=PLANE('',#7453);
#6738=PLANE('',#7454);
#6739=PLANE('',#7455);
#6740=PLANE('',#7456);
#6741=PLANE('',#7457);
#6742=PLANE('',#7458);
#6743=PLANE('',#7460);
#6744=PLANE('',#7485);
#6745=PLANE('',#7510);
#6746=PLANE('',#7514);
#6747=PLANE('',#7518);
#6748=PLANE('',#7522);
#6749=PLANE('',#7526);
#6750=PLANE('',#7530);
#6751=PLANE('',#7534);
#6752=PLANE('',#7538);
#6753=PLANE('',#7542);
#6754=PLANE('',#7546);
#6755=PLANE('',#7550);
#6756=PLANE('',#7554);
#6757=PLANE('',#7558);
#6758=PLANE('',#7559);
#6759=PLANE('',#7560);
#6760=PLANE('',#7564);
#6761=PLANE('',#7568);
#6762=PLANE('',#7572);
#6763=PLANE('',#7576);
#6764=PLANE('',#7577);
#6765=PLANE('',#7578);
#6766=PLANE('',#7582);
#6767=PLANE('',#7586);
#6768=PLANE('',#7587);
#6769=PLANE('',#7588);
#6770=PLANE('',#7592);
#6771=PLANE('',#7596);
#6772=PLANE('',#7600);
#6773=PLANE('',#7604);
#6774=PLANE('',#7605);
#6775=PLANE('',#7606);
#6776=PLANE('',#7610);
#6777=PLANE('',#7839);
#6778=PLANE('',#7840);
#6779=PLANE('',#7853);
#6780=PLANE('',#7854);
#6781=PLANE('',#7855);
#6782=PLANE('',#7860);
#6783=PLANE('',#7861);
#6784=PLANE('',#7862);
#6785=PLANE('',#7863);
#6786=PLANE('',#7864);
#6787=PLANE('',#7865);
#6788=PLANE('',#7866);
#6789=PLANE('',#7871);
#6790=PLANE('',#7872);
#6791=PLANE('',#7873);
#6792=PLANE('',#7874);
#6793=PLANE('',#7884);
#6794=PLANE('',#7885);
#6795=PLANE('',#7901);
#6796=PLANE('',#7905);
#6797=PLANE('',#7909);
#6798=PLANE('',#7913);
#6799=PLANE('',#7917);
#6800=PLANE('',#7921);
#6801=PLANE('',#7925);
#6802=PLANE('',#7929);
#6803=PLANE('',#8114);
#6804=PLANE('',#8115);
#6805=PLANE('',#8116);
#6806=PLANE('',#8117);
#6807=PLANE('',#8118);
#6808=PLANE('',#8123);
#6809=PLANE('',#8135);
#6810=PLANE('',#8141);
#6811=PLANE('',#8147);
#6812=PLANE('',#8151);
#6813=PLANE('',#8155);
#6814=PLANE('',#8159);
#6815=PLANE('',#8163);
#6816=PLANE('',#8167);
#6817=PLANE('',#8171);
#6818=PLANE('',#8175);
#6819=PLANE('',#8179);
#6820=ADVANCED_FACE('',(#428,#413,#414,#415),#6673,.F.);
#6821=ADVANCED_FACE('',(#429),#209,.F.);
#6822=ADVANCED_FACE('',(#430),#210,.F.);
#6823=ADVANCED_FACE('',(#431),#6674,.F.);
#6824=ADVANCED_FACE('',(#432),#6675,.F.);
#6825=ADVANCED_FACE('',(#433),#6676,.F.);
#6826=ADVANCED_FACE('',(#434),#6677,.F.);
#6827=ADVANCED_FACE('',(#435),#6678,.T.);
#6828=ADVANCED_FACE('',(#436),#211,.T.);
#6829=ADVANCED_FACE('',(#437),#6679,.T.);
#6830=ADVANCED_FACE('',(#438),#212,.T.);
#6831=ADVANCED_FACE('',(#439),#6680,.T.);
#6832=ADVANCED_FACE('',(#440),#213,.F.);
#6833=ADVANCED_FACE('',(#441),#6681,.T.);
#6834=ADVANCED_FACE('',(#442),#214,.T.);
#6835=ADVANCED_FACE('',(#443),#6682,.T.);
#6836=ADVANCED_FACE('',(#444),#215,.T.);
#6837=ADVANCED_FACE('',(#445),#6683,.T.);
#6838=ADVANCED_FACE('',(#446),#216,.F.);
#6839=ADVANCED_FACE('',(#447,#416,#417,#418),#6684,.T.);
#6840=ADVANCED_FACE('',(#448),#197,.T.);
#6841=ADVANCED_FACE('',(#449),#6685,.T.);
#6842=ADVANCED_FACE('',(#450),#198,.T.);
#6843=ADVANCED_FACE('',(#451),#6686,.T.);
#6844=ADVANCED_FACE('',(#452),#6687,.F.);
#6845=ADVANCED_FACE('',(#453),#6688,.F.);
#6846=ADVANCED_FACE('',(#454),#217,.T.);
#6847=ADVANCED_FACE('',(#455),#218,.T.);
#6848=ADVANCED_FACE('',(#456),#6689,.T.);
#6849=ADVANCED_FACE('',(#457),#6690,.T.);
#6850=ADVANCED_FACE('',(#458),#6691,.T.);
#6851=ADVANCED_FACE('',(#459),#6692,.T.);
#6852=ADVANCED_FACE('',(#460),#219,.F.);
#6853=ADVANCED_FACE('',(#461),#6693,.T.);
#6854=ADVANCED_FACE('',(#462),#6694,.T.);
#6855=ADVANCED_FACE('',(#463),#6695,.T.);
#6856=ADVANCED_FACE('',(#464),#6696,.T.);
#6857=ADVANCED_FACE('',(#465),#6697,.T.);
#6858=ADVANCED_FACE('',(#466),#220,.F.);
#6859=ADVANCED_FACE('',(#467),#6698,.T.);
#6860=ADVANCED_FACE('',(#468),#6699,.T.);
#6861=ADVANCED_FACE('',(#469),#6700,.T.);
#6862=ADVANCED_FACE('',(#470),#6701,.T.);
#6863=ADVANCED_FACE('',(#471),#6702,.T.);
#6864=ADVANCED_FACE('',(#472),#6703,.T.);
#6865=ADVANCED_FACE('',(#473),#221,.F.);
#6866=ADVANCED_FACE('',(#474),#6704,.T.);
#6867=ADVANCED_FACE('',(#475),#6705,.T.);
#6868=ADVANCED_FACE('',(#476),#6706,.T.);
#6869=ADVANCED_FACE('',(#477),#6707,.T.);
#6870=ADVANCED_FACE('',(#478),#6708,.T.);
#6871=ADVANCED_FACE('',(#479),#222,.F.);
#6872=ADVANCED_FACE('',(#480),#6709,.T.);
#6873=ADVANCED_FACE('',(#481),#6710,.T.);
#6874=ADVANCED_FACE('',(#482),#6711,.T.);
#6875=ADVANCED_FACE('',(#483),#6712,.T.);
#6876=ADVANCED_FACE('',(#484),#6713,.T.);
#6877=ADVANCED_FACE('',(#485),#6714,.T.);
#6878=ADVANCED_FACE('',(#486),#6715,.F.);
#6879=ADVANCED_FACE('',(#487),#6716,.T.);
#6880=ADVANCED_FACE('',(#488),#6717,.T.);
#6881=ADVANCED_FACE('',(#489),#6718,.F.);
#6882=ADVANCED_FACE('',(#490),#6719,.T.);
#6883=ADVANCED_FACE('',(#491),#6720,.T.);
#6884=ADVANCED_FACE('',(#492),#6721,.F.);
#6885=ADVANCED_FACE('',(#493),#6722,.T.);
#6886=ADVANCED_FACE('',(#494),#6723,.T.);
#6887=ADVANCED_FACE('',(#495),#6724,.F.);
#6888=ADVANCED_FACE('',(#496),#223,.T.);
#6889=ADVANCED_FACE('',(#497),#224,.T.);
#6890=ADVANCED_FACE('',(#498),#225,.T.);
#6891=ADVANCED_FACE('',(#499),#226,.T.);
#6892=ADVANCED_FACE('',(#500),#6725,.T.);
#6893=ADVANCED_FACE('',(#501),#6726,.T.);
#6894=ADVANCED_FACE('',(#502),#6727,.T.);
#6895=ADVANCED_FACE('',(#503),#6728,.T.);
#6896=ADVANCED_FACE('',(#504),#6729,.T.);
#6897=ADVANCED_FACE('',(#505),#6730,.T.);
#6898=ADVANCED_FACE('',(#506),#6731,.T.);
#6899=ADVANCED_FACE('',(#507),#6732,.T.);
#6900=ADVANCED_FACE('',(#508),#6733,.T.);
#6901=ADVANCED_FACE('',(#509),#6734,.T.);
#6902=ADVANCED_FACE('',(#510),#6735,.T.);
#6903=ADVANCED_FACE('',(#511),#6736,.T.);
#6904=ADVANCED_FACE('',(#512),#6737,.T.);
#6905=ADVANCED_FACE('',(#513),#6738,.T.);
#6906=ADVANCED_FACE('',(#514),#6739,.T.);
#6907=ADVANCED_FACE('',(#515),#6740,.T.);
#6908=ADVANCED_FACE('',(#516),#199,.T.);
#6909=ADVANCED_FACE('',(#517),#200,.T.);
#6910=ADVANCED_FACE('',(#518),#6741,.T.);
#6911=ADVANCED_FACE('',(#519),#6742,.T.);
#6912=ADVANCED_FACE('',(#520,#419,#420,#421),#6743,.F.);
#6913=ADVANCED_FACE('',(#521,#422,#423,#424),#6744,.T.);
#6914=ADVANCED_FACE('',(#522),#6745,.F.);
#6915=ADVANCED_FACE('',(#523),#227,.F.);
#6916=ADVANCED_FACE('',(#524),#6746,.F.);
#6917=ADVANCED_FACE('',(#525),#228,.F.);
#6918=ADVANCED_FACE('',(#526),#6747,.F.);
#6919=ADVANCED_FACE('',(#527),#229,.F.);
#6920=ADVANCED_FACE('',(#528),#6748,.F.);
#6921=ADVANCED_FACE('',(#529),#230,.F.);
#6922=ADVANCED_FACE('',(#530),#6749,.F.);
#6923=ADVANCED_FACE('',(#531),#231,.F.);
#6924=ADVANCED_FACE('',(#532),#6750,.F.);
#6925=ADVANCED_FACE('',(#533),#232,.F.);
#6926=ADVANCED_FACE('',(#534),#6751,.F.);
#6927=ADVANCED_FACE('',(#535),#233,.F.);
#6928=ADVANCED_FACE('',(#536),#6752,.F.);
#6929=ADVANCED_FACE('',(#537),#234,.F.);
#6930=ADVANCED_FACE('',(#538),#6753,.F.);
#6931=ADVANCED_FACE('',(#539),#235,.F.);
#6932=ADVANCED_FACE('',(#540),#6754,.F.);
#6933=ADVANCED_FACE('',(#541),#236,.F.);
#6934=ADVANCED_FACE('',(#542),#6755,.F.);
#6935=ADVANCED_FACE('',(#543),#237,.F.);
#6936=ADVANCED_FACE('',(#544),#6756,.F.);
#6937=ADVANCED_FACE('',(#545),#238,.F.);
#6938=ADVANCED_FACE('',(#546),#6757,.T.);
#6939=ADVANCED_FACE('',(#547),#6758,.T.);
#6940=ADVANCED_FACE('',(#548),#6759,.T.);
#6941=ADVANCED_FACE('',(#549),#239,.T.);
#6942=ADVANCED_FACE('',(#550),#6760,.T.);
#6943=ADVANCED_FACE('',(#551),#240,.T.);
#6944=ADVANCED_FACE('',(#552),#6761,.T.);
#6945=ADVANCED_FACE('',(#553),#241,.T.);
#6946=ADVANCED_FACE('',(#554),#6762,.T.);
#6947=ADVANCED_FACE('',(#555),#242,.T.);
#6948=ADVANCED_FACE('',(#556),#6763,.T.);
#6949=ADVANCED_FACE('',(#557),#6764,.T.);
#6950=ADVANCED_FACE('',(#558),#6765,.T.);
#6951=ADVANCED_FACE('',(#559),#243,.T.);
#6952=ADVANCED_FACE('',(#560),#6766,.T.);
#6953=ADVANCED_FACE('',(#561),#244,.T.);
#6954=ADVANCED_FACE('',(#562),#6767,.T.);
#6955=ADVANCED_FACE('',(#563),#6768,.T.);
#6956=ADVANCED_FACE('',(#564),#6769,.T.);
#6957=ADVANCED_FACE('',(#565),#245,.T.);
#6958=ADVANCED_FACE('',(#566),#6770,.T.);
#6959=ADVANCED_FACE('',(#567),#246,.T.);
#6960=ADVANCED_FACE('',(#568),#6771,.T.);
#6961=ADVANCED_FACE('',(#569),#247,.T.);
#6962=ADVANCED_FACE('',(#570),#6772,.T.);
#6963=ADVANCED_FACE('',(#571),#248,.T.);
#6964=ADVANCED_FACE('',(#572),#6773,.T.);
#6965=ADVANCED_FACE('',(#573),#6774,.T.);
#6966=ADVANCED_FACE('',(#574),#6775,.T.);
#6967=ADVANCED_FACE('',(#575),#249,.T.);
#6968=ADVANCED_FACE('',(#576),#6776,.T.);
#6969=ADVANCED_FACE('',(#577),#250,.T.);
#6970=ADVANCED_FACE('',(#578),#251,.T.);
#6971=ADVANCED_FACE('',(#579),#252,.T.);
#6972=ADVANCED_FACE('',(#580),#73,.T.);
#6973=ADVANCED_FACE('',(#581),#253,.T.);
#6974=ADVANCED_FACE('',(#582),#74,.T.);
#6975=ADVANCED_FACE('',(#583),#254,.T.);
#6976=ADVANCED_FACE('',(#584),#75,.T.);
#6977=ADVANCED_FACE('',(#585),#255,.T.);
#6978=ADVANCED_FACE('',(#586),#76,.T.);
#6979=ADVANCED_FACE('',(#587),#256,.T.);
#6980=ADVANCED_FACE('',(#588),#257,.T.);
#6981=ADVANCED_FACE('',(#589),#258,.T.);
#6982=ADVANCED_FACE('',(#590),#77,.T.);
#6983=ADVANCED_FACE('',(#591),#259,.T.);
#6984=ADVANCED_FACE('',(#592),#78,.T.);
#6985=ADVANCED_FACE('',(#593),#260,.T.);
#6986=ADVANCED_FACE('',(#594),#261,.T.);
#6987=ADVANCED_FACE('',(#595),#262,.T.);
#6988=ADVANCED_FACE('',(#596),#79,.T.);
#6989=ADVANCED_FACE('',(#597),#263,.T.);
#6990=ADVANCED_FACE('',(#598),#80,.T.);
#6991=ADVANCED_FACE('',(#599),#264,.T.);
#6992=ADVANCED_FACE('',(#600),#81,.T.);
#6993=ADVANCED_FACE('',(#601),#265,.T.);
#6994=ADVANCED_FACE('',(#602),#82,.T.);
#6995=ADVANCED_FACE('',(#603),#266,.T.);
#6996=ADVANCED_FACE('',(#604),#267,.T.);
#6997=ADVANCED_FACE('',(#605),#268,.T.);
#6998=ADVANCED_FACE('',(#606),#83,.T.);
#6999=ADVANCED_FACE('',(#607),#269,.T.);
#7000=ADVANCED_FACE('',(#608),#84,.T.);
#7001=ADVANCED_FACE('',(#609),#270,.T.);
#7002=ADVANCED_FACE('',(#610),#85,.T.);
#7003=ADVANCED_FACE('',(#611),#271,.T.);
#7004=ADVANCED_FACE('',(#612),#86,.T.);
#7005=ADVANCED_FACE('',(#613),#272,.T.);
#7006=ADVANCED_FACE('',(#614),#273,.T.);
#7007=ADVANCED_FACE('',(#615),#274,.T.);
#7008=ADVANCED_FACE('',(#616),#87,.T.);
#7009=ADVANCED_FACE('',(#617),#275,.T.);
#7010=ADVANCED_FACE('',(#618),#88,.T.);
#7011=ADVANCED_FACE('',(#619),#276,.T.);
#7012=ADVANCED_FACE('',(#620),#89,.T.);
#7013=ADVANCED_FACE('',(#621),#277,.T.);
#7014=ADVANCED_FACE('',(#622),#90,.T.);
#7015=ADVANCED_FACE('',(#623),#278,.T.);
#7016=ADVANCED_FACE('',(#624),#279,.T.);
#7017=ADVANCED_FACE('',(#625),#280,.T.);
#7018=ADVANCED_FACE('',(#626),#91,.T.);
#7019=ADVANCED_FACE('',(#627),#281,.T.);
#7020=ADVANCED_FACE('',(#628),#92,.T.);
#7021=ADVANCED_FACE('',(#629),#282,.T.);
#7022=ADVANCED_FACE('',(#630),#283,.T.);
#7023=ADVANCED_FACE('',(#631),#284,.T.);
#7024=ADVANCED_FACE('',(#632),#93,.T.);
#7025=ADVANCED_FACE('',(#633),#285,.T.);
#7026=ADVANCED_FACE('',(#634),#94,.T.);
#7027=ADVANCED_FACE('',(#635),#286,.T.);
#7028=ADVANCED_FACE('',(#636),#95,.T.);
#7029=ADVANCED_FACE('',(#637),#287,.T.);
#7030=ADVANCED_FACE('',(#638),#96,.T.);
#7031=ADVANCED_FACE('',(#639),#288,.T.);
#7032=ADVANCED_FACE('',(#640),#289,.T.);
#7033=ADVANCED_FACE('',(#641),#290,.T.);
#7034=ADVANCED_FACE('',(#642),#291,.T.);
#7035=ADVANCED_FACE('',(#643),#97,.T.);
#7036=ADVANCED_FACE('',(#644),#292,.T.);
#7037=ADVANCED_FACE('',(#645),#98,.T.);
#7038=ADVANCED_FACE('',(#646),#293,.T.);
#7039=ADVANCED_FACE('',(#647),#99,.T.);
#7040=ADVANCED_FACE('',(#648),#294,.T.);
#7041=ADVANCED_FACE('',(#649),#100,.T.);
#7042=ADVANCED_FACE('',(#650),#295,.T.);
#7043=ADVANCED_FACE('',(#651),#101,.T.);
#7044=ADVANCED_FACE('',(#652),#296,.T.);
#7045=ADVANCED_FACE('',(#653),#102,.T.);
#7046=ADVANCED_FACE('',(#654),#297,.T.);
#7047=ADVANCED_FACE('',(#655),#103,.T.);
#7048=ADVANCED_FACE('',(#656),#298,.T.);
#7049=ADVANCED_FACE('',(#657),#104,.T.);
#7050=ADVANCED_FACE('',(#658),#299,.T.);
#7051=ADVANCED_FACE('',(#659),#105,.T.);
#7052=ADVANCED_FACE('',(#660),#300,.T.);
#7053=ADVANCED_FACE('',(#661),#106,.T.);
#7054=ADVANCED_FACE('',(#662),#301,.T.);
#7055=ADVANCED_FACE('',(#663),#107,.T.);
#7056=ADVANCED_FACE('',(#664),#302,.T.);
#7057=ADVANCED_FACE('',(#665),#108,.T.);
#7058=ADVANCED_FACE('',(#666),#303,.T.);
#7059=ADVANCED_FACE('',(#667),#109,.T.);
#7060=ADVANCED_FACE('',(#668),#304,.T.);
#7061=ADVANCED_FACE('',(#669),#110,.T.);
#7062=ADVANCED_FACE('',(#670),#305,.T.);
#7063=ADVANCED_FACE('',(#671),#111,.T.);
#7064=ADVANCED_FACE('',(#672),#306,.T.);
#7065=ADVANCED_FACE('',(#673),#112,.T.);
#7066=ADVANCED_FACE('',(#674),#307,.T.);
#7067=ADVANCED_FACE('',(#675),#113,.T.);
#7068=ADVANCED_FACE('',(#676),#308,.T.);
#7069=ADVANCED_FACE('',(#677),#114,.T.);
#7070=ADVANCED_FACE('',(#678),#309,.T.);
#7071=ADVANCED_FACE('',(#679),#115,.T.);
#7072=ADVANCED_FACE('',(#680),#310,.T.);
#7073=ADVANCED_FACE('',(#681),#116,.T.);
#7074=ADVANCED_FACE('',(#682),#311,.T.);
#7075=ADVANCED_FACE('',(#683),#117,.T.);
#7076=ADVANCED_FACE('',(#684),#312,.T.);
#7077=ADVANCED_FACE('',(#685),#118,.T.);
#7078=ADVANCED_FACE('',(#686),#313,.T.);
#7079=ADVANCED_FACE('',(#687),#119,.T.);
#7080=ADVANCED_FACE('',(#688),#314,.T.);
#7081=ADVANCED_FACE('',(#689),#120,.T.);
#7082=ADVANCED_FACE('',(#690),#6777,.T.);
#7083=ADVANCED_FACE('',(#691),#6778,.T.);
#7084=ADVANCED_FACE('',(#692),#315,.T.);
#7085=ADVANCED_FACE('',(#693),#316,.T.);
#7086=ADVANCED_FACE('',(#694),#317,.T.);
#7087=ADVANCED_FACE('',(#695),#318,.T.);
#7088=ADVANCED_FACE('',(#696),#6779,.T.);
#7089=ADVANCED_FACE('',(#697),#6780,.T.);
#7090=ADVANCED_FACE('',(#698),#6781,.F.);
#7091=ADVANCED_FACE('',(#699),#6782,.F.);
#7092=ADVANCED_FACE('',(#700),#6783,.F.);
#7093=ADVANCED_FACE('',(#701),#6784,.F.);
#7094=ADVANCED_FACE('',(#702),#6785,.T.);
#7095=ADVANCED_FACE('',(#703),#6786,.T.);
#7096=ADVANCED_FACE('',(#704),#6787,.F.);
#7097=ADVANCED_FACE('',(#705,#425),#6788,.T.);
#7098=ADVANCED_FACE('',(#706),#6789,.F.);
#7099=ADVANCED_FACE('',(#707),#6790,.T.);
#7100=ADVANCED_FACE('',(#708),#6791,.T.);
#7101=ADVANCED_FACE('',(#709),#6792,.T.);
#7102=ADVANCED_FACE('',(#710),#6793,.T.);
#7103=ADVANCED_FACE('',(#711),#6794,.F.);
#7104=ADVANCED_FACE('',(#712),#319,.T.);
#7105=ADVANCED_FACE('',(#713),#320,.T.);
#7106=ADVANCED_FACE('',(#714),#6795,.T.);
#7107=ADVANCED_FACE('',(#715),#321,.F.);
#7108=ADVANCED_FACE('',(#716),#6796,.T.);
#7109=ADVANCED_FACE('',(#717),#322,.T.);
#7110=ADVANCED_FACE('',(#718),#6797,.T.);
#7111=ADVANCED_FACE('',(#719),#323,.F.);
#7112=ADVANCED_FACE('',(#720),#6798,.T.);
#7113=ADVANCED_FACE('',(#721),#324,.T.);
#7114=ADVANCED_FACE('',(#722),#6799,.T.);
#7115=ADVANCED_FACE('',(#723),#325,.F.);
#7116=ADVANCED_FACE('',(#724),#6800,.T.);
#7117=ADVANCED_FACE('',(#725),#326,.T.);
#7118=ADVANCED_FACE('',(#726),#6801,.T.);
#7119=ADVANCED_FACE('',(#727),#327,.F.);
#7120=ADVANCED_FACE('',(#728),#6802,.T.);
#7121=ADVANCED_FACE('',(#729),#328,.T.);
#7122=ADVANCED_FACE('',(#730),#329,.T.);
#7123=ADVANCED_FACE('',(#731),#330,.T.);
#7124=ADVANCED_FACE('',(#732),#331,.T.);
#7125=ADVANCED_FACE('',(#733),#332,.T.);
#7126=ADVANCED_FACE('',(#734),#333,.T.);
#7127=ADVANCED_FACE('',(#735),#334,.T.);
#7128=ADVANCED_FACE('',(#736),#335,.T.);
#7129=ADVANCED_FACE('',(#737),#336,.T.);
#7130=ADVANCED_FACE('',(#738),#45,.T.);
#7131=ADVANCED_FACE('',(#739),#337,.T.);
#7132=ADVANCED_FACE('',(#740),#46,.T.);
#7133=ADVANCED_FACE('',(#741),#338,.T.);
#7134=ADVANCED_FACE('',(#742),#339,.T.);
#7135=ADVANCED_FACE('',(#743),#47,.T.);
#7136=ADVANCED_FACE('',(#744),#340,.T.);
#7137=ADVANCED_FACE('',(#745),#48,.T.);
#7138=ADVANCED_FACE('',(#746),#341,.T.);
#7139=ADVANCED_FACE('',(#747),#342,.T.);
#7140=ADVANCED_FACE('',(#748),#49,.T.);
#7141=ADVANCED_FACE('',(#749),#35,.F.);
#7142=ADVANCED_FACE('',(#750),#343,.T.);
#7143=ADVANCED_FACE('',(#751),#121,.T.);
#7144=ADVANCED_FACE('',(#752),#344,.T.);
#7145=ADVANCED_FACE('',(#753),#36,.F.);
#7146=ADVANCED_FACE('',(#754),#345,.T.);
#7147=ADVANCED_FACE('',(#755),#122,.T.);
#7148=ADVANCED_FACE('',(#756),#346,.T.);
#7149=ADVANCED_FACE('',(#757),#37,.F.);
#7150=ADVANCED_FACE('',(#758),#347,.T.);
#7151=ADVANCED_FACE('',(#759),#123,.T.);
#7152=ADVANCED_FACE('',(#760),#348,.T.);
#7153=ADVANCED_FACE('',(#761),#38,.F.);
#7154=ADVANCED_FACE('',(#762),#349,.T.);
#7155=ADVANCED_FACE('',(#763),#124,.T.);
#7156=ADVANCED_FACE('',(#764),#350,.T.);
#7157=ADVANCED_FACE('',(#765),#39,.F.);
#7158=ADVANCED_FACE('',(#766),#50,.T.);
#7159=ADVANCED_FACE('',(#767),#351,.T.);
#7160=ADVANCED_FACE('',(#768),#352,.T.);
#7161=ADVANCED_FACE('',(#769),#51,.T.);
#7162=ADVANCED_FACE('',(#770),#40,.F.);
#7163=ADVANCED_FACE('',(#771),#353,.T.);
#7164=ADVANCED_FACE('',(#772),#125,.T.);
#7165=ADVANCED_FACE('',(#773),#354,.T.);
#7166=ADVANCED_FACE('',(#774),#41,.F.);
#7167=ADVANCED_FACE('',(#775),#355,.T.);
#7168=ADVANCED_FACE('',(#776),#126,.T.);
#7169=ADVANCED_FACE('',(#777),#356,.T.);
#7170=ADVANCED_FACE('',(#778),#42,.F.);
#7171=ADVANCED_FACE('',(#779),#357,.T.);
#7172=ADVANCED_FACE('',(#780),#127,.T.);
#7173=ADVANCED_FACE('',(#781),#358,.T.);
#7174=ADVANCED_FACE('',(#782),#43,.F.);
#7175=ADVANCED_FACE('',(#783),#359,.T.);
#7176=ADVANCED_FACE('',(#784),#128,.T.);
#7177=ADVANCED_FACE('',(#785),#360,.T.);
#7178=ADVANCED_FACE('',(#786),#44,.F.);
#7179=ADVANCED_FACE('',(#787),#52,.T.);
#7180=ADVANCED_FACE('',(#788),#361,.T.);
#7181=ADVANCED_FACE('',(#789),#362,.T.);
#7182=ADVANCED_FACE('',(#790),#53,.T.);
#7183=ADVANCED_FACE('',(#791),#363,.T.);
#7184=ADVANCED_FACE('',(#792),#54,.T.);
#7185=ADVANCED_FACE('',(#793),#364,.T.);
#7186=ADVANCED_FACE('',(#794),#55,.T.);
#7187=ADVANCED_FACE('',(#795),#365,.T.);
#7188=ADVANCED_FACE('',(#796),#56,.T.);
#7189=ADVANCED_FACE('',(#797),#366,.T.);
#7190=ADVANCED_FACE('',(#798),#57,.T.);
#7191=ADVANCED_FACE('',(#799),#367,.T.);
#7192=ADVANCED_FACE('',(#800),#58,.T.);
#7193=ADVANCED_FACE('',(#801),#368,.T.);
#7194=ADVANCED_FACE('',(#802),#59,.T.);
#7195=ADVANCED_FACE('',(#803),#369,.T.);
#7196=ADVANCED_FACE('',(#804),#60,.T.);
#7197=ADVANCED_FACE('',(#805),#370,.F.);
#7198=ADVANCED_FACE('',(#806),#129,.F.);
#7199=ADVANCED_FACE('',(#807),#371,.F.);
#7200=ADVANCED_FACE('',(#808),#130,.F.);
#7201=ADVANCED_FACE('',(#809),#372,.F.);
#7202=ADVANCED_FACE('',(#810),#131,.F.);
#7203=ADVANCED_FACE('',(#811),#373,.F.);
#7204=ADVANCED_FACE('',(#812),#132,.F.);
#7205=ADVANCED_FACE('',(#813),#374,.T.);
#7206=ADVANCED_FACE('',(#814),#61,.T.);
#7207=ADVANCED_FACE('',(#815),#375,.T.);
#7208=ADVANCED_FACE('',(#816),#62,.T.);
#7209=ADVANCED_FACE('',(#817),#376,.T.);
#7210=ADVANCED_FACE('',(#818),#377,.T.);
#7211=ADVANCED_FACE('',(#819),#63,.T.);
#7212=ADVANCED_FACE('',(#820),#378,.T.);
#7213=ADVANCED_FACE('',(#821),#64,.T.);
#7214=ADVANCED_FACE('',(#822),#379,.T.);
#7215=ADVANCED_FACE('',(#823),#6803,.T.);
#7216=ADVANCED_FACE('',(#824),#6804,.T.);
#7217=ADVANCED_FACE('',(#825),#6805,.T.);
#7218=ADVANCED_FACE('',(#826),#6806,.T.);
#7219=ADVANCED_FACE('',(#827),#6807,.T.);
#7220=ADVANCED_FACE('',(#828),#6808,.F.);
#7221=ADVANCED_FACE('',(#829),#380,.T.);
#7222=ADVANCED_FACE('',(#830),#381,.T.);
#7223=ADVANCED_FACE('',(#831),#382,.T.);
#7224=ADVANCED_FACE('',(#832),#383,.T.);
#7225=ADVANCED_FACE('',(#833),#384,.T.);
#7226=ADVANCED_FACE('',(#834),#385,.T.);
#7227=ADVANCED_FACE('',(#835,#426),#6809,.F.);
#7228=ADVANCED_FACE('',(#836,#427),#6810,.T.);
#7229=ADVANCED_FACE('',(#837),#6811,.F.);
#7230=ADVANCED_FACE('',(#838),#386,.F.);
#7231=ADVANCED_FACE('',(#839),#6812,.F.);
#7232=ADVANCED_FACE('',(#840),#387,.F.);
#7233=ADVANCED_FACE('',(#841),#6813,.T.);
#7234=ADVANCED_FACE('',(#842),#388,.T.);
#7235=ADVANCED_FACE('',(#843),#6814,.T.);
#7236=ADVANCED_FACE('',(#844),#389,.F.);
#7237=ADVANCED_FACE('',(#845),#6815,.T.);
#7238=ADVANCED_FACE('',(#846),#390,.T.);
#7239=ADVANCED_FACE('',(#847),#6816,.T.);
#7240=ADVANCED_FACE('',(#848),#391,.F.);
#7241=ADVANCED_FACE('',(#849),#6817,.T.);
#7242=ADVANCED_FACE('',(#850),#392,.T.);
#7243=ADVANCED_FACE('',(#851),#6818,.T.);
#7244=ADVANCED_FACE('',(#852),#393,.T.);
#7245=ADVANCED_FACE('',(#853),#6819,.T.);
#7246=ADVANCED_FACE('',(#854),#394,.T.);
#7247=ADVANCED_FACE('',(#855),#395,.T.);
#7248=ADVANCED_FACE('',(#856),#133,.T.);
#7249=ADVANCED_FACE('',(#857),#396,.T.);
#7250=ADVANCED_FACE('',(#858),#134,.T.);
#7251=ADVANCED_FACE('',(#859),#397,.T.);
#7252=ADVANCED_FACE('',(#860),#135,.T.);
#7253=ADVANCED_FACE('',(#861),#398,.T.);
#7254=ADVANCED_FACE('',(#862),#65,.T.);
#7255=ADVANCED_FACE('',(#863),#399,.T.);
#7256=ADVANCED_FACE('',(#864),#66,.T.);
#7257=ADVANCED_FACE('',(#865),#400,.T.);
#7258=ADVANCED_FACE('',(#866),#67,.T.);
#7259=ADVANCED_FACE('',(#867),#401,.T.);
#7260=ADVANCED_FACE('',(#868),#68,.T.);
#7261=ADVANCED_FACE('',(#869),#402,.T.);
#7262=ADVANCED_FACE('',(#870),#69,.T.);
#7263=ADVANCED_FACE('',(#871),#403,.T.);
#7264=ADVANCED_FACE('',(#872),#70,.T.);
#7265=ADVANCED_FACE('',(#873),#404,.T.);
#7266=ADVANCED_FACE('',(#874),#71,.T.);
#7267=ADVANCED_FACE('',(#875),#405,.T.);
#7268=ADVANCED_FACE('',(#876),#136,.T.);
#7269=ADVANCED_FACE('',(#877),#406,.T.);
#7270=ADVANCED_FACE('',(#878),#137,.T.);
#7271=ADVANCED_FACE('',(#879),#407,.T.);
#7272=ADVANCED_FACE('',(#880),#138,.T.);
#7273=ADVANCED_FACE('',(#881),#408,.T.);
#7274=ADVANCED_FACE('',(#882),#72,.T.);
#7275=ADVANCED_FACE('',(#883),#139,.T.);
#7276=ADVANCED_FACE('',(#884),#409,.T.);
#7277=ADVANCED_FACE('',(#885),#140,.T.);
#7278=ADVANCED_FACE('',(#886),#410,.T.);
#7279=ADVANCED_FACE('',(#887),#141,.T.);
#7280=ADVANCED_FACE('',(#888),#411,.T.);
#7281=ADVANCED_FACE('',(#889),#142,.T.);
#7282=ADVANCED_FACE('',(#890),#412,.T.);
#7283=CLOSED_SHELL('',(#6820,#6821,#6822,#6823,#6824,#6825,#6826,#6827,
#6828,#6829,#6830,#6831,#6832,#6833,#6834,#6835,#6836,#6837,#6838,#6839,
#6840,#6841,#6842,#6843,#6844,#6845,#6846,#6847,#6848,#6849,#6850,#6851,
#6852,#6853,#6854,#6855,#6856,#6857,#6858,#6859,#6860,#6861,#6862,#6863,
#6864,#6865,#6866,#6867,#6868,#6869,#6870,#6871,#6872,#6873,#6874,#6875,
#6876,#6877,#6878,#6879,#6880,#6881,#6882,#6883,#6884,#6885,#6886,#6887,
#6888,#6889,#6890,#6891,#6892,#6893,#6894,#6895,#6896,#6897,#6898,#6899,
#6900,#6901,#6902,#6903,#6904,#6905,#6906,#6907,#6908,#6909,#6910,#6911));
#7284=CLOSED_SHELL('',(#6912,#6913,#6914,#6915,#6916,#6917,#6918,#6919,
#6920,#6921,#6922,#6923,#6924,#6925,#6926,#6927,#6928,#6929,#6930,#6931,
#6932,#6933,#6934,#6935,#6936,#6937,#6938,#6939,#6940,#6941,#6942,#6943,
#6944,#6945,#6946,#6947,#6948,#6949,#6950,#6951,#6952,#6953,#6954,#6955,
#6956,#6957,#6958,#6959,#6960,#6961,#6962,#6963,#6964,#6965,#6966,#6967,
#6968,#6969,#6970,#6971,#6972,#6973,#6974,#6975,#6976,#6977,#6978,#6979,
#6980,#6981,#6982,#6983,#6984,#6985,#6986,#6987,#6988,#6989,#6990,#6991,
#6992,#6993,#6994,#6995,#6996,#6997,#6998,#6999,#7000,#7001,#7002,#7003,
#7004,#7005,#7006,#7007,#7008,#7009,#7010,#7011,#7012,#7013,#7014,#7015,
#7016,#7017,#7018,#7019,#7020,#7021,#7022,#7023,#7024,#7025,#7026,#7027,
#7028,#7029,#7030,#7031,#7032,#7033,#7034,#7035,#7036,#7037,#7038,#7039,
#7040,#7041,#7042,#7043,#7044,#7045,#7046,#7047,#7048,#7049,#7050,#7051,
#7052,#7053,#7054,#7055,#7056,#7057,#7058,#7059,#7060,#7061,#7062,#7063,
#7064,#7065,#7066,#7067,#7068,#7069,#7070,#7071,#7072,#7073,#7074,#7075,
#7076,#7077,#7078,#7079,#7080,#7081));
#7285=CLOSED_SHELL('',(#7082,#7083,#7084,#7085,#7086,#7087,#7088,#7089,
#7090,#7091,#7092,#7093,#7094,#7095,#7096,#7097,#7098,#7099,#7100,#7101,
#7102,#7103,#7104,#7105,#7106,#7107,#7108,#7109,#7110,#7111,#7112,#7113,
#7114,#7115,#7116,#7117,#7118,#7119,#7120,#7121,#7122,#7123,#7124,#7125,
#7126,#7127,#7128,#7129,#7130,#7131,#7132,#7133,#7134,#7135,#7136,#7137,
#7138,#7139,#7140,#7141,#7142,#7143,#7144,#7145,#7146,#7147,#7148,#7149,
#7150,#7151,#7152,#7153,#7154,#7155,#7156,#7157,#7158,#7159,#7160,#7161,
#7162,#7163,#7164,#7165,#7166,#7167,#7168,#7169,#7170,#7171,#7172,#7173,
#7174,#7175,#7176,#7177,#7178,#7179,#7180,#7181,#7182,#7183,#7184,#7185,
#7186,#7187,#7188,#7189,#7190,#7191,#7192,#7193,#7194,#7195,#7196,#7197,
#7198,#7199,#7200,#7201,#7202,#7203,#7204,#7205,#7206,#7207,#7208,#7209,
#7210,#7211,#7212,#7213,#7214));
#7286=CLOSED_SHELL('',(#7215,#7216,#7217,#7218,#7219,#7220,#7221,#7222,
#7223,#7224,#7225,#7226));
#7287=CLOSED_SHELL('',(#7227,#7228,#7229,#7230,#7231,#7232,#7233,#7234,
#7235,#7236,#7237,#7238,#7239,#7240,#7241,#7242,#7243,#7244,#7245,#7246,
#7247,#7248,#7249,#7250,#7251,#7252,#7253,#7254,#7255,#7256,#7257,#7258,
#7259,#7260,#7261,#7262,#7263,#7264,#7265,#7266,#7267,#7268,#7269,#7270,
#7271,#7272,#7273,#7274,#7275,#7276,#7277,#7278,#7279,#7280,#7281,#7282));
#7288=DERIVED_UNIT_ELEMENT(#7296,1.);
#7289=DERIVED_UNIT_ELEMENT(#13492,-3.);
#7290=DERIVED_UNIT_ELEMENT(#7296,1.);
#7291=DERIVED_UNIT_ELEMENT(#13492,-3.);
#7292=DERIVED_UNIT_ELEMENT(#7296,1.);
#7293=DERIVED_UNIT_ELEMENT(#13492,-3.);
#7294=DERIVED_UNIT_ELEMENT(#7296,1.);
#7295=DERIVED_UNIT_ELEMENT(#13492,-3.);
#7296=(
MASS_UNIT()
NAMED_UNIT(*)
SI_UNIT(.KILO.,.GRAM.)
);
#7297=DERIVED_UNIT((#7288,#7289));
#7298=DERIVED_UNIT((#7290,#7291));
#7299=DERIVED_UNIT((#7292,#7293));
#7300=DERIVED_UNIT((#7294,#7295));
#7301=MEASURE_REPRESENTATION_ITEM('density measure',
POSITIVE_RATIO_MEASURE(7850.),#7297);
#7302=MEASURE_REPRESENTATION_ITEM('density measure',
POSITIVE_RATIO_MEASURE(7850.),#7298);
#7303=MEASURE_REPRESENTATION_ITEM('density measure',
POSITIVE_RATIO_MEASURE(7850.),#7299);
#7304=MEASURE_REPRESENTATION_ITEM('density measure',
POSITIVE_RATIO_MEASURE(7850.),#7300);
#7305=PROPERTY_DEFINITION_REPRESENTATION(#7325,#7313);
#7306=PROPERTY_DEFINITION_REPRESENTATION(#7326,#7314);
#7307=PROPERTY_DEFINITION_REPRESENTATION(#7327,#7315);
#7308=PROPERTY_DEFINITION_REPRESENTATION(#7328,#7316);
#7309=PROPERTY_DEFINITION_REPRESENTATION(#7329,#7317);
#7310=PROPERTY_DEFINITION_REPRESENTATION(#7330,#7318);
#7311=PROPERTY_DEFINITION_REPRESENTATION(#7331,#7319);
#7312=PROPERTY_DEFINITION_REPRESENTATION(#7332,#7320);
#7313=REPRESENTATION('material name',(#7321),#13486);
#7314=REPRESENTATION('density',(#7301),#13486);
#7315=REPRESENTATION('material name',(#7322),#13487);
#7316=REPRESENTATION('density',(#7302),#13487);
#7317=REPRESENTATION('material name',(#7323),#13488);
#7318=REPRESENTATION('density',(#7303),#13488);
#7319=REPRESENTATION('material name',(#7324),#13489);
#7320=REPRESENTATION('density',(#7304),#13489);
#7321=DESCRIPTIVE_REPRESENTATION_ITEM('Steel','Steel');
#7322=DESCRIPTIVE_REPRESENTATION_ITEM('Steel','Steel');
#7323=DESCRIPTIVE_REPRESENTATION_ITEM('Steel','Steel');
#7324=DESCRIPTIVE_REPRESENTATION_ITEM('Steel','Steel');
#7325=PROPERTY_DEFINITION('material property','material name',#13518);
#7326=PROPERTY_DEFINITION('material property','density of part',#13518);
#7327=PROPERTY_DEFINITION('material property','material name',#13519);
#7328=PROPERTY_DEFINITION('material property','density of part',#13519);
#7329=PROPERTY_DEFINITION('material property','material name',#13520);
#7330=PROPERTY_DEFINITION('material property','density of part',#13520);
#7331=PROPERTY_DEFINITION('material property','material name',#13521);
#7332=PROPERTY_DEFINITION('material property','density of part',#13521);
#7333=AXIS2_PLACEMENT_3D('',#10685,#8261,#8262);
#7334=AXIS2_PLACEMENT_3D('',#10686,#8263,#8264);
#7335=AXIS2_PLACEMENT_3D('',#10687,#8265,#8266);
#7336=AXIS2_PLACEMENT_3D('',#10694,#8269,#8270);
#7337=AXIS2_PLACEMENT_3D('',#10698,#8272,#8273);
#7338=AXIS2_PLACEMENT_3D('',#10706,#8277,#8278);
#7339=AXIS2_PLACEMENT_3D('',#10710,#8280,#8281);
#7340=AXIS2_PLACEMENT_3D('',#10721,#8287,#8288);
#7341=AXIS2_PLACEMENT_3D('',#10723,#8289,#8290);
#7342=AXIS2_PLACEMENT_3D('',#10724,#8291,#8292);
#7343=AXIS2_PLACEMENT_3D('',#10727,#8294,#8295);
#7344=AXIS2_PLACEMENT_3D('',#10728,#8296,#8297);
#7345=AXIS2_PLACEMENT_3D('',#10731,#8299,#8300);
#7346=AXIS2_PLACEMENT_3D('',#10732,#8301,#8302);
#7347=AXIS2_PLACEMENT_3D('',#10738,#8306,#8307);
#7348=AXIS2_PLACEMENT_3D('',#10742,#8310,#8311);
#7349=AXIS2_PLACEMENT_3D('',#10746,#8314,#8315);
#7350=AXIS2_PLACEMENT_3D('',#10748,#8317,#8318);
#7351=AXIS2_PLACEMENT_3D('',#10754,#8322,#8323);
#7352=AXIS2_PLACEMENT_3D('',#10757,#8325,#8326);
#7353=AXIS2_PLACEMENT_3D('',#10758,#8327,#8328);
#7354=AXIS2_PLACEMENT_3D('',#10762,#8331,#8332);
#7355=AXIS2_PLACEMENT_3D('',#10765,#8334,#8335);
#7356=AXIS2_PLACEMENT_3D('',#10766,#8336,#8337);
#7357=AXIS2_PLACEMENT_3D('',#10770,#8340,#8341);
#7358=AXIS2_PLACEMENT_3D('',#10775,#8343,#8344);
#7359=AXIS2_PLACEMENT_3D('',#10878,#8345,#8346);
#7360=AXIS2_PLACEMENT_3D('',#10879,#8347,#8348);
#7361=AXIS2_PLACEMENT_3D('',#10885,#8352,#8353);
#7362=AXIS2_PLACEMENT_3D('',#10888,#8355,#8356);
#7363=AXIS2_PLACEMENT_3D('',#10889,#8357,#8358);
#7364=AXIS2_PLACEMENT_3D('',#10893,#8361,#8362);
#7365=AXIS2_PLACEMENT_3D('',#10896,#8364,#8365);
#7366=AXIS2_PLACEMENT_3D('',#10897,#8366,#8367);
#7367=AXIS2_PLACEMENT_3D('',#10901,#8370,#8371);
#7368=AXIS2_PLACEMENT_3D('',#10906,#8373,#8374);
#7369=AXIS2_PLACEMENT_3D('',#11009,#8375,#8376);
#7370=AXIS2_PLACEMENT_3D('',#11010,#8377,#8378);
#7371=AXIS2_PLACEMENT_3D('',#11087,#8382,#8383);
#7372=AXIS2_PLACEMENT_3D('',#11090,#8384,#8385);
#7373=AXIS2_PLACEMENT_3D('',#11210,#8388,#8389);
#7374=AXIS2_PLACEMENT_3D('',#11213,#8391,#8392);
#7375=AXIS2_PLACEMENT_3D('',#11214,#8393,#8394);
#7376=AXIS2_PLACEMENT_3D('',#11240,#8408,#8409);
#7377=AXIS2_PLACEMENT_3D('',#11266,#8423,#8424);
#7378=AXIS2_PLACEMENT_3D('',#11268,#8426,#8427);
#7379=AXIS2_PLACEMENT_3D('',#11273,#8429,#8430);
#7380=AXIS2_PLACEMENT_3D('',#11352,#8431,#8432);
#7381=AXIS2_PLACEMENT_3D('',#11353,#8433,#8434);
#7382=AXIS2_PLACEMENT_3D('',#11357,#8437,#8438);
#7383=AXIS2_PLACEMENT_3D('',#11361,#8441,#8442);
#7384=AXIS2_PLACEMENT_3D('',#11365,#8445,#8446);
#7385=AXIS2_PLACEMENT_3D('',#11369,#8449,#8450);
#7386=AXIS2_PLACEMENT_3D('',#11373,#8452,#8453);
#7387=AXIS2_PLACEMENT_3D('',#11374,#8454,#8455);
#7388=AXIS2_PLACEMENT_3D('',#11375,#8456,#8457);
#7389=AXIS2_PLACEMENT_3D('',#11381,#8461,#8462);
#7390=AXIS2_PLACEMENT_3D('',#11385,#8465,#8466);
#7391=AXIS2_PLACEMENT_3D('',#11389,#8469,#8470);
#7392=AXIS2_PLACEMENT_3D('',#11393,#8473,#8474);
#7393=AXIS2_PLACEMENT_3D('',#11397,#8477,#8478);
#7394=AXIS2_PLACEMENT_3D('',#11401,#8480,#8481);
#7395=AXIS2_PLACEMENT_3D('',#11402,#8482,#8483);
#7396=AXIS2_PLACEMENT_3D('',#11403,#8484,#8485);
#7397=AXIS2_PLACEMENT_3D('',#11409,#8489,#8490);
#7398=AXIS2_PLACEMENT_3D('',#11411,#8492,#8493);
#7399=AXIS2_PLACEMENT_3D('',#11416,#8497,#8498);
#7400=AXIS2_PLACEMENT_3D('',#11421,#8502,#8503);
#7401=AXIS2_PLACEMENT_3D('',#11425,#8506,#8507);
#7402=AXIS2_PLACEMENT_3D('',#11429,#8510,#8511);
#7403=AXIS2_PLACEMENT_3D('',#11433,#8513,#8514);
#7404=AXIS2_PLACEMENT_3D('',#11434,#8515,#8516);
#7405=AXIS2_PLACEMENT_3D('',#11435,#8517,#8518);
#7406=AXIS2_PLACEMENT_3D('',#11441,#8522,#8523);
#7407=AXIS2_PLACEMENT_3D('',#11445,#8526,#8527);
#7408=AXIS2_PLACEMENT_3D('',#11449,#8530,#8531);
#7409=AXIS2_PLACEMENT_3D('',#11453,#8534,#8535);
#7410=AXIS2_PLACEMENT_3D('',#11457,#8538,#8539);
#7411=AXIS2_PLACEMENT_3D('',#11461,#8541,#8542);
#7412=AXIS2_PLACEMENT_3D('',#11462,#8543,#8544);
#7413=AXIS2_PLACEMENT_3D('',#11463,#8545,#8546);
#7414=AXIS2_PLACEMENT_3D('',#11469,#8550,#8551);
#7415=AXIS2_PLACEMENT_3D('',#11471,#8553,#8554);
#7416=AXIS2_PLACEMENT_3D('',#11474,#8557,#8558);
#7417=AXIS2_PLACEMENT_3D('',#11477,#8561,#8562);
#7418=AXIS2_PLACEMENT_3D('',#11480,#8564,#8565);
#7419=AXIS2_PLACEMENT_3D('',#11481,#8566,#8567);
#7420=AXIS2_PLACEMENT_3D('',#11483,#8568,#8569);
#7421=AXIS2_PLACEMENT_3D('',#11485,#8571,#8572);
#7422=AXIS2_PLACEMENT_3D('',#11491,#8576,#8577);
#7423=AXIS2_PLACEMENT_3D('',#11494,#8579,#8580);
#7424=AXIS2_PLACEMENT_3D('',#11495,#8581,#8582);
#7425=AXIS2_PLACEMENT_3D('',#11497,#8583,#8584);
#7426=AXIS2_PLACEMENT_3D('',#11499,#8586,#8587);
#7427=AXIS2_PLACEMENT_3D('',#11505,#8591,#8592);
#7428=AXIS2_PLACEMENT_3D('',#11508,#8594,#8595);
#7429=AXIS2_PLACEMENT_3D('',#11509,#8596,#8597);
#7430=AXIS2_PLACEMENT_3D('',#11511,#8598,#8599);
#7431=AXIS2_PLACEMENT_3D('',#11513,#8601,#8602);
#7432=AXIS2_PLACEMENT_3D('',#11519,#8606,#8607);
#7433=AXIS2_PLACEMENT_3D('',#11522,#8609,#8610);
#7434=AXIS2_PLACEMENT_3D('',#11523,#8611,#8612);
#7435=AXIS2_PLACEMENT_3D('',#11525,#8613,#8614);
#7436=AXIS2_PLACEMENT_3D('',#11527,#8616,#8617);
#7437=AXIS2_PLACEMENT_3D('',#11533,#8621,#8622);
#7438=AXIS2_PLACEMENT_3D('',#11535,#8624,#8625);
#7439=AXIS2_PLACEMENT_3D('',#11537,#8627,#8628);
#7440=AXIS2_PLACEMENT_3D('',#11539,#8630,#8631);
#7441=AXIS2_PLACEMENT_3D('',#11541,#8633,#8634);
#7442=AXIS2_PLACEMENT_3D('',#11545,#8637,#8638);
#7443=AXIS2_PLACEMENT_3D('',#11549,#8641,#8642);
#7444=AXIS2_PLACEMENT_3D('',#11551,#8644,#8645);
#7445=AXIS2_PLACEMENT_3D('',#11555,#8648,#8649);
#7446=AXIS2_PLACEMENT_3D('',#11559,#8652,#8653);
#7447=AXIS2_PLACEMENT_3D('',#11561,#8655,#8656);
#7448=AXIS2_PLACEMENT_3D('',#11565,#8659,#8660);
#7449=AXIS2_PLACEMENT_3D('',#11569,#8663,#8664);
#7450=AXIS2_PLACEMENT_3D('',#11571,#8666,#8667);
#7451=AXIS2_PLACEMENT_3D('',#11575,#8670,#8671);
#7452=AXIS2_PLACEMENT_3D('',#11579,#8674,#8675);
#7453=AXIS2_PLACEMENT_3D('',#11581,#8677,#8678);
#7454=AXIS2_PLACEMENT_3D('',#11582,#8679,#8680);
#7455=AXIS2_PLACEMENT_3D('',#11583,#8681,#8682);
#7456=AXIS2_PLACEMENT_3D('',#11584,#8683,#8684);
#7457=AXIS2_PLACEMENT_3D('',#11699,#8687,#8688);
#7458=AXIS2_PLACEMENT_3D('',#11700,#8689,#8690);
#7459=AXIS2_PLACEMENT_3D('',#11701,#8691,#8692);
#7460=AXIS2_PLACEMENT_3D('',#11702,#8693,#8694);
#7461=AXIS2_PLACEMENT_3D('',#11709,#8697,#8698);
#7462=AXIS2_PLACEMENT_3D('',#11713,#8700,#8701);
#7463=AXIS2_PLACEMENT_3D('',#11721,#8705,#8706);
#7464=AXIS2_PLACEMENT_3D('',#11725,#8708,#8709);
#7465=AXIS2_PLACEMENT_3D('',#11729,#8711,#8712);
#7466=AXIS2_PLACEMENT_3D('',#11733,#8714,#8715);
#7467=AXIS2_PLACEMENT_3D('',#11741,#8719,#8720);
#7468=AXIS2_PLACEMENT_3D('',#11745,#8722,#8723);
#7469=AXIS2_PLACEMENT_3D('',#11753,#8727,#8728);
#7470=AXIS2_PLACEMENT_3D('',#11757,#8730,#8731);
#7471=AXIS2_PLACEMENT_3D('',#11761,#8733,#8734);
#7472=AXIS2_PLACEMENT_3D('',#11765,#8736,#8737);
#7473=AXIS2_PLACEMENT_3D('',#11771,#8740,#8741);
#7474=AXIS2_PLACEMENT_3D('',#11775,#8743,#8744);
#7475=AXIS2_PLACEMENT_3D('',#11779,#8746,#8747);
#7476=AXIS2_PLACEMENT_3D('',#11782,#8749,#8750);
#7477=AXIS2_PLACEMENT_3D('',#11787,#8752,#8753);
#7478=AXIS2_PLACEMENT_3D('',#11791,#8755,#8756);
#7479=AXIS2_PLACEMENT_3D('',#11795,#8758,#8759);
#7480=AXIS2_PLACEMENT_3D('',#11798,#8761,#8762);
#7481=AXIS2_PLACEMENT_3D('',#11803,#8764,#8765);
#7482=AXIS2_PLACEMENT_3D('',#11807,#8767,#8768);
#7483=AXIS2_PLACEMENT_3D('',#11811,#8770,#8771);
#7484=AXIS2_PLACEMENT_3D('',#11814,#8773,#8774);
#7485=AXIS2_PLACEMENT_3D('',#11815,#8775,#8776);
#7486=AXIS2_PLACEMENT_3D('',#11818,#8777,#8778);
#7487=AXIS2_PLACEMENT_3D('',#11822,#8780,#8781);
#7488=AXIS2_PLACEMENT_3D('',#11830,#8785,#8786);
#7489=AXIS2_PLACEMENT_3D('',#11834,#8788,#8789);
#7490=AXIS2_PLACEMENT_3D('',#11838,#8791,#8792);
#7491=AXIS2_PLACEMENT_3D('',#11842,#8794,#8795);
#7492=AXIS2_PLACEMENT_3D('',#11850,#8799,#8800);
#7493=AXIS2_PLACEMENT_3D('',#11854,#8802,#8803);
#7494=AXIS2_PLACEMENT_3D('',#11862,#8807,#8808);
#7495=AXIS2_PLACEMENT_3D('',#11866,#8810,#8811);
#7496=AXIS2_PLACEMENT_3D('',#11870,#8813,#8814);
#7497=AXIS2_PLACEMENT_3D('',#11874,#8816,#8817);
#7498=AXIS2_PLACEMENT_3D('',#11884,#8822,#8823);
#7499=AXIS2_PLACEMENT_3D('',#11888,#8825,#8826);
#7500=AXIS2_PLACEMENT_3D('',#11892,#8828,#8829);
#7501=AXIS2_PLACEMENT_3D('',#11895,#8831,#8832);
#7502=AXIS2_PLACEMENT_3D('',#11900,#8834,#8835);
#7503=AXIS2_PLACEMENT_3D('',#11904,#8837,#8838);
#7504=AXIS2_PLACEMENT_3D('',#11908,#8840,#8841);
#7505=AXIS2_PLACEMENT_3D('',#11911,#8843,#8844);
#7506=AXIS2_PLACEMENT_3D('',#11916,#8846,#8847);
#7507=AXIS2_PLACEMENT_3D('',#11920,#8849,#8850);
#7508=AXIS2_PLACEMENT_3D('',#11924,#8852,#8853);
#7509=AXIS2_PLACEMENT_3D('',#11927,#8855,#8856);
#7510=AXIS2_PLACEMENT_3D('',#11928,#8857,#8858);
#7511=AXIS2_PLACEMENT_3D('',#11937,#8863,#8864);
#7512=AXIS2_PLACEMENT_3D('',#11939,#8865,#8866);
#7513=AXIS2_PLACEMENT_3D('',#11941,#8867,#8868);
#7514=AXIS2_PLACEMENT_3D('',#11943,#8870,#8871);
#7515=AXIS2_PLACEMENT_3D('',#11949,#8875,#8876);
#7516=AXIS2_PLACEMENT_3D('',#11951,#8877,#8878);
#7517=AXIS2_PLACEMENT_3D('',#11953,#8879,#8880);
#7518=AXIS2_PLACEMENT_3D('',#11955,#8882,#8883);
#7519=AXIS2_PLACEMENT_3D('',#11961,#8887,#8888);
#7520=AXIS2_PLACEMENT_3D('',#11963,#8889,#8890);
#7521=AXIS2_PLACEMENT_3D('',#11965,#8891,#8892);
#7522=AXIS2_PLACEMENT_3D('',#11967,#8894,#8895);
#7523=AXIS2_PLACEMENT_3D('',#11973,#8899,#8900);
#7524=AXIS2_PLACEMENT_3D('',#11974,#8901,#8902);
#7525=AXIS2_PLACEMENT_3D('',#11975,#8903,#8904);
#7526=AXIS2_PLACEMENT_3D('',#11976,#8905,#8906);
#7527=AXIS2_PLACEMENT_3D('',#11985,#8911,#8912);
#7528=AXIS2_PLACEMENT_3D('',#11987,#8913,#8914);
#7529=AXIS2_PLACEMENT_3D('',#11989,#8915,#8916);
#7530=AXIS2_PLACEMENT_3D('',#11991,#8918,#8919);
#7531=AXIS2_PLACEMENT_3D('',#11997,#8923,#8924);
#7532=AXIS2_PLACEMENT_3D('',#11999,#8925,#8926);
#7533=AXIS2_PLACEMENT_3D('',#12001,#8927,#8928);
#7534=AXIS2_PLACEMENT_3D('',#12003,#8930,#8931);
#7535=AXIS2_PLACEMENT_3D('',#12009,#8935,#8936);
#7536=AXIS2_PLACEMENT_3D('',#12011,#8937,#8938);
#7537=AXIS2_PLACEMENT_3D('',#12013,#8939,#8940);
#7538=AXIS2_PLACEMENT_3D('',#12015,#8942,#8943);
#7539=AXIS2_PLACEMENT_3D('',#12021,#8947,#8948);
#7540=AXIS2_PLACEMENT_3D('',#12022,#8949,#8950);
#7541=AXIS2_PLACEMENT_3D('',#12023,#8951,#8952);
#7542=AXIS2_PLACEMENT_3D('',#12024,#8953,#8954);
#7543=AXIS2_PLACEMENT_3D('',#12033,#8959,#8960);
#7544=AXIS2_PLACEMENT_3D('',#12035,#8961,#8962);
#7545=AXIS2_PLACEMENT_3D('',#12037,#8963,#8964);
#7546=AXIS2_PLACEMENT_3D('',#12039,#8966,#8967);
#7547=AXIS2_PLACEMENT_3D('',#12045,#8971,#8972);
#7548=AXIS2_PLACEMENT_3D('',#12047,#8973,#8974);
#7549=AXIS2_PLACEMENT_3D('',#12049,#8975,#8976);
#7550=AXIS2_PLACEMENT_3D('',#12051,#8978,#8979);
#7551=AXIS2_PLACEMENT_3D('',#12057,#8983,#8984);
#7552=AXIS2_PLACEMENT_3D('',#12059,#8985,#8986);
#7553=AXIS2_PLACEMENT_3D('',#12061,#8987,#8988);
#7554=AXIS2_PLACEMENT_3D('',#12063,#8990,#8991);
#7555=AXIS2_PLACEMENT_3D('',#12069,#8995,#8996);
#7556=AXIS2_PLACEMENT_3D('',#12070,#8997,#8998);
#7557=AXIS2_PLACEMENT_3D('',#12071,#8999,#9000);
#7558=AXIS2_PLACEMENT_3D('',#12072,#9001,#9002);
#7559=AXIS2_PLACEMENT_3D('',#12081,#9007,#9008);
#7560=AXIS2_PLACEMENT_3D('',#12087,#9012,#9013);
#7561=AXIS2_PLACEMENT_3D('',#12093,#9017,#9018);
#7562=AXIS2_PLACEMENT_3D('',#12095,#9019,#9020);
#7563=AXIS2_PLACEMENT_3D('',#12098,#9022,#9023);
#7564=AXIS2_PLACEMENT_3D('',#12099,#9024,#9025);
#7565=AXIS2_PLACEMENT_3D('',#12105,#9029,#9030);
#7566=AXIS2_PLACEMENT_3D('',#12107,#9031,#9032);
#7567=AXIS2_PLACEMENT_3D('',#12110,#9034,#9035);
#7568=AXIS2_PLACEMENT_3D('',#12111,#9036,#9037);
#7569=AXIS2_PLACEMENT_3D('',#12117,#9041,#9042);
#7570=AXIS2_PLACEMENT_3D('',#12119,#9043,#9044);
#7571=AXIS2_PLACEMENT_3D('',#12122,#9046,#9047);
#7572=AXIS2_PLACEMENT_3D('',#12123,#9048,#9049);
#7573=AXIS2_PLACEMENT_3D('',#12129,#9053,#9054);
#7574=AXIS2_PLACEMENT_3D('',#12131,#9055,#9056);
#7575=AXIS2_PLACEMENT_3D('',#12134,#9058,#9059);
#7576=AXIS2_PLACEMENT_3D('',#12135,#9060,#9061);
#7577=AXIS2_PLACEMENT_3D('',#12141,#9065,#9066);
#7578=AXIS2_PLACEMENT_3D('',#12147,#9070,#9071);
#7579=AXIS2_PLACEMENT_3D('',#12153,#9075,#9076);
#7580=AXIS2_PLACEMENT_3D('',#12155,#9077,#9078);
#7581=AXIS2_PLACEMENT_3D('',#12158,#9080,#9081);
#7582=AXIS2_PLACEMENT_3D('',#12159,#9082,#9083);
#7583=AXIS2_PLACEMENT_3D('',#12165,#9087,#9088);
#7584=AXIS2_PLACEMENT_3D('',#12167,#9089,#9090);
#7585=AXIS2_PLACEMENT_3D('',#12170,#9092,#9093);
#7586=AXIS2_PLACEMENT_3D('',#12171,#9094,#9095);
#7587=AXIS2_PLACEMENT_3D('',#12177,#9099,#9100);
#7588=AXIS2_PLACEMENT_3D('',#12183,#9104,#9105);
#7589=AXIS2_PLACEMENT_3D('',#12189,#9109,#9110);
#7590=AXIS2_PLACEMENT_3D('',#12191,#9111,#9112);
#7591=AXIS2_PLACEMENT_3D('',#12194,#9114,#9115);
#7592=AXIS2_PLACEMENT_3D('',#12195,#9116,#9117);
#7593=AXIS2_PLACEMENT_3D('',#12201,#9121,#9122);
#7594=AXIS2_PLACEMENT_3D('',#12203,#9123,#9124);
#7595=AXIS2_PLACEMENT_3D('',#12206,#9126,#9127);
#7596=AXIS2_PLACEMENT_3D('',#12207,#9128,#9129);
#7597=AXIS2_PLACEMENT_3D('',#12213,#9133,#9134);
#7598=AXIS2_PLACEMENT_3D('',#12215,#9135,#9136);
#7599=AXIS2_PLACEMENT_3D('',#12218,#9138,#9139);
#7600=AXIS2_PLACEMENT_3D('',#12219,#9140,#9141);
#7601=AXIS2_PLACEMENT_3D('',#12225,#9145,#9146);
#7602=AXIS2_PLACEMENT_3D('',#12227,#9147,#9148);
#7603=AXIS2_PLACEMENT_3D('',#12230,#9150,#9151);
#7604=AXIS2_PLACEMENT_3D('',#12231,#9152,#9153);
#7605=AXIS2_PLACEMENT_3D('',#12237,#9157,#9158);
#7606=AXIS2_PLACEMENT_3D('',#12243,#9162,#9163);
#7607=AXIS2_PLACEMENT_3D('',#12249,#9167,#9168);
#7608=AXIS2_PLACEMENT_3D('',#12251,#9169,#9170);
#7609=AXIS2_PLACEMENT_3D('',#12254,#9172,#9173);
#7610=AXIS2_PLACEMENT_3D('',#12255,#9174,#9175);
#7611=AXIS2_PLACEMENT_3D('',#12261,#9179,#9180);
#7612=AXIS2_PLACEMENT_3D('',#12262,#9181,#9182);
#7613=AXIS2_PLACEMENT_3D('',#12263,#9183,#9184);
#7614=AXIS2_PLACEMENT_3D('',#12264,#9185,#9186);
#7615=AXIS2_PLACEMENT_3D('',#12265,#9187,#9188);
#7616=AXIS2_PLACEMENT_3D('',#12266,#9189,#9190);
#7617=AXIS2_PLACEMENT_3D('',#12267,#9191,#9192);
#7618=AXIS2_PLACEMENT_3D('',#12268,#9193,#9194);
#7619=AXIS2_PLACEMENT_3D('',#12269,#9195,#9196);
#7620=AXIS2_PLACEMENT_3D('',#12270,#9197,#9198);
#7621=AXIS2_PLACEMENT_3D('',#12271,#9199,#9200);
#7622=AXIS2_PLACEMENT_3D('',#12272,#9201,#9202);
#7623=AXIS2_PLACEMENT_3D('',#12273,#9203,#9204);
#7624=AXIS2_PLACEMENT_3D('',#12274,#9205,#9206);
#7625=AXIS2_PLACEMENT_3D('',#12275,#9207,#9208);
#7626=AXIS2_PLACEMENT_3D('',#12276,#9209,#9210);
#7627=AXIS2_PLACEMENT_3D('',#12277,#9211,#9212);
#7628=AXIS2_PLACEMENT_3D('',#12278,#9213,#9214);
#7629=AXIS2_PLACEMENT_3D('',#12279,#9215,#9216);
#7630=AXIS2_PLACEMENT_3D('',#12280,#9217,#9218);
#7631=AXIS2_PLACEMENT_3D('',#12281,#9219,#9220);
#7632=AXIS2_PLACEMENT_3D('',#12282,#9221,#9222);
#7633=AXIS2_PLACEMENT_3D('',#12283,#9223,#9224);
#7634=AXIS2_PLACEMENT_3D('',#12284,#9225,#9226);
#7635=AXIS2_PLACEMENT_3D('',#12285,#9227,#9228);
#7636=AXIS2_PLACEMENT_3D('',#12286,#9229,#9230);
#7637=AXIS2_PLACEMENT_3D('',#12287,#9231,#9232);
#7638=AXIS2_PLACEMENT_3D('',#12288,#9233,#9234);
#7639=AXIS2_PLACEMENT_3D('',#12289,#9235,#9236);
#7640=AXIS2_PLACEMENT_3D('',#12290,#9237,#9238);
#7641=AXIS2_PLACEMENT_3D('',#12291,#9239,#9240);
#7642=AXIS2_PLACEMENT_3D('',#12292,#9241,#9242);
#7643=AXIS2_PLACEMENT_3D('',#12293,#9243,#9244);
#7644=AXIS2_PLACEMENT_3D('',#12294,#9245,#9246);
#7645=AXIS2_PLACEMENT_3D('',#12295,#9247,#9248);
#7646=AXIS2_PLACEMENT_3D('',#12296,#9249,#9250);
#7647=AXIS2_PLACEMENT_3D('',#12297,#9251,#9252);
#7648=AXIS2_PLACEMENT_3D('',#12298,#9253,#9254);
#7649=AXIS2_PLACEMENT_3D('',#12299,#9255,#9256);
#7650=AXIS2_PLACEMENT_3D('',#12300,#9257,#9258);
#7651=AXIS2_PLACEMENT_3D('',#12301,#9259,#9260);
#7652=AXIS2_PLACEMENT_3D('',#12302,#9261,#9262);
#7653=AXIS2_PLACEMENT_3D('',#12303,#9263,#9264);
#7654=AXIS2_PLACEMENT_3D('',#12304,#9265,#9266);
#7655=AXIS2_PLACEMENT_3D('',#12305,#9267,#9268);
#7656=AXIS2_PLACEMENT_3D('',#12306,#9269,#9270);
#7657=AXIS2_PLACEMENT_3D('',#12307,#9271,#9272);
#7658=AXIS2_PLACEMENT_3D('',#12308,#9273,#9274);
#7659=AXIS2_PLACEMENT_3D('',#12309,#9275,#9276);
#7660=AXIS2_PLACEMENT_3D('',#12310,#9277,#9278);
#7661=AXIS2_PLACEMENT_3D('',#12311,#9279,#9280);
#7662=AXIS2_PLACEMENT_3D('',#12312,#9281,#9282);
#7663=AXIS2_PLACEMENT_3D('',#12313,#9283,#9284);
#7664=AXIS2_PLACEMENT_3D('',#12314,#9285,#9286);
#7665=AXIS2_PLACEMENT_3D('',#12315,#9287,#9288);
#7666=AXIS2_PLACEMENT_3D('',#12316,#9289,#9290);
#7667=AXIS2_PLACEMENT_3D('',#12317,#9291,#9292);
#7668=AXIS2_PLACEMENT_3D('',#12318,#9293,#9294);
#7669=AXIS2_PLACEMENT_3D('',#12319,#9295,#9296);
#7670=AXIS2_PLACEMENT_3D('',#12320,#9297,#9298);
#7671=AXIS2_PLACEMENT_3D('',#12321,#9299,#9300);
#7672=AXIS2_PLACEMENT_3D('',#12322,#9301,#9302);
#7673=AXIS2_PLACEMENT_3D('',#12323,#9303,#9304);
#7674=AXIS2_PLACEMENT_3D('',#12324,#9305,#9306);
#7675=AXIS2_PLACEMENT_3D('',#12325,#9307,#9308);
#7676=AXIS2_PLACEMENT_3D('',#12326,#9309,#9310);
#7677=AXIS2_PLACEMENT_3D('',#12327,#9311,#9312);
#7678=AXIS2_PLACEMENT_3D('',#12328,#9313,#9314);
#7679=AXIS2_PLACEMENT_3D('',#12329,#9315,#9316);
#7680=AXIS2_PLACEMENT_3D('',#12330,#9317,#9318);
#7681=AXIS2_PLACEMENT_3D('',#12331,#9319,#9320);
#7682=AXIS2_PLACEMENT_3D('',#12332,#9321,#9322);
#7683=AXIS2_PLACEMENT_3D('',#12333,#9323,#9324);
#7684=AXIS2_PLACEMENT_3D('',#12334,#9325,#9326);
#7685=AXIS2_PLACEMENT_3D('',#12335,#9327,#9328);
#7686=AXIS2_PLACEMENT_3D('',#12336,#9329,#9330);
#7687=AXIS2_PLACEMENT_3D('',#12337,#9331,#9332);
#7688=AXIS2_PLACEMENT_3D('',#12338,#9333,#9334);
#7689=AXIS2_PLACEMENT_3D('',#12339,#9335,#9336);
#7690=AXIS2_PLACEMENT_3D('',#12340,#9337,#9338);
#7691=AXIS2_PLACEMENT_3D('',#12341,#9339,#9340);
#7692=AXIS2_PLACEMENT_3D('',#12342,#9341,#9342);
#7693=AXIS2_PLACEMENT_3D('',#12343,#9343,#9344);
#7694=AXIS2_PLACEMENT_3D('',#12344,#9345,#9346);
#7695=AXIS2_PLACEMENT_3D('',#12345,#9347,#9348);
#7696=AXIS2_PLACEMENT_3D('',#12346,#9349,#9350);
#7697=AXIS2_PLACEMENT_3D('',#12347,#9351,#9352);
#7698=AXIS2_PLACEMENT_3D('',#12348,#9353,#9354);
#7699=AXIS2_PLACEMENT_3D('',#12349,#9355,#9356);
#7700=AXIS2_PLACEMENT_3D('',#12350,#9357,#9358);
#7701=AXIS2_PLACEMENT_3D('',#12351,#9359,#9360);
#7702=AXIS2_PLACEMENT_3D('',#12352,#9361,#9362);
#7703=AXIS2_PLACEMENT_3D('',#12353,#9363,#9364);
#7704=AXIS2_PLACEMENT_3D('',#12354,#9365,#9366);
#7705=AXIS2_PLACEMENT_3D('',#12355,#9367,#9368);
#7706=AXIS2_PLACEMENT_3D('',#12356,#9369,#9370);
#7707=AXIS2_PLACEMENT_3D('',#12357,#9371,#9372);
#7708=AXIS2_PLACEMENT_3D('',#12358,#9373,#9374);
#7709=AXIS2_PLACEMENT_3D('',#12359,#9375,#9376);
#7710=AXIS2_PLACEMENT_3D('',#12360,#9377,#9378);
#7711=AXIS2_PLACEMENT_3D('',#12361,#9379,#9380);
#7712=AXIS2_PLACEMENT_3D('',#12362,#9381,#9382);
#7713=AXIS2_PLACEMENT_3D('',#12363,#9383,#9384);
#7714=AXIS2_PLACEMENT_3D('',#12364,#9385,#9386);
#7715=AXIS2_PLACEMENT_3D('',#12365,#9387,#9388);
#7716=AXIS2_PLACEMENT_3D('',#12366,#9389,#9390);
#7717=AXIS2_PLACEMENT_3D('',#12367,#9391,#9392);
#7718=AXIS2_PLACEMENT_3D('',#12368,#9393,#9394);
#7719=AXIS2_PLACEMENT_3D('',#12369,#9395,#9396);
#7720=AXIS2_PLACEMENT_3D('',#12370,#9397,#9398);
#7721=AXIS2_PLACEMENT_3D('',#12371,#9399,#9400);
#7722=AXIS2_PLACEMENT_3D('',#12372,#9401,#9402);
#7723=AXIS2_PLACEMENT_3D('',#12373,#9403,#9404);
#7724=AXIS2_PLACEMENT_3D('',#12374,#9405,#9406);
#7725=AXIS2_PLACEMENT_3D('',#12375,#9407,#9408);
#7726=AXIS2_PLACEMENT_3D('',#12376,#9409,#9410);
#7727=AXIS2_PLACEMENT_3D('',#12377,#9411,#9412);
#7728=AXIS2_PLACEMENT_3D('',#12378,#9413,#9414);
#7729=AXIS2_PLACEMENT_3D('',#12379,#9415,#9416);
#7730=AXIS2_PLACEMENT_3D('',#12380,#9417,#9418);
#7731=AXIS2_PLACEMENT_3D('',#12381,#9419,#9420);
#7732=AXIS2_PLACEMENT_3D('',#12382,#9421,#9422);
#7733=AXIS2_PLACEMENT_3D('',#12383,#9423,#9424);
#7734=AXIS2_PLACEMENT_3D('',#12384,#9425,#9426);
#7735=AXIS2_PLACEMENT_3D('',#12385,#9427,#9428);
#7736=AXIS2_PLACEMENT_3D('',#12386,#9429,#9430);
#7737=AXIS2_PLACEMENT_3D('',#12387,#9431,#9432);
#7738=AXIS2_PLACEMENT_3D('',#12388,#9433,#9434);
#7739=AXIS2_PLACEMENT_3D('',#12389,#9435,#9436);
#7740=AXIS2_PLACEMENT_3D('',#12390,#9437,#9438);
#7741=AXIS2_PLACEMENT_3D('',#12391,#9439,#9440);
#7742=AXIS2_PLACEMENT_3D('',#12392,#9441,#9442);
#7743=AXIS2_PLACEMENT_3D('',#12393,#9443,#9444);
#7744=AXIS2_PLACEMENT_3D('',#12394,#9445,#9446);
#7745=AXIS2_PLACEMENT_3D('',#12395,#9447,#9448);
#7746=AXIS2_PLACEMENT_3D('',#12396,#9449,#9450);
#7747=AXIS2_PLACEMENT_3D('',#12397,#9451,#9452);
#7748=AXIS2_PLACEMENT_3D('',#12398,#9453,#9454);
#7749=AXIS2_PLACEMENT_3D('',#12399,#9455,#9456);
#7750=AXIS2_PLACEMENT_3D('',#12400,#9457,#9458);
#7751=AXIS2_PLACEMENT_3D('',#12401,#9459,#9460);
#7752=AXIS2_PLACEMENT_3D('',#12402,#9461,#9462);
#7753=AXIS2_PLACEMENT_3D('',#12403,#9463,#9464);
#7754=AXIS2_PLACEMENT_3D('',#12404,#9465,#9466);
#7755=AXIS2_PLACEMENT_3D('',#12405,#9467,#9468);
#7756=AXIS2_PLACEMENT_3D('',#12406,#9469,#9470);
#7757=AXIS2_PLACEMENT_3D('',#12407,#9471,#9472);
#7758=AXIS2_PLACEMENT_3D('',#12408,#9473,#9474);
#7759=AXIS2_PLACEMENT_3D('',#12409,#9475,#9476);
#7760=AXIS2_PLACEMENT_3D('',#12410,#9477,#9478);
#7761=AXIS2_PLACEMENT_3D('',#12411,#9479,#9480);
#7762=AXIS2_PLACEMENT_3D('',#12412,#9481,#9482);
#7763=AXIS2_PLACEMENT_3D('',#12413,#9483,#9484);
#7764=AXIS2_PLACEMENT_3D('',#12414,#9485,#9486);
#7765=AXIS2_PLACEMENT_3D('',#12415,#9487,#9488);
#7766=AXIS2_PLACEMENT_3D('',#12416,#9489,#9490);
#7767=AXIS2_PLACEMENT_3D('',#12417,#9491,#9492);
#7768=AXIS2_PLACEMENT_3D('',#12418,#9493,#9494);
#7769=AXIS2_PLACEMENT_3D('',#12419,#9495,#9496);
#7770=AXIS2_PLACEMENT_3D('',#12420,#9497,#9498);
#7771=AXIS2_PLACEMENT_3D('',#12421,#9499,#9500);
#7772=AXIS2_PLACEMENT_3D('',#12422,#9501,#9502);
#7773=AXIS2_PLACEMENT_3D('',#12423,#9503,#9504);
#7774=AXIS2_PLACEMENT_3D('',#12424,#9505,#9506);
#7775=AXIS2_PLACEMENT_3D('',#12425,#9507,#9508);
#7776=AXIS2_PLACEMENT_3D('',#12426,#9509,#9510);
#7777=AXIS2_PLACEMENT_3D('',#12427,#9511,#9512);
#7778=AXIS2_PLACEMENT_3D('',#12428,#9513,#9514);
#7779=AXIS2_PLACEMENT_3D('',#12429,#9515,#9516);
#7780=AXIS2_PLACEMENT_3D('',#12430,#9517,#9518);
#7781=AXIS2_PLACEMENT_3D('',#12431,#9519,#9520);
#7782=AXIS2_PLACEMENT_3D('',#12432,#9521,#9522);
#7783=AXIS2_PLACEMENT_3D('',#12433,#9523,#9524);
#7784=AXIS2_PLACEMENT_3D('',#12434,#9525,#9526);
#7785=AXIS2_PLACEMENT_3D('',#12435,#9527,#9528);
#7786=AXIS2_PLACEMENT_3D('',#12436,#9529,#9530);
#7787=AXIS2_PLACEMENT_3D('',#12437,#9531,#9532);
#7788=AXIS2_PLACEMENT_3D('',#12438,#9533,#9534);
#7789=AXIS2_PLACEMENT_3D('',#12439,#9535,#9536);
#7790=AXIS2_PLACEMENT_3D('',#12440,#9537,#9538);
#7791=AXIS2_PLACEMENT_3D('',#12441,#9539,#9540);
#7792=AXIS2_PLACEMENT_3D('',#12442,#9541,#9542);
#7793=AXIS2_PLACEMENT_3D('',#12443,#9543,#9544);
#7794=AXIS2_PLACEMENT_3D('',#12444,#9545,#9546);
#7795=AXIS2_PLACEMENT_3D('',#12445,#9547,#9548);
#7796=AXIS2_PLACEMENT_3D('',#12446,#9549,#9550);
#7797=AXIS2_PLACEMENT_3D('',#12447,#9551,#9552);
#7798=AXIS2_PLACEMENT_3D('',#12448,#9553,#9554);
#7799=AXIS2_PLACEMENT_3D('',#12449,#9555,#9556);
#7800=AXIS2_PLACEMENT_3D('',#12450,#9557,#9558);
#7801=AXIS2_PLACEMENT_3D('',#12451,#9559,#9560);
#7802=AXIS2_PLACEMENT_3D('',#12452,#9561,#9562);
#7803=AXIS2_PLACEMENT_3D('',#12453,#9563,#9564);
#7804=AXIS2_PLACEMENT_3D('',#12454,#9565,#9566);
#7805=AXIS2_PLACEMENT_3D('',#12455,#9567,#9568);
#7806=AXIS2_PLACEMENT_3D('',#12456,#9569,#9570);
#7807=AXIS2_PLACEMENT_3D('',#12457,#9571,#9572);
#7808=AXIS2_PLACEMENT_3D('',#12458,#9573,#9574);
#7809=AXIS2_PLACEMENT_3D('',#12459,#9575,#9576);
#7810=AXIS2_PLACEMENT_3D('',#12460,#9577,#9578);
#7811=AXIS2_PLACEMENT_3D('',#12461,#9579,#9580);
#7812=AXIS2_PLACEMENT_3D('',#12462,#9581,#9582);
#7813=AXIS2_PLACEMENT_3D('',#12463,#9583,#9584);
#7814=AXIS2_PLACEMENT_3D('',#12464,#9585,#9586);
#7815=AXIS2_PLACEMENT_3D('',#12465,#9587,#9588);
#7816=AXIS2_PLACEMENT_3D('',#12466,#9589,#9590);
#7817=AXIS2_PLACEMENT_3D('',#12467,#9591,#9592);
#7818=AXIS2_PLACEMENT_3D('',#12468,#9593,#9594);
#7819=AXIS2_PLACEMENT_3D('',#12469,#9595,#9596);
#7820=AXIS2_PLACEMENT_3D('',#12470,#9597,#9598);
#7821=AXIS2_PLACEMENT_3D('',#12471,#9599,#9600);
#7822=AXIS2_PLACEMENT_3D('',#12472,#9601,#9602);
#7823=AXIS2_PLACEMENT_3D('',#12473,#9603,#9604);
#7824=AXIS2_PLACEMENT_3D('',#12474,#9605,#9606);
#7825=AXIS2_PLACEMENT_3D('',#12475,#9607,#9608);
#7826=AXIS2_PLACEMENT_3D('',#12476,#9609,#9610);
#7827=AXIS2_PLACEMENT_3D('',#12477,#9611,#9612);
#7828=AXIS2_PLACEMENT_3D('',#12478,#9613,#9614);
#7829=AXIS2_PLACEMENT_3D('',#12479,#9615,#9616);
#7830=AXIS2_PLACEMENT_3D('',#12480,#9617,#9618);
#7831=AXIS2_PLACEMENT_3D('',#12481,#9619,#9620);
#7832=AXIS2_PLACEMENT_3D('',#12482,#9621,#9622);
#7833=AXIS2_PLACEMENT_3D('',#12483,#9623,#9624);
#7834=AXIS2_PLACEMENT_3D('',#12484,#9625,#9626);
#7835=AXIS2_PLACEMENT_3D('',#12485,#9627,#9628);
#7836=AXIS2_PLACEMENT_3D('',#12486,#9629,#9630);
#7837=AXIS2_PLACEMENT_3D('',#12487,#9631,#9632);
#7838=AXIS2_PLACEMENT_3D('',#12488,#9633,#9634);
#7839=AXIS2_PLACEMENT_3D('',#12489,#9635,#9636);
#7840=AXIS2_PLACEMENT_3D('',#12498,#9641,#9642);
#7841=AXIS2_PLACEMENT_3D('',#12507,#9647,#9648);
#7842=AXIS2_PLACEMENT_3D('',#12509,#9649,#9650);
#7843=AXIS2_PLACEMENT_3D('',#12512,#9652,#9653);
#7844=AXIS2_PLACEMENT_3D('',#12513,#9654,#9655);
#7845=AXIS2_PLACEMENT_3D('',#12515,#9656,#9657);
#7846=AXIS2_PLACEMENT_3D('',#12517,#9658,#9659);
#7847=AXIS2_PLACEMENT_3D('',#12519,#9661,#9662);
#7848=AXIS2_PLACEMENT_3D('',#12521,#9663,#9664);
#7849=AXIS2_PLACEMENT_3D('',#12523,#9665,#9666);
#7850=AXIS2_PLACEMENT_3D('',#12525,#9668,#9669);
#7851=AXIS2_PLACEMENT_3D('',#12527,#9670,#9671);
#7852=AXIS2_PLACEMENT_3D('',#12530,#9673,#9674);
#7853=AXIS2_PLACEMENT_3D('',#12531,#9675,#9676);
#7854=AXIS2_PLACEMENT_3D('',#12550,#9687,#9688);
#7855=AXIS2_PLACEMENT_3D('',#12569,#9699,#9700);
#7856=AXIS2_PLACEMENT_3D('',#12571,#9701,#9702);
#7857=AXIS2_PLACEMENT_3D('',#12573,#9703,#9704);
#7858=AXIS2_PLACEMENT_3D('',#12576,#9706,#9707);
#7859=AXIS2_PLACEMENT_3D('',#12578,#9708,#9709);
#7860=AXIS2_PLACEMENT_3D('',#12580,#9711,#9712);
#7861=AXIS2_PLACEMENT_3D('',#12586,#9716,#9717);
#7862=AXIS2_PLACEMENT_3D('',#12592,#9721,#9722);
#7863=AXIS2_PLACEMENT_3D('',#12601,#9727,#9728);
#7864=AXIS2_PLACEMENT_3D('',#12610,#9733,#9734);
#7865=AXIS2_PLACEMENT_3D('',#12619,#9739,#9740);
#7866=AXIS2_PLACEMENT_3D('',#12628,#9745,#9746);
#7867=AXIS2_PLACEMENT_3D('',#12638,#9751,#9752);
#7868=AXIS2_PLACEMENT_3D('',#12642,#9754,#9755);
#7869=AXIS2_PLACEMENT_3D('',#12646,#9757,#9758);
#7870=AXIS2_PLACEMENT_3D('',#12649,#9760,#9761);
#7871=AXIS2_PLACEMENT_3D('',#12650,#9762,#9763);
#7872=AXIS2_PLACEMENT_3D('',#12656,#9767,#9768);
#7873=AXIS2_PLACEMENT_3D('',#12665,#9773,#9774);
#7874=AXIS2_PLACEMENT_3D('',#12674,#9779,#9780);
#7875=AXIS2_PLACEMENT_3D('',#12681,#9783,#9784);
#7876=AXIS2_PLACEMENT_3D('',#12685,#9786,#9787);
#7877=AXIS2_PLACEMENT_3D('',#12689,#9789,#9790);
#7878=AXIS2_PLACEMENT_3D('',#12693,#9792,#9793);
#7879=AXIS2_PLACEMENT_3D('',#12697,#9795,#9796);
#7880=AXIS2_PLACEMENT_3D('',#12701,#9798,#9799);
#7881=AXIS2_PLACEMENT_3D('',#12705,#9801,#9802);
#7882=AXIS2_PLACEMENT_3D('',#12709,#9804,#9805);
#7883=AXIS2_PLACEMENT_3D('',#12713,#9807,#9808);
#7884=AXIS2_PLACEMENT_3D('',#12715,#9810,#9811);
#7885=AXIS2_PLACEMENT_3D('',#12724,#9816,#9817);
#7886=AXIS2_PLACEMENT_3D('',#12731,#9820,#9821);
#7887=AXIS2_PLACEMENT_3D('',#12735,#9823,#9824);
#7888=AXIS2_PLACEMENT_3D('',#12739,#9826,#9827);
#7889=AXIS2_PLACEMENT_3D('',#12743,#9829,#9830);
#7890=AXIS2_PLACEMENT_3D('',#12747,#9832,#9833);
#7891=AXIS2_PLACEMENT_3D('',#12751,#9835,#9836);
#7892=AXIS2_PLACEMENT_3D('',#12755,#9838,#9839);
#7893=AXIS2_PLACEMENT_3D('',#12759,#9841,#9842);
#7894=AXIS2_PLACEMENT_3D('',#12763,#9844,#9845);
#7895=AXIS2_PLACEMENT_3D('',#12765,#9847,#9848);
#7896=AXIS2_PLACEMENT_3D('',#12767,#9849,#9850);
#7897=AXIS2_PLACEMENT_3D('',#12769,#9851,#9852);
#7898=AXIS2_PLACEMENT_3D('',#12771,#9854,#9855);
#7899=AXIS2_PLACEMENT_3D('',#12773,#9856,#9857);
#7900=AXIS2_PLACEMENT_3D('',#12775,#9858,#9859);
#7901=AXIS2_PLACEMENT_3D('',#12777,#9861,#9862);
#7902=AXIS2_PLACEMENT_3D('',#12783,#9866,#9867);
#7903=AXIS2_PLACEMENT_3D('',#12785,#9868,#9869);
#7904=AXIS2_PLACEMENT_3D('',#12787,#9870,#9871);
#7905=AXIS2_PLACEMENT_3D('',#12789,#9873,#9874);
#7906=AXIS2_PLACEMENT_3D('',#12795,#9878,#9879);
#7907=AXIS2_PLACEMENT_3D('',#12797,#9880,#9881);
#7908=AXIS2_PLACEMENT_3D('',#12799,#9882,#9883);
#7909=AXIS2_PLACEMENT_3D('',#12801,#9885,#9886);
#7910=AXIS2_PLACEMENT_3D('',#12807,#9890,#9891);
#7911=AXIS2_PLACEMENT_3D('',#12809,#9892,#9893);
#7912=AXIS2_PLACEMENT_3D('',#12811,#9894,#9895);
#7913=AXIS2_PLACEMENT_3D('',#12813,#9897,#9898);
#7914=AXIS2_PLACEMENT_3D('',#12819,#9902,#9903);
#7915=AXIS2_PLACEMENT_3D('',#12821,#9904,#9905);
#7916=AXIS2_PLACEMENT_3D('',#12823,#9906,#9907);
#7917=AXIS2_PLACEMENT_3D('',#12825,#9909,#9910);
#7918=AXIS2_PLACEMENT_3D('',#12831,#9914,#9915);
#7919=AXIS2_PLACEMENT_3D('',#12833,#9916,#9917);
#7920=AXIS2_PLACEMENT_3D('',#12835,#9918,#9919);
#7921=AXIS2_PLACEMENT_3D('',#12837,#9921,#9922);
#7922=AXIS2_PLACEMENT_3D('',#12843,#9926,#9927);
#7923=AXIS2_PLACEMENT_3D('',#12845,#9928,#9929);
#7924=AXIS2_PLACEMENT_3D('',#12847,#9930,#9931);
#7925=AXIS2_PLACEMENT_3D('',#12849,#9933,#9934);
#7926=AXIS2_PLACEMENT_3D('',#12855,#9938,#9939);
#7927=AXIS2_PLACEMENT_3D('',#12857,#9940,#9941);
#7928=AXIS2_PLACEMENT_3D('',#12859,#9942,#9943);
#7929=AXIS2_PLACEMENT_3D('',#12861,#9945,#9946);
#7930=AXIS2_PLACEMENT_3D('',#12867,#9950,#9951);
#7931=AXIS2_PLACEMENT_3D('',#12869,#9952,#9953);
#7932=AXIS2_PLACEMENT_3D('',#12871,#9954,#9955);
#7933=AXIS2_PLACEMENT_3D('',#12873,#9957,#9958);
#7934=AXIS2_PLACEMENT_3D('',#12874,#9959,#9960);
#7935=AXIS2_PLACEMENT_3D('',#12875,#9961,#9962);
#7936=AXIS2_PLACEMENT_3D('',#12876,#9963,#9964);
#7937=AXIS2_PLACEMENT_3D('',#12877,#9965,#9966);
#7938=AXIS2_PLACEMENT_3D('',#12878,#9967,#9968);
#7939=AXIS2_PLACEMENT_3D('',#12879,#9969,#9970);
#7940=AXIS2_PLACEMENT_3D('',#12880,#9971,#9972);
#7941=AXIS2_PLACEMENT_3D('',#12881,#9973,#9974);
#7942=AXIS2_PLACEMENT_3D('',#12882,#9975,#9976);
#7943=AXIS2_PLACEMENT_3D('',#12883,#9977,#9978);
#7944=AXIS2_PLACEMENT_3D('',#12884,#9979,#9980);
#7945=AXIS2_PLACEMENT_3D('',#12885,#9981,#9982);
#7946=AXIS2_PLACEMENT_3D('',#12886,#9983,#9984);
#7947=AXIS2_PLACEMENT_3D('',#12887,#9985,#9986);
#7948=AXIS2_PLACEMENT_3D('',#12888,#9987,#9988);
#7949=AXIS2_PLACEMENT_3D('',#12889,#9989,#9990);
#7950=AXIS2_PLACEMENT_3D('',#12890,#9991,#9992);
#7951=AXIS2_PLACEMENT_3D('',#12891,#9993,#9994);
#7952=AXIS2_PLACEMENT_3D('',#12892,#9995,#9996);
#7953=AXIS2_PLACEMENT_3D('',#12893,#9997,#9998);
#7954=AXIS2_PLACEMENT_3D('',#12894,#9999,#10000);
#7955=AXIS2_PLACEMENT_3D('',#12895,#10001,#10002);
#7956=AXIS2_PLACEMENT_3D('',#12896,#10003,#10004);
#7957=AXIS2_PLACEMENT_3D('',#12897,#10005,#10006);
#7958=AXIS2_PLACEMENT_3D('',#12898,#10007,#10008);
#7959=AXIS2_PLACEMENT_3D('',#12899,#10009,#10010);
#7960=AXIS2_PLACEMENT_3D('',#12900,#10011,#10012);
#7961=AXIS2_PLACEMENT_3D('',#12901,#10013,#10014);
#7962=AXIS2_PLACEMENT_3D('',#12902,#10015,#10016);
#7963=AXIS2_PLACEMENT_3D('',#12903,#10017,#10018);
#7964=AXIS2_PLACEMENT_3D('',#12904,#10019,#10020);
#7965=AXIS2_PLACEMENT_3D('',#12905,#10021,#10022);
#7966=AXIS2_PLACEMENT_3D('',#12906,#10023,#10024);
#7967=AXIS2_PLACEMENT_3D('',#12907,#10025,#10026);
#7968=AXIS2_PLACEMENT_3D('',#12908,#10027,#10028);
#7969=AXIS2_PLACEMENT_3D('',#12909,#10029,#10030);
#7970=AXIS2_PLACEMENT_3D('',#12910,#10031,#10032);
#7971=AXIS2_PLACEMENT_3D('',#12911,#10033,#10034);
#7972=AXIS2_PLACEMENT_3D('',#12912,#10035,#10036);
#7973=AXIS2_PLACEMENT_3D('',#12913,#10037,#10038);
#7974=AXIS2_PLACEMENT_3D('',#12914,#10039,#10040);
#7975=AXIS2_PLACEMENT_3D('',#12915,#10041,#10042);
#7976=AXIS2_PLACEMENT_3D('',#12916,#10043,#10044);
#7977=AXIS2_PLACEMENT_3D('',#12926,#10045,#10046);
#7978=AXIS2_PLACEMENT_3D('',#12927,#10047,#10048);
#7979=AXIS2_PLACEMENT_3D('',#12928,#10049,#10050);
#7980=AXIS2_PLACEMENT_3D('',#12929,#10051,#10052);
#7981=AXIS2_PLACEMENT_3D('',#12930,#10053,#10054);
#7982=AXIS2_PLACEMENT_3D('',#12931,#10055,#10056);
#7983=AXIS2_PLACEMENT_3D('',#12932,#10057,#10058);
#7984=AXIS2_PLACEMENT_3D('',#12948,#10059,#10060);
#7985=AXIS2_PLACEMENT_3D('',#12949,#10061,#10062);
#7986=AXIS2_PLACEMENT_3D('',#12950,#10063,#10064);
#7987=AXIS2_PLACEMENT_3D('',#12951,#10065,#10066);
#7988=AXIS2_PLACEMENT_3D('',#12952,#10067,#10068);
#7989=AXIS2_PLACEMENT_3D('',#12953,#10069,#10070);
#7990=AXIS2_PLACEMENT_3D('',#12954,#10071,#10072);
#7991=AXIS2_PLACEMENT_3D('',#12970,#10073,#10074);
#7992=AXIS2_PLACEMENT_3D('',#12971,#10075,#10076);
#7993=AXIS2_PLACEMENT_3D('',#12972,#10077,#10078);
#7994=AXIS2_PLACEMENT_3D('',#12973,#10079,#10080);
#7995=AXIS2_PLACEMENT_3D('',#12974,#10081,#10082);
#7996=AXIS2_PLACEMENT_3D('',#12975,#10083,#10084);
#7997=AXIS2_PLACEMENT_3D('',#12976,#10085,#10086);
#7998=AXIS2_PLACEMENT_3D('',#12992,#10087,#10088);
#7999=AXIS2_PLACEMENT_3D('',#12993,#10089,#10090);
#8000=AXIS2_PLACEMENT_3D('',#12994,#10091,#10092);
#8001=AXIS2_PLACEMENT_3D('',#12995,#10093,#10094);
#8002=AXIS2_PLACEMENT_3D('',#12996,#10095,#10096);
#8003=AXIS2_PLACEMENT_3D('',#12997,#10097,#10098);
#8004=AXIS2_PLACEMENT_3D('',#12998,#10099,#10100);
#8005=AXIS2_PLACEMENT_3D('',#13008,#10101,#10102);
#8006=AXIS2_PLACEMENT_3D('',#13009,#10103,#10104);
#8007=AXIS2_PLACEMENT_3D('',#13010,#10105,#10106);
#8008=AXIS2_PLACEMENT_3D('',#13011,#10107,#10108);
#8009=AXIS2_PLACEMENT_3D('',#13012,#10109,#10110);
#8010=AXIS2_PLACEMENT_3D('',#13013,#10111,#10112);
#8011=AXIS2_PLACEMENT_3D('',#13014,#10113,#10114);
#8012=AXIS2_PLACEMENT_3D('',#13015,#10115,#10116);
#8013=AXIS2_PLACEMENT_3D('',#13016,#10117,#10118);
#8014=AXIS2_PLACEMENT_3D('',#13017,#10119,#10120);
#8015=AXIS2_PLACEMENT_3D('',#13027,#10121,#10122);
#8016=AXIS2_PLACEMENT_3D('',#13028,#10123,#10124);
#8017=AXIS2_PLACEMENT_3D('',#13029,#10125,#10126);
#8018=AXIS2_PLACEMENT_3D('',#13030,#10127,#10128);
#8019=AXIS2_PLACEMENT_3D('',#13031,#10129,#10130);
#8020=AXIS2_PLACEMENT_3D('',#13032,#10131,#10132);
#8021=AXIS2_PLACEMENT_3D('',#13033,#10133,#10134);
#8022=AXIS2_PLACEMENT_3D('',#13049,#10135,#10136);
#8023=AXIS2_PLACEMENT_3D('',#13050,#10137,#10138);
#8024=AXIS2_PLACEMENT_3D('',#13051,#10139,#10140);
#8025=AXIS2_PLACEMENT_3D('',#13052,#10141,#10142);
#8026=AXIS2_PLACEMENT_3D('',#13053,#10143,#10144);
#8027=AXIS2_PLACEMENT_3D('',#13054,#10145,#10146);
#8028=AXIS2_PLACEMENT_3D('',#13055,#10147,#10148);
#8029=AXIS2_PLACEMENT_3D('',#13071,#10149,#10150);
#8030=AXIS2_PLACEMENT_3D('',#13072,#10151,#10152);
#8031=AXIS2_PLACEMENT_3D('',#13073,#10153,#10154);
#8032=AXIS2_PLACEMENT_3D('',#13074,#10155,#10156);
#8033=AXIS2_PLACEMENT_3D('',#13075,#10157,#10158);
#8034=AXIS2_PLACEMENT_3D('',#13076,#10159,#10160);
#8035=AXIS2_PLACEMENT_3D('',#13077,#10161,#10162);
#8036=AXIS2_PLACEMENT_3D('',#13093,#10163,#10164);
#8037=AXIS2_PLACEMENT_3D('',#13094,#10165,#10166);
#8038=AXIS2_PLACEMENT_3D('',#13095,#10167,#10168);
#8039=AXIS2_PLACEMENT_3D('',#13096,#10169,#10170);
#8040=AXIS2_PLACEMENT_3D('',#13097,#10171,#10172);
#8041=AXIS2_PLACEMENT_3D('',#13098,#10173,#10174);
#8042=AXIS2_PLACEMENT_3D('',#13099,#10175,#10176);
#8043=AXIS2_PLACEMENT_3D('',#13109,#10177,#10178);
#8044=AXIS2_PLACEMENT_3D('',#13110,#10179,#10180);
#8045=AXIS2_PLACEMENT_3D('',#13111,#10181,#10182);
#8046=AXIS2_PLACEMENT_3D('',#13112,#10183,#10184);
#8047=AXIS2_PLACEMENT_3D('',#13113,#10185,#10186);
#8048=AXIS2_PLACEMENT_3D('',#13114,#10187,#10188);
#8049=AXIS2_PLACEMENT_3D('',#13115,#10189,#10190);
#8050=AXIS2_PLACEMENT_3D('',#13116,#10191,#10192);
#8051=AXIS2_PLACEMENT_3D('',#13117,#10193,#10194);
#8052=AXIS2_PLACEMENT_3D('',#13118,#10195,#10196);
#8053=AXIS2_PLACEMENT_3D('',#13119,#10197,#10198);
#8054=AXIS2_PLACEMENT_3D('',#13120,#10199,#10200);
#8055=AXIS2_PLACEMENT_3D('',#13121,#10201,#10202);
#8056=AXIS2_PLACEMENT_3D('',#13122,#10203,#10204);
#8057=AXIS2_PLACEMENT_3D('',#13123,#10205,#10206);
#8058=AXIS2_PLACEMENT_3D('',#13124,#10207,#10208);
#8059=AXIS2_PLACEMENT_3D('',#13125,#10209,#10210);
#8060=AXIS2_PLACEMENT_3D('',#13126,#10211,#10212);
#8061=AXIS2_PLACEMENT_3D('',#13127,#10213,#10214);
#8062=AXIS2_PLACEMENT_3D('',#13128,#10215,#10216);
#8063=AXIS2_PLACEMENT_3D('',#13129,#10217,#10218);
#8064=AXIS2_PLACEMENT_3D('',#13130,#10219,#10220);
#8065=AXIS2_PLACEMENT_3D('',#13131,#10221,#10222);
#8066=AXIS2_PLACEMENT_3D('',#13132,#10223,#10224);
#8067=AXIS2_PLACEMENT_3D('',#13133,#10225,#10226);
#8068=AXIS2_PLACEMENT_3D('',#13134,#10227,#10228);
#8069=AXIS2_PLACEMENT_3D('',#13135,#10229,#10230);
#8070=AXIS2_PLACEMENT_3D('',#13136,#10231,#10232);
#8071=AXIS2_PLACEMENT_3D('',#13137,#10233,#10234);
#8072=AXIS2_PLACEMENT_3D('',#13138,#10235,#10236);
#8073=AXIS2_PLACEMENT_3D('',#13139,#10237,#10238);
#8074=AXIS2_PLACEMENT_3D('',#13140,#10239,#10240);
#8075=AXIS2_PLACEMENT_3D('',#13141,#10241,#10242);
#8076=AXIS2_PLACEMENT_3D('',#13142,#10243,#10244);
#8077=AXIS2_PLACEMENT_3D('',#13143,#10245,#10246);
#8078=AXIS2_PLACEMENT_3D('',#13144,#10247,#10248);
#8079=AXIS2_PLACEMENT_3D('',#13145,#10249,#10250);
#8080=AXIS2_PLACEMENT_3D('',#13146,#10251,#10252);
#8081=AXIS2_PLACEMENT_3D('',#13147,#10253,#10254);
#8082=AXIS2_PLACEMENT_3D('',#13148,#10255,#10256);
#8083=AXIS2_PLACEMENT_3D('',#13149,#10257,#10258);
#8084=AXIS2_PLACEMENT_3D('',#13150,#10259,#10260);
#8085=AXIS2_PLACEMENT_3D('',#13151,#10261,#10262);
#8086=AXIS2_PLACEMENT_3D('',#13152,#10263,#10264);
#8087=AXIS2_PLACEMENT_3D('',#13153,#10265,#10266);
#8088=AXIS2_PLACEMENT_3D('',#13154,#10267,#10268);
#8089=AXIS2_PLACEMENT_3D('',#13155,#10269,#10270);
#8090=AXIS2_PLACEMENT_3D('',#13156,#10271,#10272);
#8091=AXIS2_PLACEMENT_3D('',#13157,#10273,#10274);
#8092=AXIS2_PLACEMENT_3D('',#13158,#10275,#10276);
#8093=AXIS2_PLACEMENT_3D('',#13159,#10277,#10278);
#8094=AXIS2_PLACEMENT_3D('',#13160,#10279,#10280);
#8095=AXIS2_PLACEMENT_3D('',#13161,#10281,#10282);
#8096=AXIS2_PLACEMENT_3D('',#13162,#10283,#10284);
#8097=AXIS2_PLACEMENT_3D('',#13163,#10285,#10286);
#8098=AXIS2_PLACEMENT_3D('',#13164,#10287,#10288);
#8099=AXIS2_PLACEMENT_3D('',#13165,#10289,#10290);
#8100=AXIS2_PLACEMENT_3D('',#13166,#10291,#10292);
#8101=AXIS2_PLACEMENT_3D('',#13167,#10293,#10294);
#8102=AXIS2_PLACEMENT_3D('',#13168,#10295,#10296);
#8103=AXIS2_PLACEMENT_3D('',#13169,#10297,#10298);
#8104=AXIS2_PLACEMENT_3D('',#13170,#10299,#10300);
#8105=AXIS2_PLACEMENT_3D('',#13171,#10301,#10302);
#8106=AXIS2_PLACEMENT_3D('',#13172,#10303,#10304);
#8107=AXIS2_PLACEMENT_3D('',#13173,#10305,#10306);
#8108=AXIS2_PLACEMENT_3D('',#13174,#10307,#10308);
#8109=AXIS2_PLACEMENT_3D('',#13175,#10309,#10310);
#8110=AXIS2_PLACEMENT_3D('',#13176,#10311,#10312);
#8111=AXIS2_PLACEMENT_3D('',#13177,#10313,#10314);
#8112=AXIS2_PLACEMENT_3D('',#13178,#10315,#10316);
#8113=AXIS2_PLACEMENT_3D('',#13179,#10317,#10318);
#8114=AXIS2_PLACEMENT_3D('',#13180,#10319,#10320);
#8115=AXIS2_PLACEMENT_3D('',#13189,#10325,#10326);
#8116=AXIS2_PLACEMENT_3D('',#13198,#10331,#10332);
#8117=AXIS2_PLACEMENT_3D('',#13207,#10337,#10338);
#8118=AXIS2_PLACEMENT_3D('',#13216,#10343,#10344);
#8119=AXIS2_PLACEMENT_3D('',#13217,#10345,#10346);
#8120=AXIS2_PLACEMENT_3D('',#13218,#10347,#10348);
#8121=AXIS2_PLACEMENT_3D('',#13219,#10349,#10350);
#8122=AXIS2_PLACEMENT_3D('',#13220,#10351,#10352);
#8123=AXIS2_PLACEMENT_3D('',#13221,#10353,#10354);
#8124=AXIS2_PLACEMENT_3D('',#13224,#10357,#10358);
#8125=AXIS2_PLACEMENT_3D('',#13225,#10359,#10360);
#8126=AXIS2_PLACEMENT_3D('',#13226,#10361,#10362);
#8127=AXIS2_PLACEMENT_3D('',#13227,#10363,#10364);
#8128=AXIS2_PLACEMENT_3D('',#13228,#10365,#10366);
#8129=AXIS2_PLACEMENT_3D('',#13229,#10367,#10368);
#8130=AXIS2_PLACEMENT_3D('',#13230,#10369,#10370);
#8131=AXIS2_PLACEMENT_3D('',#13231,#10371,#10372);
#8132=AXIS2_PLACEMENT_3D('',#13232,#10373,#10374);
#8133=AXIS2_PLACEMENT_3D('',#13233,#10375,#10376);
#8134=AXIS2_PLACEMENT_3D('',#13234,#10377,#10378);
#8135=AXIS2_PLACEMENT_3D('',#13235,#10379,#10380);
#8136=AXIS2_PLACEMENT_3D('',#13248,#10386,#10387);
#8137=AXIS2_PLACEMENT_3D('',#13252,#10389,#10390);
#8138=AXIS2_PLACEMENT_3D('',#13255,#10392,#10393);
#8139=AXIS2_PLACEMENT_3D('',#13258,#10394,#10395);
#8140=AXIS2_PLACEMENT_3D('',#13262,#10397,#10398);
#8141=AXIS2_PLACEMENT_3D('',#13264,#10400,#10401);
#8142=AXIS2_PLACEMENT_3D('',#13275,#10406,#10407);
#8143=AXIS2_PLACEMENT_3D('',#13279,#10409,#10410);
#8144=AXIS2_PLACEMENT_3D('',#13283,#10412,#10413);
#8145=AXIS2_PLACEMENT_3D('',#13287,#10415,#10416);
#8146=AXIS2_PLACEMENT_3D('',#13291,#10418,#10419);
#8147=AXIS2_PLACEMENT_3D('',#13293,#10421,#10422);
#8148=AXIS2_PLACEMENT_3D('',#13302,#10427,#10428);
#8149=AXIS2_PLACEMENT_3D('',#13304,#10429,#10430);
#8150=AXIS2_PLACEMENT_3D('',#13306,#10431,#10432);
#8151=AXIS2_PLACEMENT_3D('',#13308,#10434,#10435);
#8152=AXIS2_PLACEMENT_3D('',#13314,#10439,#10440);
#8153=AXIS2_PLACEMENT_3D('',#13315,#10441,#10442);
#8154=AXIS2_PLACEMENT_3D('',#13316,#10443,#10444);
#8155=AXIS2_PLACEMENT_3D('',#13317,#10445,#10446);
#8156=AXIS2_PLACEMENT_3D('',#13326,#10451,#10452);
#8157=AXIS2_PLACEMENT_3D('',#13328,#10453,#10454);
#8158=AXIS2_PLACEMENT_3D('',#13331,#10456,#10457);
#8159=AXIS2_PLACEMENT_3D('',#13332,#10458,#10459);
#8160=AXIS2_PLACEMENT_3D('',#13338,#10463,#10464);
#8161=AXIS2_PLACEMENT_3D('',#13340,#10465,#10466);
#8162=AXIS2_PLACEMENT_3D('',#13343,#10468,#10469);
#8163=AXIS2_PLACEMENT_3D('',#13344,#10470,#10471);
#8164=AXIS2_PLACEMENT_3D('',#13350,#10475,#10476);
#8165=AXIS2_PLACEMENT_3D('',#13352,#10477,#10478);
#8166=AXIS2_PLACEMENT_3D('',#13355,#10480,#10481);
#8167=AXIS2_PLACEMENT_3D('',#13356,#10482,#10483);
#8168=AXIS2_PLACEMENT_3D('',#13362,#10487,#10488);
#8169=AXIS2_PLACEMENT_3D('',#13364,#10489,#10490);
#8170=AXIS2_PLACEMENT_3D('',#13367,#10492,#10493);
#8171=AXIS2_PLACEMENT_3D('',#13368,#10494,#10495);
#8172=AXIS2_PLACEMENT_3D('',#13374,#10499,#10500);
#8173=AXIS2_PLACEMENT_3D('',#13376,#10501,#10502);
#8174=AXIS2_PLACEMENT_3D('',#13379,#10504,#10505);
#8175=AXIS2_PLACEMENT_3D('',#13380,#10506,#10507);
#8176=AXIS2_PLACEMENT_3D('',#13386,#10511,#10512);
#8177=AXIS2_PLACEMENT_3D('',#13388,#10513,#10514);
#8178=AXIS2_PLACEMENT_3D('',#13391,#10516,#10517);
#8179=AXIS2_PLACEMENT_3D('',#13392,#10518,#10519);
#8180=AXIS2_PLACEMENT_3D('',#13398,#10523,#10524);
#8181=AXIS2_PLACEMENT_3D('',#13399,#10525,#10526);
#8182=AXIS2_PLACEMENT_3D('',#13400,#10527,#10528);
#8183=AXIS2_PLACEMENT_3D('',#13401,#10529,#10530);
#8184=AXIS2_PLACEMENT_3D('',#13402,#10531,#10532);
#8185=AXIS2_PLACEMENT_3D('',#13403,#10533,#10534);
#8186=AXIS2_PLACEMENT_3D('',#13404,#10535,#10536);
#8187=AXIS2_PLACEMENT_3D('',#13405,#10537,#10538);
#8188=AXIS2_PLACEMENT_3D('',#13406,#10539,#10540);
#8189=AXIS2_PLACEMENT_3D('',#13407,#10541,#10542);
#8190=AXIS2_PLACEMENT_3D('',#13408,#10543,#10544);
#8191=AXIS2_PLACEMENT_3D('',#13409,#10545,#10546);
#8192=AXIS2_PLACEMENT_3D('',#13410,#10547,#10548);
#8193=AXIS2_PLACEMENT_3D('',#13411,#10549,#10550);
#8194=AXIS2_PLACEMENT_3D('',#13412,#10551,#10552);
#8195=AXIS2_PLACEMENT_3D('',#13413,#10553,#10554);
#8196=AXIS2_PLACEMENT_3D('',#13414,#10555,#10556);
#8197=AXIS2_PLACEMENT_3D('',#13415,#10557,#10558);
#8198=AXIS2_PLACEMENT_3D('',#13416,#10559,#10560);
#8199=AXIS2_PLACEMENT_3D('',#13417,#10561,#10562);
#8200=AXIS2_PLACEMENT_3D('',#13418,#10563,#10564);
#8201=AXIS2_PLACEMENT_3D('',#13419,#10565,#10566);
#8202=AXIS2_PLACEMENT_3D('',#13420,#10567,#10568);
#8203=AXIS2_PLACEMENT_3D('',#13421,#10569,#10570);
#8204=AXIS2_PLACEMENT_3D('',#13422,#10571,#10572);
#8205=AXIS2_PLACEMENT_3D('',#13423,#10573,#10574);
#8206=AXIS2_PLACEMENT_3D('',#13424,#10575,#10576);
#8207=AXIS2_PLACEMENT_3D('',#13425,#10577,#10578);
#8208=AXIS2_PLACEMENT_3D('',#13426,#10579,#10580);
#8209=AXIS2_PLACEMENT_3D('',#13427,#10581,#10582);
#8210=AXIS2_PLACEMENT_3D('',#13428,#10583,#10584);
#8211=AXIS2_PLACEMENT_3D('',#13429,#10585,#10586);
#8212=AXIS2_PLACEMENT_3D('',#13430,#10587,#10588);
#8213=AXIS2_PLACEMENT_3D('',#13431,#10589,#10590);
#8214=AXIS2_PLACEMENT_3D('',#13432,#10591,#10592);
#8215=AXIS2_PLACEMENT_3D('',#13433,#10593,#10594);
#8216=AXIS2_PLACEMENT_3D('',#13434,#10595,#10596);
#8217=AXIS2_PLACEMENT_3D('',#13435,#10597,#10598);
#8218=AXIS2_PLACEMENT_3D('',#13436,#10599,#10600);
#8219=AXIS2_PLACEMENT_3D('',#13437,#10601,#10602);
#8220=AXIS2_PLACEMENT_3D('',#13438,#10603,#10604);
#8221=AXIS2_PLACEMENT_3D('',#13439,#10605,#10606);
#8222=AXIS2_PLACEMENT_3D('',#13440,#10607,#10608);
#8223=AXIS2_PLACEMENT_3D('',#13441,#10609,#10610);
#8224=AXIS2_PLACEMENT_3D('',#13442,#10611,#10612);
#8225=AXIS2_PLACEMENT_3D('',#13443,#10613,#10614);
#8226=AXIS2_PLACEMENT_3D('',#13444,#10615,#10616);
#8227=AXIS2_PLACEMENT_3D('',#13445,#10617,#10618);
#8228=AXIS2_PLACEMENT_3D('',#13446,#10619,#10620);
#8229=AXIS2_PLACEMENT_3D('',#13447,#10621,#10622);
#8230=AXIS2_PLACEMENT_3D('',#13448,#10623,#10624);
#8231=AXIS2_PLACEMENT_3D('',#13449,#10625,#10626);
#8232=AXIS2_PLACEMENT_3D('',#13450,#10627,#10628);
#8233=AXIS2_PLACEMENT_3D('',#13451,#10629,#10630);
#8234=AXIS2_PLACEMENT_3D('',#13452,#10631,#10632);
#8235=AXIS2_PLACEMENT_3D('',#13453,#10633,#10634);
#8236=AXIS2_PLACEMENT_3D('',#13454,#10635,#10636);
#8237=AXIS2_PLACEMENT_3D('',#13455,#10637,#10638);
#8238=AXIS2_PLACEMENT_3D('',#13456,#10639,#10640);
#8239=AXIS2_PLACEMENT_3D('',#13457,#10641,#10642);
#8240=AXIS2_PLACEMENT_3D('',#13458,#10643,#10644);
#8241=AXIS2_PLACEMENT_3D('',#13459,#10645,#10646);
#8242=AXIS2_PLACEMENT_3D('',#13460,#10647,#10648);
#8243=AXIS2_PLACEMENT_3D('',#13461,#10649,#10650);
#8244=AXIS2_PLACEMENT_3D('',#13462,#10651,#10652);
#8245=AXIS2_PLACEMENT_3D('',#13463,#10653,#10654);
#8246=AXIS2_PLACEMENT_3D('',#13464,#10655,#10656);
#8247=AXIS2_PLACEMENT_3D('',#13465,#10657,#10658);
#8248=AXIS2_PLACEMENT_3D('',#13466,#10659,#10660);
#8249=AXIS2_PLACEMENT_3D('',#13467,#10661,#10662);
#8250=AXIS2_PLACEMENT_3D('',#13468,#10663,#10664);
#8251=AXIS2_PLACEMENT_3D('',#13469,#10665,#10666);
#8252=AXIS2_PLACEMENT_3D('',#13470,#10667,#10668);
#8253=AXIS2_PLACEMENT_3D('',#13471,#10669,#10670);
#8254=AXIS2_PLACEMENT_3D('',#13472,#10671,#10672);
#8255=AXIS2_PLACEMENT_3D('',#13473,#10673,#10674);
#8256=AXIS2_PLACEMENT_3D('',#13474,#10675,#10676);
#8257=AXIS2_PLACEMENT_3D('',#13475,#10677,#10678);
#8258=AXIS2_PLACEMENT_3D('',#13476,#10679,#10680);
#8259=AXIS2_PLACEMENT_3D('',#13477,#10681,#10682);
#8260=AXIS2_PLACEMENT_3D('',#13478,#10683,#10684);
#8261=DIRECTION('axis',(0.,0.,1.));
#8262=DIRECTION('refdir',(1.,0.,0.));
#8263=DIRECTION('axis',(0.,0.,1.));
#8264=DIRECTION('refdir',(1.,0.,0.));
#8265=DIRECTION('center_axis',(0.,0.,1.));
#8266=DIRECTION('ref_axis',(-1.,1.22464679914735E-16,0.));
#8267=DIRECTION('',(1.,-8.07434927000114E-17,0.));
#8268=DIRECTION('',(1.,-1.1842378929335E-16,0.));
#8269=DIRECTION('center_axis',(0.,0.,1.));
#8270=DIRECTION('ref_axis',(-1.,0.,0.));
#8271=DIRECTION('',(0.,-1.,0.));
#8272=DIRECTION('center_axis',(0.,0.,1.));
#8273=DIRECTION('ref_axis',(0.,1.,0.));
#8274=DIRECTION('',(-1.,1.1842378929335E-16,0.));
#8275=DIRECTION('',(1.,-8.07434927000114E-17,0.));
#8276=DIRECTION('',(-1.,1.1842378929335E-16,0.));
#8277=DIRECTION('center_axis',(0.,0.,1.));
#8278=DIRECTION('ref_axis',(1.,0.,0.));
#8279=DIRECTION('',(0.,1.,0.));
#8280=DIRECTION('center_axis',(0.,0.,1.));
#8281=DIRECTION('ref_axis',(0.,-1.,0.));
#8282=DIRECTION('',(1.,-1.1842378929335E-16,0.));
#8283=DIRECTION('',(1.,-1.36642833800019E-16,0.));
#8284=DIRECTION('',(0.,1.,0.));
#8285=DIRECTION('',(-1.,1.36642833800019E-16,0.));
#8286=DIRECTION('',(0.,-1.,0.));
#8287=DIRECTION('center_axis',(0.,0.,1.));
#8288=DIRECTION('ref_axis',(-1.,1.22464679914735E-16,0.));
#8289=DIRECTION('center_axis',(0.,0.,1.));
#8290=DIRECTION('ref_axis',(-1.,1.22464679914735E-16,0.));
#8291=DIRECTION('center_axis',(0.,0.,1.));
#8292=DIRECTION('ref_axis',(-1.,1.22464679914735E-16,0.));
#8293=DIRECTION('',(0.,0.,1.));
#8294=DIRECTION('center_axis',(0.,0.,1.));
#8295=DIRECTION('ref_axis',(-1.,1.22464679914735E-16,0.));
#8296=DIRECTION('center_axis',(0.,0.,1.));
#8297=DIRECTION('ref_axis',(-1.,1.22464679914735E-16,0.));
#8298=DIRECTION('',(0.,0.,1.));
#8299=DIRECTION('center_axis',(0.,0.,1.));
#8300=DIRECTION('ref_axis',(-1.,1.22464679914735E-16,0.));
#8301=DIRECTION('center_axis',(-1.,0.,0.));
#8302=DIRECTION('ref_axis',(0.,-1.,0.));
#8303=DIRECTION('',(0.,-1.,0.));
#8304=DIRECTION('',(0.,0.,1.));
#8305=DIRECTION('',(0.,0.,1.));
#8306=DIRECTION('center_axis',(1.36642833800019E-16,1.,0.));
#8307=DIRECTION('ref_axis',(-1.,1.36642833800019E-16,0.));
#8308=DIRECTION('',(-1.,1.36642833800019E-16,0.));
#8309=DIRECTION('',(0.,0.,1.));
#8310=DIRECTION('center_axis',(1.,0.,0.));
#8311=DIRECTION('ref_axis',(0.,1.,0.));
#8312=DIRECTION('',(0.,1.,0.));
#8313=DIRECTION('',(0.,0.,1.));
#8314=DIRECTION('center_axis',(-1.36642833800019E-16,-1.,0.));
#8315=DIRECTION('ref_axis',(1.,-1.36642833800019E-16,0.));
#8316=DIRECTION('',(1.,-1.36642833800019E-16,0.));
#8317=DIRECTION('center_axis',(-1.1842378929335E-16,-1.,0.));
#8318=DIRECTION('ref_axis',(1.,-1.1842378929335E-16,0.));
#8319=DIRECTION('',(0.,0.,1.));
#8320=DIRECTION('',(1.,-1.1842378929335E-16,0.));
#8321=DIRECTION('',(0.,-2.22044604925031E-15,1.));
#8322=DIRECTION('center_axis',(0.,0.,1.));
#8323=DIRECTION('ref_axis',(-1.22464679914735E-16,-1.,0.));
#8324=DIRECTION('',(0.,0.,1.));
#8325=DIRECTION('center_axis',(0.,0.,1.));
#8326=DIRECTION('ref_axis',(0.,-1.,0.));
#8327=DIRECTION('center_axis',(1.,0.,0.));
#8328=DIRECTION('ref_axis',(0.,1.,0.));
#8329=DIRECTION('',(0.,0.,1.));
#8330=DIRECTION('',(0.,1.,0.));
#8331=DIRECTION('center_axis',(0.,0.,1.));
#8332=DIRECTION('ref_axis',(1.,-1.22464679914735E-16,0.));
#8333=DIRECTION('',(0.,0.,1.));
#8334=DIRECTION('center_axis',(0.,0.,1.));
#8335=DIRECTION('ref_axis',(1.,0.,0.));
#8336=DIRECTION('center_axis',(1.1842378929335E-16,1.,0.));
#8337=DIRECTION('ref_axis',(-1.,1.1842378929335E-16,0.));
#8338=DIRECTION('',(0.,2.22044604925031E-15,1.));
#8339=DIRECTION('',(-1.,1.1842378929335E-16,0.));
#8340=DIRECTION('center_axis',(-1.,0.,0.));
#8341=DIRECTION('ref_axis',(0.,0.,1.));
#8342=DIRECTION('',(1.,0.,4.22942104619107E-17));
#8343=DIRECTION('center_axis',(-1.,-3.64185542583221E-15,-2.54134052969326E-15));
#8344=DIRECTION('ref_axis',(-4.44089209850061E-15,0.820072936935761,0.572259013127408));
#8345=DIRECTION('center_axis',(1.,3.64185542583221E-15,2.54134052969326E-15));
#8346=DIRECTION('ref_axis',(-3.6418554258329E-15,1.,2.70478084374198E-13));
#8347=DIRECTION('center_axis',(1.1842378929335E-16,1.,0.));
#8348=DIRECTION('ref_axis',(-1.,1.1842378929335E-16,0.));
#8349=DIRECTION('',(0.,0.,1.));
#8350=DIRECTION('',(-1.,1.1842378929335E-16,0.));
#8351=DIRECTION('',(0.,2.22044604925031E-15,1.));
#8352=DIRECTION('center_axis',(0.,0.,1.));
#8353=DIRECTION('ref_axis',(1.22464679914735E-16,1.,0.));
#8354=DIRECTION('',(0.,0.,1.));
#8355=DIRECTION('center_axis',(0.,0.,1.));
#8356=DIRECTION('ref_axis',(0.,1.,0.));
#8357=DIRECTION('center_axis',(-1.,0.,0.));
#8358=DIRECTION('ref_axis',(0.,-1.,0.));
#8359=DIRECTION('',(0.,0.,1.));
#8360=DIRECTION('',(0.,-1.,0.));
#8361=DIRECTION('center_axis',(0.,0.,1.));
#8362=DIRECTION('ref_axis',(-1.,1.22464679914735E-16,0.));
#8363=DIRECTION('',(0.,0.,1.));
#8364=DIRECTION('center_axis',(0.,0.,1.));
#8365=DIRECTION('ref_axis',(-1.,0.,0.));
#8366=DIRECTION('center_axis',(-1.1842378929335E-16,-1.,0.));
#8367=DIRECTION('ref_axis',(1.,-1.1842378929335E-16,0.));
#8368=DIRECTION('',(0.,-2.22044604925031E-15,1.));
#8369=DIRECTION('',(1.,-1.1842378929335E-16,0.));
#8370=DIRECTION('center_axis',(1.,0.,0.));
#8371=DIRECTION('ref_axis',(0.,0.,1.));
#8372=DIRECTION('',(1.,0.,0.));
#8373=DIRECTION('center_axis',(1.,5.46278313874832E-15,-3.81201079453988E-15));
#8374=DIRECTION('ref_axis',(6.66133814775091E-15,-0.820072936935762,0.572259013127408));
#8375=DIRECTION('center_axis',(-1.,-3.64185542583221E-15,2.54134052969326E-15));
#8376=DIRECTION('ref_axis',(3.64185542583291E-15,-1.,2.74086309204228E-13));
#8377=DIRECTION('center_axis',(0.,0.,1.));
#8378=DIRECTION('ref_axis',(-1.,1.22464679914735E-16,0.));
#8379=DIRECTION('',(1.,-8.07434927000114E-17,0.));
#8380=DIRECTION('',(1.,-8.07434927000114E-17,0.));
#8381=DIRECTION('',(-2.2204460492503E-15,0.820072936935763,0.572259013127406));
#8382=DIRECTION('center_axis',(-1.,-3.64185542583221E-15,-2.54134052969326E-15));
#8383=DIRECTION('ref_axis',(-2.36658271566304E-30,0.572259013127408,-0.820072936935761));
#8384=DIRECTION('center_axis',(1.,3.64185542583221E-15,2.54134052969326E-15));
#8385=DIRECTION('ref_axis',(-3.6418554258322E-15,1.,-3.13638004456607E-15));
#8386=DIRECTION('',(2.22044604925031E-15,-1.,3.46944695195361E-16));
#8387=DIRECTION('',(-2.22044604925031E-15,0.820072936935762,0.572259013127406));
#8388=DIRECTION('center_axis',(1.,3.64185542583221E-15,2.54134052969326E-15));
#8389=DIRECTION('ref_axis',(-2.36658271566304E-30,0.572259013127408,-0.820072936935761));
#8390=DIRECTION('',(2.22044604925031E-15,-1.,-5.55111512312577E-16));
#8391=DIRECTION('center_axis',(-1.,-3.64185542583221E-15,-2.54134052969326E-15));
#8392=DIRECTION('ref_axis',(-4.44089209850061E-15,0.820072936935761,0.572259013127408));
#8393=DIRECTION('center_axis',(0.,1.,5.0532154980743E-16));
#8394=DIRECTION('ref_axis',(-1.,6.18840418511847E-32,-1.22464679914735E-16));
#8395=DIRECTION('',(-2.472937303364E-16,-4.945874606728E-16,1.));
#8396=DIRECTION('',(-1.,0.,-5.0753052554293E-16));
#8397=DIRECTION('',(0.,0.,1.));
#8398=DIRECTION('',(1.,0.,0.));
#8399=DIRECTION('',(-1.,0.,-5.9211894646675E-16));
#8400=DIRECTION('',(0.,5.48258283765509E-16,-1.));
#8401=DIRECTION('',(-1.,0.,0.));
#8402=DIRECTION('',(-1.37064570941377E-16,-5.48258283765509E-16,1.));
#8403=DIRECTION('',(-1.,0.,-5.9211894646675E-16));
#8404=DIRECTION('',(1.,0.,0.));
#8405=DIRECTION('',(0.,5.4825828376551E-16,-1.));
#8406=DIRECTION('',(-1.,0.,-5.07530525542928E-16));
#8407=DIRECTION('',(2.472937303364E-16,4.945874606728E-16,-1.));
#8408=DIRECTION('center_axis',(0.,-1.,5.0532154980743E-16));
#8409=DIRECTION('ref_axis',(-1.,0.,0.));
#8410=DIRECTION('',(0.,4.945874606728E-16,1.));
#8411=DIRECTION('',(1.,0.,-2.53765262771465E-16));
#8412=DIRECTION('',(0.,0.,1.));
#8413=DIRECTION('',(1.,0.,0.));
#8414=DIRECTION('',(1.,0.,0.));
#8415=DIRECTION('',(2.74129141882755E-16,-5.48258283765509E-16,-1.));
#8416=DIRECTION('',(1.,0.,2.22044604925031E-16));
#8417=DIRECTION('',(2.74129141882755E-16,5.48258283765509E-16,1.));
#8418=DIRECTION('',(1.,0.,1.1842378929335E-15));
#8419=DIRECTION('',(1.,0.,0.));
#8420=DIRECTION('',(0.,-5.48258283765509E-16,-1.));
#8421=DIRECTION('',(1.,0.,-2.53765262771464E-16));
#8422=DIRECTION('',(-2.472937303364E-16,-4.945874606728E-16,-1.));
#8423=DIRECTION('center_axis',(1.,0.,0.));
#8424=DIRECTION('ref_axis',(0.,0.,1.));
#8425=DIRECTION('',(1.,0.,4.22942104619107E-17));
#8426=DIRECTION('center_axis',(-1.,0.,0.));
#8427=DIRECTION('ref_axis',(0.,0.,1.));
#8428=DIRECTION('',(1.,0.,0.));
#8429=DIRECTION('center_axis',(-1.,-3.64185542583221E-15,2.54134052969326E-15));
#8430=DIRECTION('ref_axis',(3.64185542583221E-15,-1.,5.2735593669695E-16));
#8431=DIRECTION('center_axis',(1.,5.46278313874832E-15,-3.81201079453988E-15));
#8432=DIRECTION('ref_axis',(6.66133814775091E-15,-0.820072936935762,0.572259013127406));
#8433=DIRECTION('center_axis',(-1.,1.19684185479568E-31,-2.368475785867E-16));
#8434=DIRECTION('ref_axis',(-2.368475785867E-16,-5.0532154980743E-16,1.));
#8435=DIRECTION('',(-2.472937303364E-16,-4.945874606728E-16,1.));
#8436=DIRECTION('',(0.,1.,0.));
#8437=DIRECTION('center_axis',(1.,-1.19684185479569E-31,2.368475785867E-16));
#8438=DIRECTION('ref_axis',(2.368475785867E-16,5.0532154980743E-16,-1.));
#8439=DIRECTION('',(0.,1.,0.));
#8440=DIRECTION('',(2.472937303364E-16,4.945874606728E-16,-1.));
#8441=DIRECTION('center_axis',(5.07530525542928E-16,5.0532154980743E-16,
-1.));
#8442=DIRECTION('ref_axis',(-1.,2.56466111741932E-31,-5.07530525542928E-16));
#8443=DIRECTION('',(0.,1.,0.));
#8444=DIRECTION('',(-1.,0.,-5.07530525542928E-16));
#8445=DIRECTION('center_axis',(1.,0.,0.));
#8446=DIRECTION('ref_axis',(0.,5.0532154980743E-16,-1.));
#8447=DIRECTION('',(0.,-1.,0.));
#8448=DIRECTION('',(0.,5.4825828376551E-16,-1.));
#8449=DIRECTION('center_axis',(-1.,0.,0.));
#8450=DIRECTION('ref_axis',(0.,1.,5.0532154980743E-16));
#8451=DIRECTION('',(1.,0.,0.));
#8452=DIRECTION('center_axis',(-1.,0.,0.));
#8453=DIRECTION('ref_axis',(0.,1.,0.));
#8454=DIRECTION('center_axis',(1.,0.,0.));
#8455=DIRECTION('ref_axis',(0.,-4.44089209850064E-15,-1.));
#8456=DIRECTION('center_axis',(0.,5.0532154980743E-16,-1.));
#8457=DIRECTION('ref_axis',(-1.,0.,0.));
#8458=DIRECTION('',(0.,1.,0.));
#8459=DIRECTION('',(-1.,0.,-5.9211894646675E-16));
#8460=DIRECTION('',(0.,1.,-2.22044604925031E-15));
#8461=DIRECTION('center_axis',(-1.,6.92616814117872E-32,-1.37064570941377E-16));
#8462=DIRECTION('ref_axis',(-1.37064570941377E-16,-5.0532154980743E-16,
1.));
#8463=DIRECTION('',(0.,1.,0.));
#8464=DIRECTION('',(-1.37064570941377E-16,-5.48258283765509E-16,1.));
#8465=DIRECTION('center_axis',(0.,5.0532154980743E-16,-1.));
#8466=DIRECTION('ref_axis',(-1.,0.,0.));
#8467=DIRECTION('',(0.,1.,0.));
#8468=DIRECTION('',(-1.,0.,0.));
#8469=DIRECTION('center_axis',(1.,0.,0.));
#8470=DIRECTION('ref_axis',(0.,5.0532154980743E-16,-1.));
#8471=DIRECTION('',(0.,1.,0.));
#8472=DIRECTION('',(0.,5.48258283765509E-16,-1.));
#8473=DIRECTION('center_axis',(0.,5.0532154980743E-16,-1.));
#8474=DIRECTION('ref_axis',(-1.,0.,0.));
#8475=DIRECTION('',(0.,1.,0.));
#8476=DIRECTION('',(-1.,0.,-5.9211894646675E-16));
#8477=DIRECTION('center_axis',(-1.,0.,0.));
#8478=DIRECTION('ref_axis',(0.,1.,5.0532154980743E-16));
#8479=DIRECTION('',(1.,0.,0.));
#8480=DIRECTION('center_axis',(-1.,0.,0.));
#8481=DIRECTION('ref_axis',(0.,1.,0.));
#8482=DIRECTION('center_axis',(1.,0.,0.));
#8483=DIRECTION('ref_axis',(0.,0.,-1.));
#8484=DIRECTION('center_axis',(-1.,0.,0.));
#8485=DIRECTION('ref_axis',(0.,-5.0532154980743E-16,1.));
#8486=DIRECTION('',(0.,-1.,0.));
#8487=DIRECTION('',(0.,1.,0.));
#8488=DIRECTION('',(0.,-1.09651656753102E-15,1.));
#8489=DIRECTION('center_axis',(5.0753052554293E-16,5.0532154980743E-16,
-1.));
#8490=DIRECTION('ref_axis',(-1.,2.56466111741933E-31,-5.0753052554293E-16));
#8491=DIRECTION('',(-1.,0.,-5.0753052554293E-16));
#8492=DIRECTION('center_axis',(1.,-5.78001436283835E-32,-1.14382898671965E-16));
#8493=DIRECTION('ref_axis',(1.14382898671965E-16,5.0532154980743E-16,1.));
#8494=DIRECTION('',(-2.22044604925031E-15,1.,-5.89805981832113E-16));
#8495=DIRECTION('',(0.,4.945874606728E-16,1.));
#8496=DIRECTION('',(0.,-1.,0.));
#8497=DIRECTION('center_axis',(-1.,1.77484329107952E-31,3.51230477258665E-16));
#8498=DIRECTION('ref_axis',(-3.51230477258665E-16,-5.0532154980743E-16,
-1.));
#8499=DIRECTION('',(-2.22044604925031E-15,1.,-5.20417042793041E-16));
#8500=DIRECTION('',(0.,-1.,0.));
#8501=DIRECTION('',(-2.472937303364E-16,-4.945874606728E-16,-1.));
#8502=DIRECTION('center_axis',(-3.85065845628193E-16,-5.0532154980743E-16,
-1.));
#8503=DIRECTION('ref_axis',(1.,-1.94582069890747E-31,-3.85065845628193E-16));
#8504=DIRECTION('',(0.,-1.,0.));
#8505=DIRECTION('',(1.,0.,-2.53765262771464E-16));
#8506=DIRECTION('center_axis',(-1.,-6.18840418511849E-32,-1.22464679914735E-16));
#8507=DIRECTION('ref_axis',(1.22464679914735E-16,-5.0532154980743E-16,-1.));
#8508=DIRECTION('',(0.,1.,0.));
#8509=DIRECTION('',(0.,-5.48258283765509E-16,-1.));
#8510=DIRECTION('center_axis',(1.,6.18840418511849E-32,1.22464679914735E-16));
#8511=DIRECTION('ref_axis',(1.64214663788065E-46,-1.,5.0532154980743E-16));
#8512=DIRECTION('',(1.,0.,0.));
#8513=DIRECTION('center_axis',(1.,6.1884041851185E-32,1.22464679914735E-16));
#8514=DIRECTION('ref_axis',(6.1884041851185E-32,-1.,7.57860937713545E-48));
#8515=DIRECTION('center_axis',(-1.,-6.1884041851185E-32,-1.22464679914735E-16));
#8516=DIRECTION('ref_axis',(1.22464679914735E-16,4.44089209850064E-15,-1.));
#8517=DIRECTION('center_axis',(7.14583626381486E-16,-5.0532154980743E-16,
-1.));
#8518=DIRECTION('ref_axis',(1.,3.61094505550106E-31,7.14583626381486E-16));
#8519=DIRECTION('',(0.,-1.,0.));
#8520=DIRECTION('',(1.,0.,1.1842378929335E-15));
#8521=DIRECTION('',(0.,-1.,0.));
#8522=DIRECTION('center_axis',(1.,-7.66393209723895E-32,-1.51664461968019E-16));
#8523=DIRECTION('ref_axis',(1.51664461968019E-16,5.0532154980743E-16,1.));
#8524=DIRECTION('',(0.,-1.,0.));
#8525=DIRECTION('',(2.74129141882755E-16,5.48258283765509E-16,1.));
#8526=DIRECTION('center_axis',(1.22464679914735E-16,-5.0532154980743E-16,
-1.));
#8527=DIRECTION('ref_axis',(1.,6.18840418511849E-32,1.22464679914735E-16));
#8528=DIRECTION('',(0.,-1.,0.));
#8529=DIRECTION('',(1.,0.,2.22044604925031E-16));
#8530=DIRECTION('center_axis',(-1.,-1.31145723262972E-31,-2.59529250856113E-16));
#8531=DIRECTION('ref_axis',(2.59529250856113E-16,-5.0532154980743E-16,-1.));
#8532=DIRECTION('',(0.,-1.,0.));
#8533=DIRECTION('',(2.74129141882755E-16,-5.48258283765509E-16,-1.));
#8534=DIRECTION('center_axis',(1.22464679914735E-16,-5.0532154980743E-16,
-1.));
#8535=DIRECTION('ref_axis',(1.,6.18840418511849E-32,1.22464679914735E-16));
#8536=DIRECTION('',(0.,-1.,2.22044604925031E-15));
#8537=DIRECTION('',(1.,0.,0.));
#8538=DIRECTION('center_axis',(1.,6.18840418511849E-32,1.22464679914735E-16));
#8539=DIRECTION('ref_axis',(1.64214663788065E-46,-1.,5.0532154980743E-16));
#8540=DIRECTION('',(1.,0.,0.));
#8541=DIRECTION('center_axis',(1.,6.18840418511849E-32,1.22464679914735E-16));
#8542=DIRECTION('ref_axis',(-1.02582081690632E-30,-1.,8.88178419700124E-15));
#8543=DIRECTION('center_axis',(-1.,-6.18840418511849E-32,-1.22464679914735E-16));
#8544=DIRECTION('ref_axis',(1.22464679914735E-16,7.57860937713545E-48,-1.));
#8545=DIRECTION('center_axis',(1.,6.18840418511849E-32,1.22464679914735E-16));
#8546=DIRECTION('ref_axis',(-1.22464679914735E-16,5.0532154980743E-16,1.));
#8547=DIRECTION('',(0.,1.,0.));
#8548=DIRECTION('',(0.,-1.,0.));
#8549=DIRECTION('',(0.,1.09651656753102E-15,1.));
#8550=DIRECTION('center_axis',(-3.85065845628194E-16,-5.0532154980743E-16,
-1.));
#8551=DIRECTION('ref_axis',(1.,-1.94582069890748E-31,-3.85065845628194E-16));
#8552=DIRECTION('',(1.,0.,-2.53765262771465E-16));
#8553=DIRECTION('center_axis',(0.,1.,5.0532154980743E-16));
#8554=DIRECTION('ref_axis',(-1.,6.18840418511847E-32,-1.22464679914735E-16));
#8555=DIRECTION('',(1.,0.,0.));
#8556=DIRECTION('',(1.,0.,0.));
#8557=DIRECTION('center_axis',(0.,-1.,5.0532154980743E-16));
#8558=DIRECTION('ref_axis',(-1.,0.,0.));
#8559=DIRECTION('',(1.,0.,0.));
#8560=DIRECTION('',(1.,0.,0.));
#8561=DIRECTION('center_axis',(1.,0.,0.));
#8562=DIRECTION('ref_axis',(0.,-2.91074929519305E-15,-1.));
#8563=DIRECTION('',(0.,1.11022302462516E-15,1.));
#8564=DIRECTION('center_axis',(-1.,0.,0.));
#8565=DIRECTION('ref_axis',(0.,1.,-3.5527136788005E-15));
#8566=DIRECTION('center_axis',(-1.,0.,0.));
#8567=DIRECTION('ref_axis',(0.,-2.91074929519305E-15,-1.));
#8568=DIRECTION('center_axis',(1.,0.,0.));
#8569=DIRECTION('ref_axis',(0.,-2.66453525910038E-15,-1.));
#8570=DIRECTION('',(0.,0.,1.));
#8571=DIRECTION('center_axis',(0.,-7.6571373978539E-16,-1.));
#8572=DIRECTION('ref_axis',(-1.,-1.22464679914735E-16,9.37728880491325E-32));
#8573=DIRECTION('',(0.,1.,0.));
#8574=DIRECTION('',(-1.,0.,0.));
#8575=DIRECTION('',(0.,-1.,0.));
#8576=DIRECTION('center_axis',(1.,0.,0.));
#8577=DIRECTION('ref_axis',(0.,5.0532154980743E-16,-1.));
#8578=DIRECTION('',(0.,1.11022302462516E-15,1.));
#8579=DIRECTION('center_axis',(-1.,0.,0.));
#8580=DIRECTION('ref_axis',(0.,1.,0.));
#8581=DIRECTION('center_axis',(-1.,0.,0.));
#8582=DIRECTION('ref_axis',(0.,5.0532154980743E-16,-1.));
#8583=DIRECTION('center_axis',(1.,0.,0.));
#8584=DIRECTION('ref_axis',(0.,0.,-1.));
#8585=DIRECTION('',(0.,2.22044604925031E-15,1.));
#8586=DIRECTION('center_axis',(0.,-7.6571373978539E-16,-1.));
#8587=DIRECTION('ref_axis',(-1.,-1.22464679914735E-16,9.37728880491325E-32));
#8588=DIRECTION('',(0.,1.,-1.13636953094371E-15));
#8589=DIRECTION('',(-1.,0.,0.));
#8590=DIRECTION('',(0.,-1.,1.13636953094371E-15));
#8591=DIRECTION('center_axis',(-1.,-6.18840418511849E-32,-1.22464679914735E-16));
#8592=DIRECTION('ref_axis',(1.22464679914735E-16,-3.92139239480791E-15,
-1.));
#8593=DIRECTION('',(0.,0.,1.));
#8594=DIRECTION('center_axis',(1.,6.1884041851185E-32,1.22464679914735E-16));
#8595=DIRECTION('ref_axis',(-3.73197901651819E-31,-1.,3.5527136788005E-15));
#8596=DIRECTION('center_axis',(1.,6.18840418511849E-32,1.22464679914735E-16));
#8597=DIRECTION('ref_axis',(1.22464679914735E-16,2.91074929519305E-15,-1.));
#8598=DIRECTION('center_axis',(-1.,-6.18840418511849E-32,-1.22464679914735E-16));
#8599=DIRECTION('ref_axis',(1.22464679914735E-16,2.66453525910038E-15,-1.));
#8600=DIRECTION('',(0.,0.,1.));
#8601=DIRECTION('center_axis',(1.22464679914735E-16,7.6571373978539E-16,
-1.));
#8602=DIRECTION('ref_axis',(-1.,-6.18840418511849E-32,-1.22464679914735E-16));
#8603=DIRECTION('',(0.,-1.,-1.13636953094371E-15));
#8604=DIRECTION('',(1.,0.,0.));
#8605=DIRECTION('',(0.,1.,1.1363695309437E-15));
#8606=DIRECTION('center_axis',(-1.,-6.18840418511849E-32,-1.22464679914735E-16));
#8607=DIRECTION('ref_axis',(1.22464679914735E-16,-7.33746323980839E-15,
-1.));
#8608=DIRECTION('',(0.,-1.11022302462516E-15,1.));
#8609=DIRECTION('center_axis',(1.,6.18840418511849E-32,1.22464679914735E-16));
#8610=DIRECTION('ref_axis',(-8.08279845154823E-31,-1.,7.105427357601E-15));
#8611=DIRECTION('center_axis',(1.,6.18840418511849E-32,1.22464679914735E-16));
#8612=DIRECTION('ref_axis',(1.22464679914735E-16,-5.0532154980743E-16,-1.));
#8613=DIRECTION('center_axis',(-1.,-6.18840418511849E-32,-1.22464679914735E-16));
#8614=DIRECTION('ref_axis',(1.22464679914735E-16,7.57860937713545E-48,-1.));
#8615=DIRECTION('',(0.,-2.22044604925031E-15,1.));
#8616=DIRECTION('center_axis',(1.22464679914735E-16,7.6571373978539E-16,
-1.));
#8617=DIRECTION('ref_axis',(-1.,-6.18840418511849E-32,-1.22464679914735E-16));
#8618=DIRECTION('',(0.,-1.,-1.13636953094371E-15));
#8619=DIRECTION('',(1.,0.,0.));
#8620=DIRECTION('',(0.,1.,1.13636953094371E-15));
#8621=DIRECTION('center_axis',(1.,0.,0.));
#8622=DIRECTION('ref_axis',(0.,1.,5.0532154980743E-16));
#8623=DIRECTION('',(1.,0.,0.));
#8624=DIRECTION('center_axis',(1.,0.,0.));
#8625=DIRECTION('ref_axis',(0.,1.,5.0532154980743E-16));
#8626=DIRECTION('',(1.,0.,0.));
#8627=DIRECTION('center_axis',(-1.,-6.18840418511849E-32,-1.22464679914735E-16));
#8628=DIRECTION('ref_axis',(1.64214663788065E-46,-1.,5.0532154980743E-16));
#8629=DIRECTION('',(1.,0.,0.));
#8630=DIRECTION('center_axis',(-1.,-6.18840418511849E-32,-1.22464679914735E-16));
#8631=DIRECTION('ref_axis',(1.64214663788065E-46,-1.,5.0532154980743E-16));
#8632=DIRECTION('',(1.,0.,0.));
#8633=DIRECTION('center_axis',(1.,0.,0.));
#8634=DIRECTION('ref_axis',(0.,-1.,7.6571373978539E-16));
#8635=DIRECTION('',(0.,-5.55111512312578E-16,-1.));
#8636=DIRECTION('',(0.,-1.,0.));
#8637=DIRECTION('center_axis',(-1.,0.,0.));
#8638=DIRECTION('ref_axis',(0.,1.,-7.6571373978539E-16));
#8639=DIRECTION('',(0.,1.,0.));
#8640=DIRECTION('',(0.,-5.55111512312578E-16,-1.));
#8641=DIRECTION('center_axis',(0.,-1.,7.6571373978539E-16));
#8642=DIRECTION('ref_axis',(-1.,0.,0.));
#8643=DIRECTION('',(-1.,0.,0.));
#8644=DIRECTION('center_axis',(1.,0.,0.));
#8645=DIRECTION('ref_axis',(0.,-1.,7.6571373978539E-16));
#8646=DIRECTION('',(0.,-5.55111512312578E-16,-1.));
#8647=DIRECTION('',(0.,-1.,1.13636953094371E-15));
#8648=DIRECTION('center_axis',(-1.,0.,0.));
#8649=DIRECTION('ref_axis',(0.,1.,-7.6571373978539E-16));
#8650=DIRECTION('',(0.,1.,-1.13636953094371E-15));
#8651=DIRECTION('',(0.,-5.55111512312578E-16,-1.));
#8652=DIRECTION('center_axis',(0.,-1.,7.6571373978539E-16));
#8653=DIRECTION('ref_axis',(-1.,0.,0.));
#8654=DIRECTION('',(-1.,0.,0.));
#8655=DIRECTION('center_axis',(-1.,1.22464679914735E-16,-1.22464679914735E-16));
#8656=DIRECTION('ref_axis',(1.22464679914735E-16,1.,7.6571373978539E-16));
#8657=DIRECTION('',(0.,5.55111512312578E-16,-1.));
#8658=DIRECTION('',(0.,1.,1.13636953094371E-15));
#8659=DIRECTION('center_axis',(1.,-1.22464679914735E-16,1.22464679914735E-16));
#8660=DIRECTION('ref_axis',(-1.22464679914735E-16,-1.,-7.6571373978539E-16));
#8661=DIRECTION('',(0.,-1.,-1.13636953094371E-15));
#8662=DIRECTION('',(0.,0.,-1.));
#8663=DIRECTION('center_axis',(1.22464679914735E-16,1.,7.6571373978539E-16));
#8664=DIRECTION('ref_axis',(1.,-1.22464679914735E-16,1.22464679914735E-16));
#8665=DIRECTION('',(1.,0.,0.));
#8666=DIRECTION('center_axis',(-1.,1.22464679914735E-16,-1.22464679914735E-16));
#8667=DIRECTION('ref_axis',(1.22464679914735E-16,1.,7.6571373978539E-16));
#8668=DIRECTION('',(0.,5.55111512312578E-16,-1.));
#8669=DIRECTION('',(0.,1.,1.13636953094371E-15));
#8670=DIRECTION('center_axis',(1.,-1.22464679914735E-16,1.22464679914735E-16));
#8671=DIRECTION('ref_axis',(-1.22464679914735E-16,-1.,-7.6571373978539E-16));
#8672=DIRECTION('',(0.,-1.,-1.13636953094371E-15));
#8673=DIRECTION('',(0.,0.,-1.));
#8674=DIRECTION('center_axis',(1.22464679914735E-16,1.,7.6571373978539E-16));
#8675=DIRECTION('ref_axis',(1.,-1.22464679914735E-16,1.22464679914735E-16));
#8676=DIRECTION('',(1.,0.,0.));
#8677=DIRECTION('center_axis',(0.,-7.6571373978539E-16,-1.));
#8678=DIRECTION('ref_axis',(-1.,-1.22464679914735E-16,9.37728880491325E-32));
#8679=DIRECTION('center_axis',(0.,-7.6571373978539E-16,-1.));
#8680=DIRECTION('ref_axis',(-1.,-1.22464679914735E-16,9.37728880491325E-32));
#8681=DIRECTION('center_axis',(1.22464679914735E-16,7.6571373978539E-16,
-1.));
#8682=DIRECTION('ref_axis',(-1.,-6.18840418511849E-32,-1.22464679914735E-16));
#8683=DIRECTION('center_axis',(1.22464679914735E-16,7.6571373978539E-16,
-1.));
#8684=DIRECTION('ref_axis',(-1.,-6.18840418511849E-32,-1.22464679914735E-16));
#8685=DIRECTION('',(2.22044604925031E-15,-0.820072936935762,0.572259013127406));
#8686=DIRECTION('',(4.44089209850061E-15,-0.820072936935764,0.572259013127405));
#8687=DIRECTION('center_axis',(-1.,-5.46278313874832E-15,3.81201079453988E-15));
#8688=DIRECTION('ref_axis',(5.12759588393658E-30,-0.572259013127407,-0.820072936935762));
#8689=DIRECTION('center_axis',(1.,3.64185542583221E-15,-2.54134052969326E-15));
#8690=DIRECTION('ref_axis',(2.36658271566304E-30,-0.572259013127408,-0.820072936935761));
#8691=DIRECTION('axis',(0.,0.,1.));
#8692=DIRECTION('refdir',(1.,0.,0.));
#8693=DIRECTION('center_axis',(0.,0.,1.));
#8694=DIRECTION('ref_axis',(-1.,1.22464679914735E-16,0.));
#8695=DIRECTION('',(-1.,6.57909940518611E-16,0.));
#8696=DIRECTION('',(-3.17206578464329E-16,-1.,0.));
#8697=DIRECTION('center_axis',(0.,0.,1.));
#8698=DIRECTION('ref_axis',(0.,1.,0.));
#8699=DIRECTION('',(-1.,0.,0.));
#8700=DIRECTION('center_axis',(0.,0.,1.));
#8701=DIRECTION('ref_axis',(1.,0.,0.));
#8702=DIRECTION('',(-6.34413156928659E-16,1.,0.));
#8703=DIRECTION('',(-1.,3.28954970259306E-16,0.));
#8704=DIRECTION('',(-1.26882631385731E-15,-1.,0.));
#8705=DIRECTION('center_axis',(0.,0.,1.));
#8706=DIRECTION('ref_axis',(0.,1.,0.));
#8707=DIRECTION('',(-1.,1.4210854715202E-15,0.));
#8708=DIRECTION('center_axis',(0.,0.,1.));
#8709=DIRECTION('ref_axis',(1.,0.,0.));
#8710=DIRECTION('',(0.,1.,0.));
#8711=DIRECTION('center_axis',(0.,0.,1.));
#8712=DIRECTION('ref_axis',(0.,-1.,0.));
#8713=DIRECTION('',(1.,1.06581410364015E-15,0.));
#8714=DIRECTION('center_axis',(0.,0.,1.));
#8715=DIRECTION('ref_axis',(-1.,0.,0.));
#8716=DIRECTION('',(1.26882631385731E-15,-1.,0.));
#8717=DIRECTION('',(1.,-1.64477485129653E-16,0.));
#8718=DIRECTION('',(-1.58603289232164E-14,1.,0.));
#8719=DIRECTION('center_axis',(0.,0.,1.));
#8720=DIRECTION('ref_axis',(0.,-1.,0.));
#8721=DIRECTION('',(1.,-5.92118946466749E-16,0.));
#8722=DIRECTION('center_axis',(0.,0.,1.));
#8723=DIRECTION('ref_axis',(-1.,0.,0.));
#8724=DIRECTION('',(0.,-1.,0.));
#8725=DIRECTION('',(1.,-3.28954970259306E-16,0.));
#8726=DIRECTION('',(0.,1.,0.));
#8727=DIRECTION('center_axis',(0.,0.,1.));
#8728=DIRECTION('ref_axis',(0.,-1.,0.));
#8729=DIRECTION('',(1.,0.,0.));
#8730=DIRECTION('center_axis',(0.,0.,1.));
#8731=DIRECTION('ref_axis',(-1.,0.,0.));
#8732=DIRECTION('',(0.,-1.,0.));
#8733=DIRECTION('center_axis',(0.,0.,1.));
#8734=DIRECTION('ref_axis',(0.,1.,0.));
#8735=DIRECTION('',(-1.,3.55271367880051E-16,0.));
#8736=DIRECTION('center_axis',(0.,0.,1.));
#8737=DIRECTION('ref_axis',(1.,0.,0.));
#8738=DIRECTION('',(0.,1.,0.));
#8739=DIRECTION('',(0.,1.,0.));
#8740=DIRECTION('center_axis',(0.,0.,1.));
#8741=DIRECTION('ref_axis',(1.,-2.7755575615629E-16,0.));
#8742=DIRECTION('',(-1.,2.77555756156289E-16,0.));
#8743=DIRECTION('center_axis',(0.,0.,1.));
#8744=DIRECTION('ref_axis',(0.,1.,0.));
#8745=DIRECTION('',(0.,-1.,0.));
#8746=DIRECTION('center_axis',(0.,0.,1.));
#8747=DIRECTION('ref_axis',(-1.,1.38777878078144E-16,0.));
#8748=DIRECTION('',(1.,-2.77555756156289E-16,0.));
#8749=DIRECTION('center_axis',(0.,0.,1.));
#8750=DIRECTION('ref_axis',(0.,-1.,0.));
#8751=DIRECTION('',(0.,1.,0.));
#8752=DIRECTION('center_axis',(0.,0.,1.));
#8753=DIRECTION('ref_axis',(1.,-6.93889390390722E-16,0.));
#8754=DIRECTION('',(-1.,2.77555756156289E-16,0.));
#8755=DIRECTION('center_axis',(0.,0.,1.));
#8756=DIRECTION('ref_axis',(0.,1.,0.));
#8757=DIRECTION('',(0.,-1.,0.));
#8758=DIRECTION('center_axis',(0.,0.,1.));
#8759=DIRECTION('ref_axis',(-1.,1.38777878078145E-16,0.));
#8760=DIRECTION('',(1.,-2.77555756156289E-16,0.));
#8761=DIRECTION('center_axis',(0.,0.,1.));
#8762=DIRECTION('ref_axis',(0.,-1.,0.));
#8763=DIRECTION('',(0.,1.,0.));
#8764=DIRECTION('center_axis',(0.,0.,1.));
#8765=DIRECTION('ref_axis',(1.,-2.77555756156289E-16,0.));
#8766=DIRECTION('',(-1.,3.05311331771918E-16,0.));
#8767=DIRECTION('center_axis',(0.,0.,1.));
#8768=DIRECTION('ref_axis',(5.55111512312578E-16,1.,0.));
#8769=DIRECTION('',(0.,-1.,0.));
#8770=DIRECTION('center_axis',(0.,0.,1.));
#8771=DIRECTION('ref_axis',(-1.,1.38777878078144E-16,0.));
#8772=DIRECTION('',(1.,-3.05311331771918E-16,0.));
#8773=DIRECTION('center_axis',(0.,0.,1.));
#8774=DIRECTION('ref_axis',(0.,-1.,0.));
#8775=DIRECTION('center_axis',(0.,0.,1.));
#8776=DIRECTION('ref_axis',(-1.,1.22464679914735E-16,0.));
#8777=DIRECTION('center_axis',(0.,0.,1.));
#8778=DIRECTION('ref_axis',(1.,0.,0.));
#8779=DIRECTION('',(-1.,0.,0.));
#8780=DIRECTION('center_axis',(0.,0.,1.));
#8781=DIRECTION('ref_axis',(0.,1.,0.));
#8782=DIRECTION('',(-3.17206578464329E-16,-1.,0.));
#8783=DIRECTION('',(-1.,6.57909940518611E-16,0.));
#8784=DIRECTION('',(0.,1.,0.));
#8785=DIRECTION('center_axis',(0.,0.,1.));
#8786=DIRECTION('ref_axis',(1.,0.,0.));
#8787=DIRECTION('',(-1.,3.55271367880051E-16,0.));
#8788=DIRECTION('center_axis',(0.,0.,1.));
#8789=DIRECTION('ref_axis',(0.,1.,0.));
#8790=DIRECTION('',(0.,-1.,0.));
#8791=DIRECTION('center_axis',(0.,0.,1.));
#8792=DIRECTION('ref_axis',(-1.,0.,0.));
#8793=DIRECTION('',(1.,-3.55271367880052E-16,8.88178419700129E-17));
#8794=DIRECTION('center_axis',(0.,0.,1.));
#8795=DIRECTION('ref_axis',(0.,-1.,0.));
#8796=DIRECTION('',(0.,1.,0.));
#8797=DIRECTION('',(1.,-3.28954970259306E-16,0.));
#8798=DIRECTION('',(0.,-1.,0.));
#8799=DIRECTION('center_axis',(0.,0.,1.));
#8800=DIRECTION('ref_axis',(-1.,0.,0.));
#8801=DIRECTION('',(1.,-5.92118946466749E-16,0.));
#8802=DIRECTION('center_axis',(0.,0.,1.));
#8803=DIRECTION('ref_axis',(0.,-1.,0.));
#8804=DIRECTION('',(-1.58603289232164E-14,1.,0.));
#8805=DIRECTION('',(1.,-3.28954970259306E-16,0.));
#8806=DIRECTION('',(1.26882631385731E-15,-1.,0.));
#8807=DIRECTION('center_axis',(0.,0.,1.));
#8808=DIRECTION('ref_axis',(-1.,0.,0.));
#8809=DIRECTION('',(1.,1.06581410364015E-15,0.));
#8810=DIRECTION('center_axis',(0.,0.,1.));
#8811=DIRECTION('ref_axis',(0.,-1.,0.));
#8812=DIRECTION('',(0.,1.,0.));
#8813=DIRECTION('center_axis',(0.,0.,1.));
#8814=DIRECTION('ref_axis',(1.,0.,0.));
#8815=DIRECTION('',(-1.,1.4210854715202E-15,8.88178419700125E-17));
#8816=DIRECTION('center_axis',(0.,0.,1.));
#8817=DIRECTION('ref_axis',(0.,1.,0.));
#8818=DIRECTION('',(0.,-1.,0.));
#8819=DIRECTION('',(-1.,3.28954970259306E-16,0.));
#8820=DIRECTION('',(-6.34413156928659E-16,1.,0.));
#8821=DIRECTION('',(-1.,2.77555756156289E-16,0.));
#8822=DIRECTION('center_axis',(0.,0.,1.));
#8823=DIRECTION('ref_axis',(1.,-2.7755575615629E-16,0.));
#8824=DIRECTION('',(0.,1.,0.));
#8825=DIRECTION('center_axis',(0.,0.,1.));
#8826=DIRECTION('ref_axis',(0.,-1.,0.));
#8827=DIRECTION('',(1.,-2.22044604925031E-16,0.));
#8828=DIRECTION('center_axis',(0.,0.,1.));
#8829=DIRECTION('ref_axis',(-1.,1.38777878078144E-16,0.));
#8830=DIRECTION('',(0.,-1.,0.));
#8831=DIRECTION('center_axis',(0.,0.,1.));
#8832=DIRECTION('ref_axis',(0.,1.,0.));
#8833=DIRECTION('',(-1.,2.77555756156289E-16,0.));
#8834=DIRECTION('center_axis',(0.,0.,1.));
#8835=DIRECTION('ref_axis',(1.,-6.93889390390722E-16,0.));
#8836=DIRECTION('',(0.,1.,0.));
#8837=DIRECTION('center_axis',(0.,0.,1.));
#8838=DIRECTION('ref_axis',(0.,-1.,0.));
#8839=DIRECTION('',(1.,-2.77555756156289E-16,0.));
#8840=DIRECTION('center_axis',(0.,0.,1.));
#8841=DIRECTION('ref_axis',(-1.,1.38777878078145E-16,0.));
#8842=DIRECTION('',(0.,-1.,0.));
#8843=DIRECTION('center_axis',(0.,0.,1.));
#8844=DIRECTION('ref_axis',(0.,1.,0.));
#8845=DIRECTION('',(-1.,3.05311331771918E-16,0.));
#8846=DIRECTION('center_axis',(0.,0.,1.));
#8847=DIRECTION('ref_axis',(1.,-2.77555756156289E-16,0.));
#8848=DIRECTION('',(0.,1.,0.));
#8849=DIRECTION('center_axis',(0.,0.,1.));
#8850=DIRECTION('ref_axis',(0.,-1.,0.));
#8851=DIRECTION('',(1.,-3.05311331771918E-16,0.));
#8852=DIRECTION('center_axis',(0.,0.,1.));
#8853=DIRECTION('ref_axis',(-1.,1.38777878078144E-16,0.));
#8854=DIRECTION('',(0.,-1.,0.));
#8855=DIRECTION('center_axis',(0.,0.,1.));
#8856=DIRECTION('ref_axis',(5.55111512312578E-16,1.,0.));
#8857=DIRECTION('center_axis',(1.,0.,0.));
#8858=DIRECTION('ref_axis',(0.,1.,0.));
#8859=DIRECTION('',(0.,1.,-3.70074341541719E-16));
#8860=DIRECTION('',(0.,0.,1.));
#8861=DIRECTION('',(0.,1.,0.));
#8862=DIRECTION('',(0.,0.,1.));
#8863=DIRECTION('center_axis',(0.,0.,1.));
#8864=DIRECTION('ref_axis',(-1.22464679914735E-16,-1.,0.));
#8865=DIRECTION('center_axis',(0.,0.,1.));
#8866=DIRECTION('ref_axis',(0.,-1.,0.));
#8867=DIRECTION('center_axis',(0.,0.,1.));
#8868=DIRECTION('ref_axis',(0.,-1.,0.));
#8869=DIRECTION('',(0.,0.,1.));
#8870=DIRECTION('center_axis',(-2.63677968348475E-16,-1.,0.));
#8871=DIRECTION('ref_axis',(1.,-2.63677968348475E-16,0.));
#8872=DIRECTION('',(1.,-2.4980018054066E-16,0.));
#8873=DIRECTION('',(1.,-2.4980018054066E-16,-6.93889390390723E-18));
#8874=DIRECTION('',(0.,0.,1.));
#8875=DIRECTION('center_axis',(0.,0.,1.));
#8876=DIRECTION('ref_axis',(-1.,1.22464679914735E-16,0.));
#8877=DIRECTION('center_axis',(0.,0.,1.));
#8878=DIRECTION('ref_axis',(-1.,2.77555756156289E-16,0.));
#8879=DIRECTION('center_axis',(0.,0.,1.));
#8880=DIRECTION('ref_axis',(-1.,2.77555756156289E-16,0.));
#8881=DIRECTION('',(0.,0.,1.));
#8882=DIRECTION('center_axis',(-1.,0.,0.));
#8883=DIRECTION('ref_axis',(0.,-1.,0.));
#8884=DIRECTION('',(0.,-1.,0.));
#8885=DIRECTION('',(0.,-1.,0.));
#8886=DIRECTION('',(0.,0.,1.));
#8887=DIRECTION('center_axis',(0.,0.,1.));
#8888=DIRECTION('ref_axis',(1.22464679914735E-16,1.,0.));
#8889=DIRECTION('center_axis',(0.,0.,1.));
#8890=DIRECTION('ref_axis',(0.,1.,0.));
#8891=DIRECTION('center_axis',(0.,0.,1.));
#8892=DIRECTION('ref_axis',(0.,1.,0.));
#8893=DIRECTION('',(0.,0.,1.));
#8894=DIRECTION('center_axis',(3.05311331771918E-16,1.,0.));
#8895=DIRECTION('ref_axis',(-1.,3.05311331771918E-16,0.));
#8896=DIRECTION('',(-1.,3.05311331771918E-16,0.));
#8897=DIRECTION('',(-1.,3.05311331771918E-16,0.));
#8898=DIRECTION('',(0.,0.,1.));
#8899=DIRECTION('center_axis',(0.,0.,1.));
#8900=DIRECTION('ref_axis',(1.,-1.22464679914735E-16,0.));
#8901=DIRECTION('center_axis',(0.,0.,1.));
#8902=DIRECTION('ref_axis',(1.,-2.7755575615629E-16,0.));
#8903=DIRECTION('center_axis',(0.,0.,1.));
#8904=DIRECTION('ref_axis',(1.,2.7755575615629E-16,0.));
#8905=DIRECTION('center_axis',(1.,0.,0.));
#8906=DIRECTION('ref_axis',(0.,1.,0.));
#8907=DIRECTION('',(0.,1.,0.));
#8908=DIRECTION('',(0.,0.,1.));
#8909=DIRECTION('',(0.,1.,0.));
#8910=DIRECTION('',(0.,0.,1.));
#8911=DIRECTION('center_axis',(0.,0.,1.));
#8912=DIRECTION('ref_axis',(-1.22464679914735E-16,-1.,0.));
#8913=DIRECTION('center_axis',(0.,0.,1.));
#8914=DIRECTION('ref_axis',(0.,-1.,0.));
#8915=DIRECTION('center_axis',(0.,0.,1.));
#8916=DIRECTION('ref_axis',(0.,-1.,0.));
#8917=DIRECTION('',(0.,0.,1.));
#8918=DIRECTION('center_axis',(-2.4980018054066E-16,-1.,0.));
#8919=DIRECTION('ref_axis',(1.,-2.4980018054066E-16,0.));
#8920=DIRECTION('',(1.,-2.63677968348475E-16,0.));
#8921=DIRECTION('',(1.,-2.63677968348475E-16,0.));
#8922=DIRECTION('',(0.,0.,1.));
#8923=DIRECTION('center_axis',(0.,0.,1.));
#8924=DIRECTION('ref_axis',(-1.,1.22464679914735E-16,0.));
#8925=DIRECTION('center_axis',(0.,0.,1.));
#8926=DIRECTION('ref_axis',(-1.,2.77555756156289E-16,0.));
#8927=DIRECTION('center_axis',(0.,0.,1.));
#8928=DIRECTION('ref_axis',(-1.,2.77555756156289E-16,0.));
#8929=DIRECTION('',(0.,0.,1.));
#8930=DIRECTION('center_axis',(-1.,0.,0.));
#8931=DIRECTION('ref_axis',(0.,-1.,0.));
#8932=DIRECTION('',(0.,-1.,0.));
#8933=DIRECTION('',(0.,-1.,0.));
#8934=DIRECTION('',(0.,0.,1.));
#8935=DIRECTION('center_axis',(0.,0.,1.));
#8936=DIRECTION('ref_axis',(1.22464679914735E-16,1.,0.));
#8937=DIRECTION('center_axis',(0.,0.,1.));
#8938=DIRECTION('ref_axis',(0.,1.,0.));
#8939=DIRECTION('center_axis',(0.,0.,1.));
#8940=DIRECTION('ref_axis',(0.,1.,0.));
#8941=DIRECTION('',(0.,0.,1.));
#8942=DIRECTION('center_axis',(2.77555756156289E-16,1.,0.));
#8943=DIRECTION('ref_axis',(-1.,2.77555756156289E-16,0.));
#8944=DIRECTION('',(-1.,2.77555756156289E-16,0.));
#8945=DIRECTION('',(-1.,2.77555756156289E-16,0.));
#8946=DIRECTION('',(0.,0.,1.));
#8947=DIRECTION('center_axis',(0.,0.,1.));
#8948=DIRECTION('ref_axis',(1.,-1.22464679914735E-16,0.));
#8949=DIRECTION('center_axis',(0.,0.,1.));
#8950=DIRECTION('ref_axis',(1.,-2.77555756156289E-16,0.));
#8951=DIRECTION('center_axis',(0.,0.,1.));
#8952=DIRECTION('ref_axis',(1.,2.77555756156289E-16,0.));
#8953=DIRECTION('center_axis',(1.,-7.40148683083438E-16,0.));
#8954=DIRECTION('ref_axis',(7.40148683083438E-16,1.,0.));
#8955=DIRECTION('',(0.,1.,3.70074341541719E-16));
#8956=DIRECTION('',(0.,0.,1.));
#8957=DIRECTION('',(0.,1.,0.));
#8958=DIRECTION('',(0.,0.,1.));
#8959=DIRECTION('center_axis',(0.,0.,1.));
#8960=DIRECTION('ref_axis',(-1.22464679914735E-16,-1.,0.));
#8961=DIRECTION('center_axis',(0.,0.,1.));
#8962=DIRECTION('ref_axis',(0.,-1.,0.));
#8963=DIRECTION('center_axis',(0.,0.,1.));
#8964=DIRECTION('ref_axis',(0.,-1.,0.));
#8965=DIRECTION('',(0.,0.,1.));
#8966=DIRECTION('center_axis',(-2.63677968348475E-16,-1.,0.));
#8967=DIRECTION('ref_axis',(1.,-2.63677968348475E-16,0.));
#8968=DIRECTION('',(1.,-2.63677968348475E-16,0.));
#8969=DIRECTION('',(1.,-2.63677968348475E-16,0.));
#8970=DIRECTION('',(0.,0.,1.));
#8971=DIRECTION('center_axis',(0.,0.,1.));
#8972=DIRECTION('ref_axis',(-1.,1.22464679914735E-16,0.));
#8973=DIRECTION('center_axis',(0.,0.,1.));
#8974=DIRECTION('ref_axis',(-1.,2.7755575615629E-16,0.));
#8975=DIRECTION('center_axis',(0.,0.,1.));
#8976=DIRECTION('ref_axis',(-1.,2.7755575615629E-16,0.));
#8977=DIRECTION('',(0.,0.,1.));
#8978=DIRECTION('center_axis',(-1.,0.,0.));
#8979=DIRECTION('ref_axis',(0.,-1.,0.));
#8980=DIRECTION('',(0.,-1.,0.));
#8981=DIRECTION('',(0.,-1.,0.));
#8982=DIRECTION('',(0.,0.,1.));
#8983=DIRECTION('center_axis',(0.,0.,1.));
#8984=DIRECTION('ref_axis',(1.22464679914735E-16,1.,0.));
#8985=DIRECTION('center_axis',(0.,0.,1.));
#8986=DIRECTION('ref_axis',(0.,1.,0.));
#8987=DIRECTION('center_axis',(0.,0.,1.));
#8988=DIRECTION('ref_axis',(0.,1.,0.));
#8989=DIRECTION('',(0.,0.,1.));
#8990=DIRECTION('center_axis',(3.05311331771918E-16,1.,0.));
#8991=DIRECTION('ref_axis',(-1.,3.05311331771918E-16,0.));
#8992=DIRECTION('',(-1.,2.77555756156289E-16,0.));
#8993=DIRECTION('',(-1.,2.77555756156289E-16,0.));
#8994=DIRECTION('',(0.,0.,1.));
#8995=DIRECTION('center_axis',(0.,0.,1.));
#8996=DIRECTION('ref_axis',(1.,-6.77576192227313E-16,0.));
#8997=DIRECTION('center_axis',(0.,0.,1.));
#8998=DIRECTION('ref_axis',(1.,-8.32667268468867E-16,0.));
#8999=DIRECTION('center_axis',(0.,0.,1.));
#9000=DIRECTION('ref_axis',(1.,-8.32667268468867E-16,0.));
#9001=DIRECTION('center_axis',(1.,4.4408920985006E-16,0.));
#9002=DIRECTION('ref_axis',(-4.4408920985006E-16,1.,0.));
#9003=DIRECTION('',(-4.44089209850061E-16,1.,0.));
#9004=DIRECTION('',(0.,0.,1.));
#9005=DIRECTION('',(-4.4408920985006E-16,1.,0.));
#9006=DIRECTION('',(0.,0.,1.));
#9007=DIRECTION('center_axis',(1.77635683940025E-16,1.,0.));
#9008=DIRECTION('ref_axis',(-1.,1.77635683940025E-16,0.));
#9009=DIRECTION('',(-1.,1.77635683940025E-16,0.));
#9010=DIRECTION('',(0.,0.,1.));
#9011=DIRECTION('',(-1.,1.77635683940025E-16,0.));
#9012=DIRECTION('center_axis',(-1.,0.,0.));
#9013=DIRECTION('ref_axis',(0.,-1.,0.));
#9014=DIRECTION('',(0.,-1.,0.));
#9015=DIRECTION('',(0.,0.,1.));
#9016=DIRECTION('',(0.,-1.,0.));
#9017=DIRECTION('center_axis',(0.,0.,1.));
#9018=DIRECTION('ref_axis',(1.22464679914735E-16,1.,0.));
#9019=DIRECTION('center_axis',(0.,0.,1.));
#9020=DIRECTION('ref_axis',(0.,1.,0.));
#9021=DIRECTION('',(0.,0.,1.));
#9022=DIRECTION('center_axis',(0.,0.,1.));
#9023=DIRECTION('ref_axis',(0.,1.,0.));
#9024=DIRECTION('center_axis',(1.06581410364015E-15,1.,0.));
#9025=DIRECTION('ref_axis',(-1.,1.06581410364015E-15,0.));
#9026=DIRECTION('',(-1.,1.4210854715202E-15,1.77635683940025E-16));
#9027=DIRECTION('',(0.,0.,1.));
#9028=DIRECTION('',(-1.,1.4210854715202E-15,2.22044604925031E-17));
#9029=DIRECTION('center_axis',(0.,0.,1.));
#9030=DIRECTION('ref_axis',(1.,-1.22464679914735E-16,0.));
#9031=DIRECTION('center_axis',(0.,0.,1.));
#9032=DIRECTION('ref_axis',(1.,0.,0.));
#9033=DIRECTION('',(0.,0.,1.));
#9034=DIRECTION('center_axis',(0.,0.,1.));
#9035=DIRECTION('ref_axis',(1.,0.,0.));
#9036=DIRECTION('center_axis',(1.,0.,0.));
#9037=DIRECTION('ref_axis',(0.,1.,0.));
#9038=DIRECTION('',(0.,1.,0.));
#9039=DIRECTION('',(0.,0.,1.));
#9040=DIRECTION('',(0.,1.,0.));
#9041=DIRECTION('center_axis',(0.,0.,1.));
#9042=DIRECTION('ref_axis',(-1.22464679914735E-16,-1.,0.));
#9043=DIRECTION('center_axis',(0.,0.,1.));
#9044=DIRECTION('ref_axis',(0.,-1.,0.));
#9045=DIRECTION('',(0.,0.,1.));
#9046=DIRECTION('center_axis',(0.,0.,1.));
#9047=DIRECTION('ref_axis',(0.,-1.,0.));
#9048=DIRECTION('center_axis',(1.06581410364015E-15,-1.,0.));
#9049=DIRECTION('ref_axis',(1.,1.06581410364015E-15,0.));
#9050=DIRECTION('',(1.,1.06581410364015E-15,0.));
#9051=DIRECTION('',(0.,0.,1.));
#9052=DIRECTION('',(1.,1.06581410364015E-15,0.));
#9053=DIRECTION('center_axis',(0.,0.,1.));
#9054=DIRECTION('ref_axis',(-1.,1.22464679914735E-16,0.));
#9055=DIRECTION('center_axis',(0.,0.,1.));
#9056=DIRECTION('ref_axis',(-1.,0.,0.));
#9057=DIRECTION('',(0.,0.,1.));
#9058=DIRECTION('center_axis',(0.,0.,1.));
#9059=DIRECTION('ref_axis',(-1.,0.,0.));
#9060=DIRECTION('center_axis',(-1.,0.,0.));
#9061=DIRECTION('ref_axis',(0.,-1.,0.));
#9062=DIRECTION('',(0.,-1.,0.));
#9063=DIRECTION('',(0.,0.,1.));
#9064=DIRECTION('',(0.,-1.,0.));
#9065=DIRECTION('center_axis',(-1.77635683940025E-16,-1.,0.));
#9066=DIRECTION('ref_axis',(1.,-1.77635683940025E-16,0.));
#9067=DIRECTION('',(1.,-1.77635683940025E-16,0.));
#9068=DIRECTION('',(0.,0.,1.));
#9069=DIRECTION('',(1.,-1.77635683940025E-16,0.));
#9070=DIRECTION('center_axis',(1.,1.59872115546022E-14,0.));
#9071=DIRECTION('ref_axis',(-1.59872115546022E-14,1.,0.));
#9072=DIRECTION('',(-1.59872115546022E-14,1.,0.));
#9073=DIRECTION('',(0.,0.,1.));
#9074=DIRECTION('',(-1.59872115546022E-14,1.,0.));
#9075=DIRECTION('center_axis',(0.,0.,1.));
#9076=DIRECTION('ref_axis',(-1.22464679914735E-16,-1.,0.));
#9077=DIRECTION('center_axis',(0.,0.,1.));
#9078=DIRECTION('ref_axis',(0.,-1.,0.));
#9079=DIRECTION('',(0.,0.,1.));
#9080=DIRECTION('center_axis',(0.,0.,1.));
#9081=DIRECTION('ref_axis',(0.,-1.,0.));
#9082=DIRECTION('center_axis',(-2.96059473233375E-16,-1.,0.));
#9083=DIRECTION('ref_axis',(1.,-2.96059473233375E-16,0.));
#9084=DIRECTION('',(1.,-2.96059473233375E-16,0.));
#9085=DIRECTION('',(0.,0.,1.));
#9086=DIRECTION('',(1.,-2.96059473233375E-16,1.85037170770859E-17));
#9087=DIRECTION('center_axis',(0.,0.,1.));
#9088=DIRECTION('ref_axis',(-1.,1.22464679914735E-16,0.));
#9089=DIRECTION('center_axis',(0.,0.,1.));
#9090=DIRECTION('ref_axis',(-1.,0.,0.));
#9091=DIRECTION('',(0.,0.,1.));
#9092=DIRECTION('center_axis',(0.,0.,1.));
#9093=DIRECTION('ref_axis',(-1.,0.,0.));
#9094=DIRECTION('center_axis',(-1.,0.,0.));
#9095=DIRECTION('ref_axis',(0.,-1.,0.));
#9096=DIRECTION('',(-8.88178419700116E-16,-1.,4.44089209850058E-16));
#9097=DIRECTION('',(0.,0.,1.));
#9098=DIRECTION('',(-8.88178419700116E-16,-1.,0.));
#9099=DIRECTION('center_axis',(-1.77635683940025E-16,-1.,0.));
#9100=DIRECTION('ref_axis',(1.,-1.77635683940025E-16,0.));
#9101=DIRECTION('',(1.,-1.77635683940025E-16,0.));
#9102=DIRECTION('',(0.,0.,1.));
#9103=DIRECTION('',(1.,-1.77635683940025E-16,0.));
#9104=DIRECTION('center_axis',(1.,0.,0.));
#9105=DIRECTION('ref_axis',(0.,1.,0.));
#9106=DIRECTION('',(0.,1.,0.));
#9107=DIRECTION('',(0.,0.,1.));
#9108=DIRECTION('',(0.,1.,0.));
#9109=DIRECTION('center_axis',(0.,0.,1.));
#9110=DIRECTION('ref_axis',(-1.22464679914735E-16,-1.,0.));
#9111=DIRECTION('center_axis',(0.,0.,1.));
#9112=DIRECTION('ref_axis',(0.,-1.,0.));
#9113=DIRECTION('',(0.,0.,1.));
#9114=DIRECTION('center_axis',(0.,0.,1.));
#9115=DIRECTION('ref_axis',(0.,-1.,0.));
#9116=DIRECTION('center_axis',(-3.55271367880051E-16,-1.,0.));
#9117=DIRECTION('ref_axis',(1.,-3.55271367880051E-16,0.));
#9118=DIRECTION('',(1.,-3.55271367880052E-16,8.88178419700129E-17));
#9119=DIRECTION('',(0.,0.,1.));
#9120=DIRECTION('',(1.,-3.55271367880051E-16,0.));
#9121=DIRECTION('center_axis',(0.,0.,1.));
#9122=DIRECTION('ref_axis',(-1.,1.22464679914735E-16,0.));
#9123=DIRECTION('center_axis',(0.,0.,1.));
#9124=DIRECTION('ref_axis',(-1.,0.,0.));
#9125=DIRECTION('',(0.,0.,1.));
#9126=DIRECTION('center_axis',(0.,0.,1.));
#9127=DIRECTION('ref_axis',(-1.,0.,0.));
#9128=DIRECTION('center_axis',(-1.,0.,0.));
#9129=DIRECTION('ref_axis',(0.,-1.,0.));
#9130=DIRECTION('',(0.,-1.,0.));
#9131=DIRECTION('',(0.,0.,1.));
#9132=DIRECTION('',(0.,-1.,0.));
#9133=DIRECTION('center_axis',(0.,0.,1.));
#9134=DIRECTION('ref_axis',(1.22464679914735E-16,1.,0.));
#9135=DIRECTION('center_axis',(0.,0.,1.));
#9136=DIRECTION('ref_axis',(0.,1.,0.));
#9137=DIRECTION('',(0.,0.,1.));
#9138=DIRECTION('center_axis',(0.,0.,1.));
#9139=DIRECTION('ref_axis',(0.,1.,0.));
#9140=DIRECTION('center_axis',(0.,1.,0.));
#9141=DIRECTION('ref_axis',(-1.,0.,0.));
#9142=DIRECTION('',(-1.,0.,8.88178419700128E-17));
#9143=DIRECTION('',(0.,0.,1.));
#9144=DIRECTION('',(-1.,0.,2.22044604925032E-17));
#9145=DIRECTION('center_axis',(0.,0.,1.));
#9146=DIRECTION('ref_axis',(1.,-1.22464679914735E-16,0.));
#9147=DIRECTION('center_axis',(0.,0.,1.));
#9148=DIRECTION('ref_axis',(1.,0.,0.));
#9149=DIRECTION('',(0.,0.,1.));
#9150=DIRECTION('center_axis',(0.,0.,1.));
#9151=DIRECTION('ref_axis',(1.,0.,0.));
#9152=DIRECTION('center_axis',(1.,0.,0.));
#9153=DIRECTION('ref_axis',(0.,1.,0.));
#9154=DIRECTION('',(0.,1.,0.));
#9155=DIRECTION('',(0.,0.,1.));
#9156=DIRECTION('',(0.,1.,0.));
#9157=DIRECTION('center_axis',(7.105427357601E-16,1.,0.));
#9158=DIRECTION('ref_axis',(-1.,7.105427357601E-16,0.));
#9159=DIRECTION('',(-1.,7.105427357601E-16,0.));
#9160=DIRECTION('',(0.,0.,1.));
#9161=DIRECTION('',(-1.,7.105427357601E-16,0.));
#9162=DIRECTION('center_axis',(-1.,0.,0.));
#9163=DIRECTION('ref_axis',(0.,-1.,0.));
#9164=DIRECTION('',(0.,-1.,0.));
#9165=DIRECTION('',(0.,0.,1.));
#9166=DIRECTION('',(0.,-1.,0.));
#9167=DIRECTION('center_axis',(0.,0.,1.));
#9168=DIRECTION('ref_axis',(1.22464679914735E-16,1.,0.));
#9169=DIRECTION('center_axis',(0.,0.,1.));
#9170=DIRECTION('ref_axis',(0.,1.,0.));
#9171=DIRECTION('',(-1.5636944008805E-16,0.,1.));
#9172=DIRECTION('center_axis',(0.,0.,1.));
#9173=DIRECTION('ref_axis',(0.,1.,0.));
#9174=DIRECTION('center_axis',(0.,1.,0.));
#9175=DIRECTION('ref_axis',(-1.,0.,0.));
#9176=DIRECTION('',(-1.,0.,0.));
#9177=DIRECTION('',(0.,0.,1.));
#9178=DIRECTION('',(-1.,0.,0.));
#9179=DIRECTION('center_axis',(0.,0.,1.));
#9180=DIRECTION('ref_axis',(1.,-1.22464679914735E-16,0.));
#9181=DIRECTION('center_axis',(0.,0.,1.));
#9182=DIRECTION('ref_axis',(1.,0.,0.));
#9183=DIRECTION('center_axis',(0.,0.,1.));
#9184=DIRECTION('ref_axis',(1.,0.,0.));
#9185=DIRECTION('center_axis',(1.,-8.07434927000114E-16,0.));
#9186=DIRECTION('ref_axis',(7.23811190250422E-46,8.96432846842059E-31,-1.));
#9187=DIRECTION('center_axis',(-0.707106781186551,-0.707106781186544,1.55158992058275E-14));
#9188=DIRECTION('ref_axis',(0.707106781186544,-0.707106781186551,3.4460441525452E-13));
#9189=DIRECTION('center_axis',(-0.707106781186552,0.707106781186543,9.42494703825072E-15));
#9190=DIRECTION('ref_axis',(0.707106781186543,0.707106781186552,2.95994673723357E-13));
#9191=DIRECTION('center_axis',(0.,-1.,0.));
#9192=DIRECTION('ref_axis',(-4.44089209850063E-15,0.,-1.));
#9193=DIRECTION('center_axis',(0.,1.,0.));
#9194=DIRECTION('ref_axis',(1.,0.,-4.50212443845799E-15));
#9195=DIRECTION('center_axis',(0.,0.,1.));
#9196=DIRECTION('ref_axis',(0.,-1.,0.));
#9197=DIRECTION('center_axis',(-1.,-7.6571373978539E-16,0.));
#9198=DIRECTION('ref_axis',(-7.6571373978539E-16,1.,1.38777878078144E-16));
#9199=DIRECTION('center_axis',(1.,-2.16628882853689E-16,0.));
#9200=DIRECTION('ref_axis',(-9.62025494171966E-31,-4.44089209850063E-15,
-1.));
#9201=DIRECTION('center_axis',(-1.,2.16628882853689E-16,2.40506373542979E-32));
#9202=DIRECTION('ref_axis',(2.16628882853689E-16,1.,-4.50212443845799E-15));
#9203=DIRECTION('center_axis',(0.,0.,1.));
#9204=DIRECTION('ref_axis',(1.,0.,0.));
#9205=DIRECTION('center_axis',(7.6571373978539E-16,-1.,0.));
#9206=DIRECTION('ref_axis',(-1.,-7.6571373978539E-16,1.38777878078145E-16));
#9207=DIRECTION('center_axis',(0.,1.,0.));
#9208=DIRECTION('ref_axis',(0.,0.,-1.));
#9209=DIRECTION('center_axis',(0.,-1.,0.));
#9210=DIRECTION('ref_axis',(-1.,0.,-6.12323399573677E-17));
#9211=DIRECTION('center_axis',(0.,0.,1.));
#9212=DIRECTION('ref_axis',(0.,1.,0.));
#9213=DIRECTION('center_axis',(1.,-1.22464679914735E-16,0.));
#9214=DIRECTION('ref_axis',(-1.22464679914735E-16,-1.,0.));
#9215=DIRECTION('center_axis',(-1.,4.33257765707379E-16,0.));
#9216=DIRECTION('ref_axis',(1.92405098834394E-30,4.44089209850063E-15,-1.));
#9217=DIRECTION('center_axis',(1.,-4.33257765707379E-16,4.81012747085924E-32));
#9218=DIRECTION('ref_axis',(-4.33257765707379E-16,-1.,-4.50212443845799E-15));
#9219=DIRECTION('center_axis',(0.,0.,1.));
#9220=DIRECTION('ref_axis',(-1.,0.,0.));
#9221=DIRECTION('center_axis',(-7.6571373978539E-16,1.,0.));
#9222=DIRECTION('ref_axis',(1.,7.6571373978539E-16,1.38777878078144E-16));
#9223=DIRECTION('center_axis',(0.,-1.,0.));
#9224=DIRECTION('ref_axis',(0.,0.,-1.));
#9225=DIRECTION('center_axis',(0.707106781186552,0.707106781186543,-9.42494703825072E-15));
#9226=DIRECTION('ref_axis',(0.707106781186543,-0.707106781186552,2.95994673723357E-13));
#9227=DIRECTION('center_axis',(-1.,2.69144975666705E-16,0.));
#9228=DIRECTION('ref_axis',(0.,0.,-1.));
#9229=DIRECTION('center_axis',(0.707106781186554,-0.707106781186541,-1.70546660692154E-14));
#9230=DIRECTION('ref_axis',(0.707106781186541,0.707106781186554,2.61105603391028E-13));
#9231=DIRECTION('center_axis',(2.11471052309553E-16,1.,0.));
#9232=DIRECTION('ref_axis',(1.11022302462516E-15,-2.34780031315777E-31,
-1.));
#9233=DIRECTION('center_axis',(-2.11471052309553E-16,-1.,0.));
#9234=DIRECTION('ref_axis',(-1.,2.11471052309553E-16,-1.17145536458252E-15));
#9235=DIRECTION('center_axis',(0.,0.,1.));
#9236=DIRECTION('ref_axis',(0.,1.,0.));
#9237=DIRECTION('center_axis',(1.,3.21624529935327E-16,0.));
#9238=DIRECTION('ref_axis',(3.21624529935327E-16,-1.,-1.38777878078144E-16));
#9239=DIRECTION('center_axis',(-1.,3.86164530304402E-16,0.));
#9240=DIRECTION('ref_axis',(1.71491501135003E-30,4.44089209850063E-15,-1.));
#9241=DIRECTION('center_axis',(1.,-3.86164530304402E-16,0.));
#9242=DIRECTION('ref_axis',(-3.86164530304402E-16,-1.,-4.50212443845799E-15));
#9243=DIRECTION('center_axis',(0.,0.,1.));
#9244=DIRECTION('ref_axis',(-1.,0.,0.));
#9245=DIRECTION('center_axis',(-9.20340872693658E-15,1.,0.));
#9246=DIRECTION('ref_axis',(1.,9.20340872693658E-15,0.));
#9247=DIRECTION('center_axis',(1.59660644493713E-14,-1.,-2.64338815386942E-17));
#9248=DIRECTION('ref_axis',(-1.11022302462516E-15,2.64338815386765E-17,
-1.));
#9249=DIRECTION('center_axis',(0.70710678118654,0.707106781186555,1.92345857923482E-15));
#9250=DIRECTION('ref_axis',(0.707106781186555,-0.70710678118654,-1.36739132170569E-13));
#9251=DIRECTION('center_axis',(-1.,0.,0.));
#9252=DIRECTION('ref_axis',(0.,4.44089209850063E-15,-1.));
#9253=DIRECTION('center_axis',(0.707106781186505,-0.70710678118659,-8.53374456320463E-14));
#9254=DIRECTION('ref_axis',(0.70710678118659,0.707106781186505,3.19363627738035E-13));
#9255=DIRECTION('center_axis',(-4.22942104619106E-16,1.,0.));
#9256=DIRECTION('ref_axis',(-4.44089209850062E-15,-1.87824025052621E-30,
-1.));
#9257=DIRECTION('center_axis',(4.22942104619106E-16,-1.,9.39120125263162E-32));
#9258=DIRECTION('ref_axis',(-1.,-4.22942104619106E-16,4.37965975854326E-15));
#9259=DIRECTION('center_axis',(0.,0.,1.));
#9260=DIRECTION('ref_axis',(0.,1.,0.));
#9261=DIRECTION('center_axis',(1.,-1.22464679914735E-16,0.));
#9262=DIRECTION('ref_axis',(-1.22464679914735E-16,-1.,0.));
#9263=DIRECTION('center_axis',(-1.,-1.08314441426844E-15,0.));
#9264=DIRECTION('ref_axis',(-4.81012747085981E-30,4.44089209850063E-15,
-1.));
#9265=DIRECTION('center_axis',(1.,1.08314441426844E-15,0.));
#9266=DIRECTION('ref_axis',(1.08314441426844E-15,-1.,-4.50212443845799E-15));
#9267=DIRECTION('center_axis',(0.,0.,1.));
#9268=DIRECTION('ref_axis',(-1.,0.,0.));
#9269=DIRECTION('center_axis',(-7.6571373978539E-16,1.,0.));
#9270=DIRECTION('ref_axis',(1.,7.6571373978539E-16,1.38777878078145E-16));
#9271=DIRECTION('center_axis',(0.,-1.,0.));
#9272=DIRECTION('ref_axis',(0.,0.,-1.));
#9273=DIRECTION('center_axis',(0.,1.,0.));
#9274=DIRECTION('ref_axis',(1.,0.,-6.12323399573677E-17));
#9275=DIRECTION('center_axis',(0.,0.,1.));
#9276=DIRECTION('ref_axis',(0.,-1.,0.));
#9277=DIRECTION('center_axis',(-1.,-7.6571373978539E-16,0.));
#9278=DIRECTION('ref_axis',(-7.6571373978539E-16,1.,1.38777878078144E-16));
#9279=DIRECTION('center_axis',(1.,-1.29977329712213E-15,0.));
#9280=DIRECTION('ref_axis',(0.,0.,-1.));
#9281=DIRECTION('center_axis',(-1.,1.29977329712213E-15,0.));
#9282=DIRECTION('ref_axis',(1.29977329712213E-15,1.,-6.12323399573677E-17));
#9283=DIRECTION('center_axis',(0.,0.,1.));
#9284=DIRECTION('ref_axis',(1.,0.,0.));
#9285=DIRECTION('center_axis',(7.6571373978539E-16,-1.,0.));
#9286=DIRECTION('ref_axis',(-1.,-7.6571373978539E-16,1.38777878078144E-16));
#9287=DIRECTION('center_axis',(0.,1.,0.));
#9288=DIRECTION('ref_axis',(1.33226762955019E-14,0.,-1.));
#9289=DIRECTION('center_axis',(-0.707106781186555,-0.70710678118654,-1.41694782003631E-14));
#9290=DIRECTION('ref_axis',(0.70710678118654,-0.707106781186555,-2.64096996165763E-13));
#9291=DIRECTION('center_axis',(1.,-2.69144975666705E-16,0.));
#9292=DIRECTION('ref_axis',(0.,0.,-1.));
#9293=DIRECTION('center_axis',(-0.707106781186548,0.707106781186547,-6.28329802550042E-15));
#9294=DIRECTION('ref_axis',(0.707106781186547,0.707106781186548,-1.77049817907875E-13));
#9295=DIRECTION('center_axis',(6.3441315692866E-16,-1.,0.));
#9296=DIRECTION('ref_axis',(0.,0.,-1.));
#9297=DIRECTION('center_axis',(-6.3441315692866E-16,1.,0.));
#9298=DIRECTION('ref_axis',(1.,6.3441315692866E-16,-6.12323399573677E-17));
#9299=DIRECTION('center_axis',(0.,0.,1.));
#9300=DIRECTION('ref_axis',(0.,-1.,0.));
#9301=DIRECTION('center_axis',(-1.,-7.6571373978539E-16,0.));
#9302=DIRECTION('ref_axis',(-7.6571373978539E-16,1.,1.38777878078144E-16));
#9303=DIRECTION('center_axis',(1.,0.,0.));
#9304=DIRECTION('ref_axis',(0.,0.,-1.));
#9305=DIRECTION('center_axis',(-1.,0.,0.));
#9306=DIRECTION('ref_axis',(0.,1.,-6.12323399573677E-17));
#9307=DIRECTION('center_axis',(0.,0.,1.));
#9308=DIRECTION('ref_axis',(1.,0.,0.));
#9309=DIRECTION('center_axis',(7.6571373978539E-16,-1.,0.));
#9310=DIRECTION('ref_axis',(-1.,-7.6571373978539E-16,1.38777878078144E-16));
#9311=DIRECTION('center_axis',(0.,1.,0.));
#9312=DIRECTION('ref_axis',(1.11022302462516E-15,0.,-1.));
#9313=DIRECTION('center_axis',(0.,0.,1.));
#9314=DIRECTION('ref_axis',(0.,-1.,0.));
#9315=DIRECTION('center_axis',(1.,3.21624529935327E-16,0.));
#9316=DIRECTION('ref_axis',(-3.21624529935327E-16,1.,1.11022302462516E-15));
#9317=DIRECTION('center_axis',(6.3441315692866E-16,-1.,0.));
#9318=DIRECTION('ref_axis',(1.,6.3441315692866E-16,6.12323399573677E-17));
#9319=DIRECTION('center_axis',(-1.,0.,0.));
#9320=DIRECTION('ref_axis',(0.,0.,1.));
#9321=DIRECTION('center_axis',(1.,0.,0.));
#9322=DIRECTION('ref_axis',(0.,1.,6.12323399573677E-17));
#9323=DIRECTION('center_axis',(0.,0.,1.));
#9324=DIRECTION('ref_axis',(1.,0.,0.));
#9325=DIRECTION('center_axis',(-3.21624529935327E-16,1.,0.));
#9326=DIRECTION('ref_axis',(-1.,-3.21624529935327E-16,1.11022302462516E-15));
#9327=DIRECTION('center_axis',(0.,-1.,0.));
#9328=DIRECTION('ref_axis',(1.11022302462516E-15,0.,1.));
#9329=DIRECTION('center_axis',(0.707106781186551,0.707106781186544,1.55158992058276E-14));
#9330=DIRECTION('ref_axis',(0.707106781186544,-0.707106781186551,-4.52456954127638E-13));
#9331=DIRECTION('center_axis',(-1.,8.07434927000114E-16,0.));
#9332=DIRECTION('ref_axis',(7.23811190250422E-46,8.96432846842059E-31,1.));
#9333=DIRECTION('center_axis',(0.707106781186552,-0.707106781186543,9.42494703825075E-15));
#9334=DIRECTION('ref_axis',(0.707106781186543,0.707106781186552,-1.22808385340682E-13));
#9335=DIRECTION('center_axis',(0.,1.,0.));
#9336=DIRECTION('ref_axis',(-4.44089209850062E-15,0.,1.));
#9337=DIRECTION('center_axis',(0.,-1.,0.));
#9338=DIRECTION('ref_axis',(1.,0.,4.50212443845799E-15));
#9339=DIRECTION('center_axis',(0.,0.,1.));
#9340=DIRECTION('ref_axis',(0.,-1.,0.));
#9341=DIRECTION('center_axis',(1.,3.21624529935327E-16,0.));
#9342=DIRECTION('ref_axis',(-3.21624529935327E-16,1.,1.11022302462516E-15));
#9343=DIRECTION('center_axis',(-1.,2.16628882853689E-16,0.));
#9344=DIRECTION('ref_axis',(-9.62025494171964E-31,-4.44089209850062E-15,
1.));
#9345=DIRECTION('center_axis',(1.,-2.16628882853689E-16,2.40506373542979E-32));
#9346=DIRECTION('ref_axis',(2.16628882853689E-16,1.,4.50212443845799E-15));
#9347=DIRECTION('center_axis',(0.,0.,1.));
#9348=DIRECTION('ref_axis',(1.,0.,0.));
#9349=DIRECTION('center_axis',(-3.21624529935327E-16,1.,0.));
#9350=DIRECTION('ref_axis',(-1.,-3.21624529935327E-16,1.11022302462516E-15));
#9351=DIRECTION('center_axis',(0.,-1.,0.));
#9352=DIRECTION('ref_axis',(0.,0.,1.));
#9353=DIRECTION('center_axis',(0.,1.,0.));
#9354=DIRECTION('ref_axis',(-1.,0.,6.12323399573677E-17));
#9355=DIRECTION('center_axis',(0.,0.,1.));
#9356=DIRECTION('ref_axis',(0.,1.,0.));
#9357=DIRECTION('center_axis',(-1.,1.22464679914735E-16,0.));
#9358=DIRECTION('ref_axis',(-1.22464679914735E-16,-1.,0.));
#9359=DIRECTION('center_axis',(1.,-4.33257765707379E-16,5.41572207134224E-17));
#9360=DIRECTION('ref_axis',(-5.41572207134205E-17,4.44089209850062E-15,
1.));
#9361=DIRECTION('center_axis',(-1.,4.33257765707379E-16,-5.41572207134224E-17));
#9362=DIRECTION('ref_axis',(-4.33257765707379E-16,-1.,4.50212443845799E-15));
#9363=DIRECTION('center_axis',(0.,0.,1.));
#9364=DIRECTION('ref_axis',(-1.,0.,0.));
#9365=DIRECTION('center_axis',(3.21624529935327E-16,-1.,0.));
#9366=DIRECTION('ref_axis',(1.,3.21624529935327E-16,1.11022302462516E-15));
#9367=DIRECTION('center_axis',(0.,1.,0.));
#9368=DIRECTION('ref_axis',(0.,0.,1.));
#9369=DIRECTION('center_axis',(-0.707106781186552,-0.707106781186543,-9.42494703825075E-15));
#9370=DIRECTION('ref_axis',(0.707106781186543,-0.707106781186552,-1.22808385340682E-13));
#9371=DIRECTION('center_axis',(1.,-2.69144975666705E-16,0.));
#9372=DIRECTION('ref_axis',(0.,0.,1.));
#9373=DIRECTION('center_axis',(-0.707106781186554,0.707106781186541,-1.70546660692154E-14));
#9374=DIRECTION('ref_axis',(0.707106781186541,0.707106781186554,-4.16316468628296E-13));
#9375=DIRECTION('center_axis',(-2.11471052309553E-16,-1.,1.05735526154776E-16));
#9376=DIRECTION('ref_axis',(1.11022302462515E-15,1.05735526154776E-16,1.));
#9377=DIRECTION('center_axis',(2.11471052309553E-16,1.,-1.05735526154776E-16));
#9378=DIRECTION('ref_axis',(-1.,2.11471052309553E-16,1.17145536458252E-15));
#9379=DIRECTION('center_axis',(0.,0.,1.));
#9380=DIRECTION('ref_axis',(0.,1.,0.));
#9381=DIRECTION('center_axis',(-1.,1.22464679914735E-16,0.));
#9382=DIRECTION('ref_axis',(-1.22464679914735E-16,-1.,0.));
#9383=DIRECTION('center_axis',(1.,-3.86164530304402E-16,0.));
#9384=DIRECTION('ref_axis',(1.71491501135003E-30,4.44089209850063E-15,1.));
#9385=DIRECTION('center_axis',(-1.,3.86164530304402E-16,0.));
#9386=DIRECTION('ref_axis',(-3.86164530304402E-16,-1.,4.50212443845799E-15));
#9387=DIRECTION('center_axis',(0.,0.,1.));
#9388=DIRECTION('ref_axis',(-1.,0.,0.));
#9389=DIRECTION('center_axis',(9.64749793678664E-15,-1.,0.));
#9390=DIRECTION('ref_axis',(1.,9.64749793678664E-15,0.));
#9391=DIRECTION('center_axis',(-1.59660644493713E-14,1.,0.));
#9392=DIRECTION('ref_axis',(1.11022302462516E-15,1.77258923643412E-29,1.));
#9393=DIRECTION('center_axis',(-0.707106781186537,-0.707106781186558,9.04025532240364E-15));
#9394=DIRECTION('ref_axis',(0.707106781186558,-0.707106781186537,3.33980596798983E-13));
#9395=DIRECTION('center_axis',(1.,0.,0.));
#9396=DIRECTION('ref_axis',(0.,4.44089209850063E-15,1.));
#9397=DIRECTION('center_axis',(-0.707106781186505,0.70710678118659,-8.53374456320465E-14));
#9398=DIRECTION('ref_axis',(0.70710678118659,0.707106781186505,-3.67413316530835E-13));
#9399=DIRECTION('center_axis',(4.22942104619106E-16,-1.,1.05735526154777E-16));
#9400=DIRECTION('ref_axis',(-4.44089209850062E-15,1.05735526154775E-16,
1.));
#9401=DIRECTION('center_axis',(-4.22942104619106E-16,1.,-1.05735526154777E-16));
#9402=DIRECTION('ref_axis',(-1.,-4.22942104619106E-16,-4.37965975854326E-15));
#9403=DIRECTION('center_axis',(0.,0.,1.));
#9404=DIRECTION('ref_axis',(0.,1.,0.));
#9405=DIRECTION('center_axis',(-1.,1.22464679914735E-16,0.));
#9406=DIRECTION('ref_axis',(-1.22464679914735E-16,-1.,0.));
#9407=DIRECTION('center_axis',(1.,1.08314441426844E-15,0.));
#9408=DIRECTION('ref_axis',(-4.8101274708598E-30,4.44089209850062E-15,1.));
#9409=DIRECTION('center_axis',(-1.,-1.08314441426844E-15,0.));
#9410=DIRECTION('ref_axis',(1.08314441426844E-15,-1.,4.50212443845799E-15));
#9411=DIRECTION('center_axis',(0.,0.,1.));
#9412=DIRECTION('ref_axis',(-1.,0.,0.));
#9413=DIRECTION('center_axis',(3.21624529935327E-16,-1.,0.));
#9414=DIRECTION('ref_axis',(1.,3.21624529935327E-16,1.11022302462516E-15));
#9415=DIRECTION('center_axis',(0.,1.,0.));
#9416=DIRECTION('ref_axis',(0.,0.,1.));
#9417=DIRECTION('center_axis',(0.,-1.,0.));
#9418=DIRECTION('ref_axis',(1.,0.,6.12323399573677E-17));
#9419=DIRECTION('center_axis',(0.,0.,1.));
#9420=DIRECTION('ref_axis',(0.,-1.,0.));
#9421=DIRECTION('center_axis',(1.,3.21624529935327E-16,0.));
#9422=DIRECTION('ref_axis',(-3.21624529935327E-16,1.,1.11022302462516E-15));
#9423=DIRECTION('center_axis',(-1.,1.29977329712213E-15,5.41572207134222E-17));
#9424=DIRECTION('ref_axis',(5.41572207134222E-17,-7.0392109329656E-32,1.));
#9425=DIRECTION('center_axis',(1.,-1.29977329712213E-15,-5.41572207134222E-17));
#9426=DIRECTION('ref_axis',(1.29977329712213E-15,1.,6.12323399573677E-17));
#9427=DIRECTION('center_axis',(0.,0.,1.));
#9428=DIRECTION('ref_axis',(1.,0.,0.));
#9429=DIRECTION('center_axis',(-3.21624529935327E-16,1.,0.));
#9430=DIRECTION('ref_axis',(-1.,-3.21624529935327E-16,1.11022302462516E-15));
#9431=DIRECTION('center_axis',(0.,-1.,0.));
#9432=DIRECTION('ref_axis',(4.44089209850062E-15,0.,1.));
#9433=DIRECTION('center_axis',(0.707106781186538,0.707106781186557,1.89781246484501E-14));
#9434=DIRECTION('ref_axis',(0.707106781186557,-0.707106781186538,-7.60155250140089E-14));
#9435=DIRECTION('center_axis',(-1.,2.69144975666705E-16,0.));
#9436=DIRECTION('ref_axis',(0.,0.,1.));
#9437=DIRECTION('center_axis',(0.707106781186548,-0.707106781186547,-6.41152859744943E-15));
#9438=DIRECTION('ref_axis',(0.707106781186547,0.707106781186548,2.3456113005972E-13));
#9439=DIRECTION('center_axis',(-6.3441315692866E-16,1.,0.));
#9440=DIRECTION('ref_axis',(0.,0.,1.));
#9441=DIRECTION('center_axis',(-4.03717463500057E-16,-1.,-2.52323414687536E-17));
#9442=DIRECTION('ref_axis',(-1.,4.03717463500057E-16,-1.38777878078144E-16));
#9443=DIRECTION('center_axis',(2.33486982377253E-16,1.,0.));
#9444=DIRECTION('ref_axis',(0.,0.,-1.));
#9445=DIRECTION('center_axis',(4.03717463500057E-16,1.,2.52323414687536E-17));
#9446=DIRECTION('ref_axis',(7.75455381207768E-17,2.52323414687536E-17,-1.));
#9447=DIRECTION('center_axis',(0.,0.,1.));
#9448=DIRECTION('ref_axis',(0.,-1.,0.));
#9449=DIRECTION('center_axis',(-1.,1.22464679914735E-16,0.));
#9450=DIRECTION('ref_axis',(1.35963107344689E-31,1.11022302462516E-15,-1.));
#9451=DIRECTION('center_axis',(1.,-2.77555756156289E-16,0.));
#9452=DIRECTION('ref_axis',(-2.77555756156289E-16,-1.,0.));
#9453=DIRECTION('center_axis',(-1.,2.77555756156289E-16,0.));
#9454=DIRECTION('ref_axis',(-1.69953884180861E-32,-6.12323399573677E-17,
-1.));
#9455=DIRECTION('center_axis',(0.,0.,1.));
#9456=DIRECTION('ref_axis',(1.,-5.55111512312578E-16,0.));
#9457=DIRECTION('center_axis',(2.1060222747281E-16,-1.,0.));
#9458=DIRECTION('ref_axis',(-8.88178419700125E-15,-1.87052353582127E-30,
-1.));
#9459=DIRECTION('center_axis',(0.,1.,0.));
#9460=DIRECTION('ref_axis',(1.,0.,-1.38777878078145E-16));
#9461=DIRECTION('center_axis',(0.,-1.,0.));
#9462=DIRECTION('ref_axis',(-7.75455381207774E-17,0.,-1.));
#9463=DIRECTION('center_axis',(0.,0.,1.));
#9464=DIRECTION('ref_axis',(0.,1.,0.));
#9465=DIRECTION('center_axis',(1.,-1.22464679914735E-16,0.));
#9466=DIRECTION('ref_axis',(4.07889322034066E-31,3.33066907387547E-15,-1.));
#9467=DIRECTION('center_axis',(-1.,2.57730345002268E-16,0.));
#9468=DIRECTION('ref_axis',(2.57730345002268E-16,1.,0.));
#9469=DIRECTION('center_axis',(1.,-2.57730345002268E-16,0.));
#9470=DIRECTION('ref_axis',(1.57814321025085E-32,6.12323399573677E-17,-1.));
#9471=DIRECTION('center_axis',(0.,0.,1.));
#9472=DIRECTION('ref_axis',(-1.,5.55111512312578E-16,0.));
#9473=DIRECTION('center_axis',(0.,-1.,0.));
#9474=DIRECTION('ref_axis',(-1.,0.,1.38777878078144E-16));
#9475=DIRECTION('center_axis',(1.22464679914735E-16,1.,0.));
#9476=DIRECTION('ref_axis',(0.,0.,-1.));
#9477=DIRECTION('center_axis',(0.,1.,0.));
#9478=DIRECTION('ref_axis',(-2.00010218035512E-16,0.,-1.));
#9479=DIRECTION('center_axis',(0.,0.,1.));
#9480=DIRECTION('ref_axis',(0.,-1.,0.));
#9481=DIRECTION('center_axis',(-1.,-7.6571373978539E-16,0.));
#9482=DIRECTION('ref_axis',(-8.50113024181578E-31,1.11022302462516E-15,
-1.));
#9483=DIRECTION('center_axis',(1.,-2.9738116731031E-16,0.));
#9484=DIRECTION('ref_axis',(-2.9738116731031E-16,-1.,0.));
#9485=DIRECTION('center_axis',(-1.,2.9738116731031E-16,0.));
#9486=DIRECTION('ref_axis',(-1.82093447336637E-32,-6.12323399573677E-17,
-1.));
#9487=DIRECTION('center_axis',(0.,0.,1.));
#9488=DIRECTION('ref_axis',(1.,-2.77555756156289E-16,0.));
#9489=DIRECTION('center_axis',(-4.00020436071024E-16,-1.,0.));
#9490=DIRECTION('ref_axis',(0.,0.,-1.));
#9491=DIRECTION('center_axis',(0.,1.,0.));
#9492=DIRECTION('ref_axis',(1.,0.,1.38777878078144E-16));
#9493=DIRECTION('center_axis',(0.,-1.,0.));
#9494=DIRECTION('ref_axis',(2.00010218035512E-16,0.,-1.));
#9495=DIRECTION('center_axis',(0.,0.,1.));
#9496=DIRECTION('ref_axis',(0.,1.,0.));
#9497=DIRECTION('center_axis',(1.,-1.22464679914735E-16,0.));
#9498=DIRECTION('ref_axis',(-1.35963107344689E-31,-1.11022302462516E-15,
-1.));
#9499=DIRECTION('center_axis',(-1.,2.9738116731031E-16,0.));
#9500=DIRECTION('ref_axis',(2.9738116731031E-16,1.,0.));
#9501=DIRECTION('center_axis',(1.,-2.9738116731031E-16,0.));
#9502=DIRECTION('ref_axis',(1.82093447336637E-32,6.12323399573677E-17,-1.));
#9503=DIRECTION('center_axis',(0.,0.,1.));
#9504=DIRECTION('ref_axis',(-1.,0.,0.));
#9505=DIRECTION('center_axis',(0.,-1.,0.));
#9506=DIRECTION('ref_axis',(-1.,0.,1.38777878078145E-16));
#9507=DIRECTION('center_axis',(-4.88157983629101E-16,1.,0.));
#9508=DIRECTION('ref_axis',(0.,0.,-1.));
#9509=DIRECTION('center_axis',(0.,1.,0.));
#9510=DIRECTION('ref_axis',(-2.00010218035513E-16,0.,-1.));
#9511=DIRECTION('center_axis',(0.,0.,1.));
#9512=DIRECTION('ref_axis',(0.,-1.,0.));
#9513=DIRECTION('center_axis',(-1.,-7.6571373978539E-16,0.));
#9514=DIRECTION('ref_axis',(2.55033907254473E-30,-3.33066907387547E-15,
-1.));
#9515=DIRECTION('center_axis',(1.,-2.9738116731031E-16,0.));
#9516=DIRECTION('ref_axis',(-2.9738116731031E-16,-1.,0.));
#9517=DIRECTION('center_axis',(-1.,2.9738116731031E-16,0.));
#9518=DIRECTION('ref_axis',(-1.82093447336637E-32,-6.12323399573677E-17,
-1.));
#9519=DIRECTION('center_axis',(0.,0.,1.));
#9520=DIRECTION('ref_axis',(1.,-5.55111512312578E-16,0.));
#9521=DIRECTION('center_axis',(2.10602227472812E-16,-1.,0.));
#9522=DIRECTION('ref_axis',(0.,0.,-1.));
#9523=DIRECTION('center_axis',(0.,1.,0.));
#9524=DIRECTION('ref_axis',(1.,0.,-1.38777878078144E-16));
#9525=DIRECTION('center_axis',(0.,-1.,0.));
#9526=DIRECTION('ref_axis',(-7.75455381207768E-17,0.,-1.));
#9527=DIRECTION('center_axis',(0.,0.,1.));
#9528=DIRECTION('ref_axis',(0.,1.,0.));
#9529=DIRECTION('center_axis',(1.,-1.22464679914735E-16,0.));
#9530=DIRECTION('ref_axis',(-1.35963107344689E-31,-1.11022302462516E-15,
-1.));
#9531=DIRECTION('center_axis',(-1.,2.37904933848248E-16,0.));
#9532=DIRECTION('ref_axis',(2.37904933848248E-16,1.,1.38777878078145E-16));
#9533=DIRECTION('center_axis',(1.,-2.37904933848248E-16,0.));
#9534=DIRECTION('ref_axis',(4.75834176907121E-32,2.00010218035512E-16,-1.));
#9535=DIRECTION('center_axis',(0.,0.,1.));
#9536=DIRECTION('ref_axis',(-1.,2.77555756156289E-16,0.));
#9537=DIRECTION('center_axis',(-1.,2.77555756156289E-16,0.));
#9538=DIRECTION('ref_axis',(-2.77555756156289E-16,-1.,0.));
#9539=DIRECTION('center_axis',(1.,-6.16343852269948E-16,0.));
#9540=DIRECTION('ref_axis',(2.73711654350505E-30,4.44089209850063E-15,1.));
#9541=DIRECTION('center_axis',(1.,-2.77555756156289E-16,0.));
#9542=DIRECTION('ref_axis',(-1.69953884180861E-32,-6.12323399573677E-17,
1.));
#9543=DIRECTION('center_axis',(0.,0.,1.));
#9544=DIRECTION('ref_axis',(0.,-1.,0.));
#9545=DIRECTION('center_axis',(-5.0532154980743E-16,-1.,0.));
#9546=DIRECTION('ref_axis',(0.,0.,1.));
#9547=DIRECTION('center_axis',(4.03717463500057E-16,1.,1.00929365875014E-16));
#9548=DIRECTION('ref_axis',(-1.,4.03717463500057E-16,-1.11022302462515E-15));
#9549=DIRECTION('center_axis',(-4.03717463500057E-16,-1.,-1.00929365875014E-16));
#9550=DIRECTION('ref_axis',(-1.17145536458252E-15,-1.00929365875014E-16,
1.));
#9551=DIRECTION('center_axis',(0.,0.,1.));
#9552=DIRECTION('ref_axis',(-1.,5.55111512312578E-16,0.));
#9553=DIRECTION('center_axis',(-1.,3.94299247344917E-16,0.));
#9554=DIRECTION('ref_axis',(0.,0.,1.));
#9555=DIRECTION('center_axis',(1.,-2.57730345002268E-16,0.));
#9556=DIRECTION('ref_axis',(2.57730345002268E-16,1.,0.));
#9557=DIRECTION('center_axis',(-1.,2.57730345002268E-16,0.));
#9558=DIRECTION('ref_axis',(1.57814321025085E-32,6.12323399573677E-17,1.));
#9559=DIRECTION('center_axis',(0.,0.,1.));
#9560=DIRECTION('ref_axis',(0.,1.,0.));
#9561=DIRECTION('center_axis',(6.12323399573677E-17,1.,0.));
#9562=DIRECTION('ref_axis',(0.,0.,1.));
#9563=DIRECTION('center_axis',(0.,-1.,0.));
#9564=DIRECTION('ref_axis',(1.,0.,1.11022302462516E-15));
#9565=DIRECTION('center_axis',(0.,1.,0.));
#9566=DIRECTION('ref_axis',(-1.04899068466779E-15,0.,1.));
#9567=DIRECTION('center_axis',(0.,0.,1.));
#9568=DIRECTION('ref_axis',(1.,-5.55111512312578E-16,0.));
#9569=DIRECTION('center_axis',(-1.,2.9738116731031E-16,0.));
#9570=DIRECTION('ref_axis',(-2.9738116731031E-16,-1.,0.));
#9571=DIRECTION('center_axis',(1.,-3.38788096113657E-16,0.));
#9572=DIRECTION('ref_axis',(0.,0.,1.));
#9573=DIRECTION('center_axis',(1.,-2.9738116731031E-16,0.));
#9574=DIRECTION('ref_axis',(-1.82093447336637E-32,-6.12323399573677E-17,
1.));
#9575=DIRECTION('center_axis',(0.,0.,1.));
#9576=DIRECTION('ref_axis',(0.,-1.,0.));
#9577=DIRECTION('center_axis',(-6.12323399573677E-17,-1.,0.));
#9578=DIRECTION('ref_axis',(0.,0.,1.));
#9579=DIRECTION('center_axis',(0.,1.,0.));
#9580=DIRECTION('ref_axis',(-1.,0.,1.11022302462516E-15));
#9581=DIRECTION('center_axis',(0.,-1.,0.));
#9582=DIRECTION('ref_axis',(1.04899068466779E-15,0.,1.));
#9583=DIRECTION('center_axis',(0.,0.,1.));
#9584=DIRECTION('ref_axis',(-1.,0.,0.));
#9585=DIRECTION('center_axis',(-1.,6.12323399573677E-17,0.));
#9586=DIRECTION('ref_axis',(0.,0.,1.));
#9587=DIRECTION('center_axis',(1.,-2.9738116731031E-16,0.));
#9588=DIRECTION('ref_axis',(2.9738116731031E-16,1.,0.));
#9589=DIRECTION('center_axis',(-1.,2.9738116731031E-16,0.));
#9590=DIRECTION('ref_axis',(1.82093447336637E-32,6.12323399573677E-17,1.));
#9591=DIRECTION('center_axis',(0.,0.,1.));
#9592=DIRECTION('ref_axis',(0.,1.,0.));
#9593=DIRECTION('center_axis',(6.12323399573677E-17,1.,0.));
#9594=DIRECTION('ref_axis',(0.,0.,1.));
#9595=DIRECTION('center_axis',(0.,-1.,0.));
#9596=DIRECTION('ref_axis',(1.,0.,1.11022302462516E-15));
#9597=DIRECTION('center_axis',(0.,1.,0.));
#9598=DIRECTION('ref_axis',(-1.04899068466779E-15,0.,1.));
#9599=DIRECTION('center_axis',(0.,0.,1.));
#9600=DIRECTION('ref_axis',(1.,-2.77555756156289E-16,0.));
#9601=DIRECTION('center_axis',(-1.,2.9738116731031E-16,0.));
#9602=DIRECTION('ref_axis',(-2.9738116731031E-16,-1.,0.));
#9603=DIRECTION('center_axis',(1.,-6.16343852269945E-16,0.));
#9604=DIRECTION('ref_axis',(0.,0.,1.));
#9605=DIRECTION('center_axis',(1.,-2.9738116731031E-16,0.));
#9606=DIRECTION('ref_axis',(-1.82093447336637E-32,-6.12323399573677E-17,
1.));
#9607=DIRECTION('center_axis',(0.,0.,1.));
#9608=DIRECTION('ref_axis',(0.,-1.,0.));
#9609=DIRECTION('center_axis',(-6.12323399573677E-17,-1.,0.));
#9610=DIRECTION('ref_axis',(0.,0.,1.));
#9611=DIRECTION('center_axis',(0.,1.,0.));
#9612=DIRECTION('ref_axis',(-1.,0.,1.11022302462516E-15));
#9613=DIRECTION('center_axis',(0.,-1.,0.));
#9614=DIRECTION('ref_axis',(1.04899068466779E-15,0.,1.));
#9615=DIRECTION('center_axis',(0.,0.,1.));
#9616=DIRECTION('ref_axis',(-1.,2.77555756156289E-16,0.));
#9617=DIRECTION('center_axis',(-1.,3.38788096113657E-16,0.));
#9618=DIRECTION('ref_axis',(0.,0.,1.));
#9619=DIRECTION('center_axis',(1.,-2.37904933848248E-16,0.));
#9620=DIRECTION('ref_axis',(2.37904933848248E-16,1.,1.11022302462516E-15));
#9621=DIRECTION('center_axis',(-1.,2.37904933848248E-16,0.));
#9622=DIRECTION('ref_axis',(-2.49560059443319E-31,-1.04899068466779E-15,
1.));
#9623=DIRECTION('center_axis',(0.,0.,1.));
#9624=DIRECTION('ref_axis',(0.,1.,0.));
#9625=DIRECTION('center_axis',(6.12323399573677E-17,1.,0.));
#9626=DIRECTION('ref_axis',(0.,0.,1.));
#9627=DIRECTION('center_axis',(0.,-1.,0.));
#9628=DIRECTION('ref_axis',(1.,0.,0.));
#9629=DIRECTION('center_axis',(0.,1.,0.));
#9630=DIRECTION('ref_axis',(6.12323399573677E-17,0.,1.));
#9631=DIRECTION('center_axis',(0.,0.,1.));
#9632=DIRECTION('ref_axis',(1.,-5.55111512312578E-16,0.));
#9633=DIRECTION('axis',(0.,0.,1.));
#9634=DIRECTION('refdir',(1.,0.,0.));
#9635=DIRECTION('center_axis',(0.,1.40980701539702E-16,-1.));
#9636=DIRECTION('ref_axis',(0.,-1.,-1.40980701539702E-16));
#9637=DIRECTION('',(1.40980701539702E-16,-1.,-1.40980701539702E-16));
#9638=DIRECTION('',(-1.,0.,0.));
#9639=DIRECTION('',(0.,-1.,-2.11471052309554E-16));
#9640=DIRECTION('',(-1.,-2.96059473233375E-16,0.));
#9641=DIRECTION('center_axis',(0.,1.40980701539702E-16,-1.));
#9642=DIRECTION('ref_axis',(0.,-1.,-1.40980701539702E-16));
#9643=DIRECTION('',(-1.76225876924628E-16,1.,1.40980701539702E-16));
#9644=DIRECTION('',(-1.,0.,2.96059473233375E-16));
#9645=DIRECTION('',(0.,-1.,-7.04903507698512E-17));
#9646=DIRECTION('',(-1.,0.,0.));
#9647=DIRECTION('center_axis',(-1.,0.,6.12323399573676E-17));
#9648=DIRECTION('ref_axis',(0.,1.,0.));
#9649=DIRECTION('center_axis',(-1.,0.,6.12323399573676E-17));
#9650=DIRECTION('ref_axis',(0.,1.,0.));
#9651=DIRECTION('',(-1.,0.,0.));
#9652=DIRECTION('center_axis',(-1.,0.,6.12323399573676E-17));
#9653=DIRECTION('ref_axis',(0.,1.,0.));
#9654=DIRECTION('center_axis',(-1.,0.,6.12323399573676E-17));
#9655=DIRECTION('ref_axis',(0.,1.,0.));
#9656=DIRECTION('center_axis',(-1.,0.,6.12323399573676E-17));
#9657=DIRECTION('ref_axis',(0.,1.,0.));
#9658=DIRECTION('center_axis',(-1.,0.,6.12323399573676E-17));
#9659=DIRECTION('ref_axis',(0.,1.,0.));
#9660=DIRECTION('',(-1.,0.,0.));
#9661=DIRECTION('center_axis',(-1.,0.,6.12323399573676E-17));
#9662=DIRECTION('ref_axis',(-6.12323399573676E-17,0.,-1.));
#9663=DIRECTION('center_axis',(-1.,0.,6.12323399573676E-17));
#9664=DIRECTION('ref_axis',(-6.12323399573676E-17,0.,-1.));
#9665=DIRECTION('center_axis',(-1.,0.,6.12323399573676E-17));
#9666=DIRECTION('ref_axis',(-6.12323399573676E-17,0.,-1.));
#9667=DIRECTION('',(-1.,0.,0.));
#9668=DIRECTION('center_axis',(-1.,0.,6.12323399573676E-17));
#9669=DIRECTION('ref_axis',(-6.12323399573676E-17,0.,-1.));
#9670=DIRECTION('center_axis',(-1.,0.,6.12323399573676E-17));
#9671=DIRECTION('ref_axis',(-6.12323399573676E-17,0.,-1.));
#9672=DIRECTION('',(-1.,0.,2.96059473233375E-16));
#9673=DIRECTION('center_axis',(-1.,0.,6.12323399573676E-17));
#9674=DIRECTION('ref_axis',(-6.12323399573676E-17,0.,-1.));
#9675=DIRECTION('center_axis',(0.,1.,0.));
#9676=DIRECTION('ref_axis',(-6.53072367426563E-17,0.,-1.));
#9677=DIRECTION('',(2.4671622769448E-16,0.,1.));
#9678=DIRECTION('',(1.34572487833352E-16,0.,-1.));
#9679=DIRECTION('',(-1.,0.,4.6259292692715E-17));
#9680=DIRECTION('',(0.,0.,1.));
#9681=DIRECTION('',(1.,0.,-4.06179155350667E-17));
#9682=DIRECTION('',(0.,0.,-1.));
#9683=DIRECTION('',(-1.,0.,4.62592926927149E-17));
#9684=DIRECTION('',(-1.34572487833352E-16,0.,-1.));
#9685=DIRECTION('',(0.,0.,-1.));
#9686=DIRECTION('',(1.,0.,5.22457893941251E-16));
#9687=DIRECTION('center_axis',(0.,-1.,0.));
#9688=DIRECTION('ref_axis',(6.53072367426563E-17,0.,1.));
#9689=DIRECTION('',(0.,0.,-1.));
#9690=DIRECTION('',(-1.,-2.61228946970625E-16,-5.2245789394125E-16));
#9691=DIRECTION('',(-2.46716227694479E-16,0.,1.));
#9692=DIRECTION('',(0.,0.,1.));
#9693=DIRECTION('',(-1.,0.,8.32667268468869E-16));
#9694=DIRECTION('',(0.,0.,1.));
#9695=DIRECTION('',(-1.,0.,-1.35393051783556E-17));
#9696=DIRECTION('',(0.,0.,-1.));
#9697=DIRECTION('',(-1.,0.,9.25185853854299E-17));
#9698=DIRECTION('',(0.,0.,1.));
#9699=DIRECTION('center_axis',(-2.96059473233375E-16,-5.2245789394125E-17,
1.));
#9700=DIRECTION('ref_axis',(-1.,0.,-2.96059473233375E-16));
#9701=DIRECTION('center_axis',(-2.96059473233375E-16,-5.2245789394125E-17,
1.));
#9702=DIRECTION('ref_axis',(1.,-4.44089209850059E-15,2.96059473233375E-16));
#9703=DIRECTION('center_axis',(-2.96059473233375E-16,-5.2245789394125E-17,
1.));
#9704=DIRECTION('ref_axis',(-2.22044604925031E-15,1.,5.22457893941243E-17));
#9705=DIRECTION('',(1.40980701539702E-16,-1.,-7.04903507698512E-17));
#9706=DIRECTION('center_axis',(-2.96059473233375E-16,-5.2245789394125E-17,
1.));
#9707=DIRECTION('ref_axis',(-1.,1.54678608866865E-32,-2.96059473233375E-16));
#9708=DIRECTION('center_axis',(-2.96059473233375E-16,-5.2245789394125E-17,
1.));
#9709=DIRECTION('ref_axis',(2.22044604925032E-15,-1.,-5.22457893941243E-17));
#9710=DIRECTION('',(1.40980701539702E-16,-1.,-7.04903507698512E-17));
#9711=DIRECTION('center_axis',(-1.,-1.30614473485313E-16,-1.11022302462516E-16));
#9712=DIRECTION('ref_axis',(1.11022302462516E-16,0.,-1.));
#9713=DIRECTION('',(0.,0.,1.));
#9714=DIRECTION('',(0.,0.,-1.));
#9715=DIRECTION('',(-1.58603289232165E-16,1.,1.40980701539702E-16));
#9716=DIRECTION('center_axis',(1.,1.30614473485313E-16,1.11022302462516E-16));
#9717=DIRECTION('ref_axis',(-1.11022302462516E-16,0.,1.));
#9718=DIRECTION('',(0.,9.86864910777917E-16,1.));
#9719=DIRECTION('',(0.,4.93432455388959E-16,-1.));
#9720=DIRECTION('',(1.40980701539702E-16,-1.,-1.40980701539702E-16));
#9721=DIRECTION('center_axis',(-1.,0.,6.12323399573677E-17));
#9722=DIRECTION('ref_axis',(-3.74939945665465E-33,-1.,-6.12323399573677E-17));
#9723=DIRECTION('',(0.,1.34572487833352E-16,1.));
#9724=DIRECTION('',(0.,-1.,-2.11471052309554E-16));
#9725=DIRECTION('',(0.,0.,-1.));
#9726=DIRECTION('',(0.,1.,2.20282346155785E-18));
#9727=DIRECTION('center_axis',(-1.,0.,6.12323399573677E-17));
#9728=DIRECTION('ref_axis',(-3.74939945665465E-33,-1.,-6.12323399573677E-17));
#9729=DIRECTION('',(0.,1.34572487833352E-16,1.));
#9730=DIRECTION('',(0.,1.,0.));
#9731=DIRECTION('',(0.,0.,-1.));
#9732=DIRECTION('',(0.,-1.,-1.40980701539702E-16));
#9733=DIRECTION('center_axis',(6.12323399573676E-17,0.,1.));
#9734=DIRECTION('ref_axis',(0.,1.,0.));
#9735=DIRECTION('',(0.,1.,0.));
#9736=DIRECTION('',(-1.,0.,5.37458163250413E-17));
#9737=DIRECTION('',(0.,-1.,-3.91300052192962E-33));
#9738=DIRECTION('',(-1.,0.,5.37458163250413E-17));
#9739=DIRECTION('center_axis',(-1.,-6.83214169000096E-17,0.));
#9740=DIRECTION('ref_axis',(6.83214169000096E-17,-1.,0.));
#9741=DIRECTION('',(3.52451753849256E-17,-1.,0.));
#9742=DIRECTION('',(0.,0.,-1.));
#9743=DIRECTION('',(7.04903507698512E-17,-1.,0.));
#9744=DIRECTION('',(1.48029736616688E-15,0.,1.));
#9745=DIRECTION('center_axis',(6.12323399573676E-17,0.,1.));
#9746=DIRECTION('ref_axis',(6.12323399573677E-17,-1.,-3.74939945665464E-33));
#9747=DIRECTION('',(-1.,0.,3.55840713020883E-17));
#9748=DIRECTION('',(-7.04903507698512E-17,1.,0.));
#9749=DIRECTION('',(1.,0.,-5.69345140833414E-17));
#9750=DIRECTION('',(-1.,0.,9.91270557701033E-18));
#9751=DIRECTION('center_axis',(-6.12323399573676E-17,0.,-1.));
#9752=DIRECTION('ref_axis',(0.,1.,0.));
#9753=DIRECTION('',(0.,1.,0.));
#9754=DIRECTION('center_axis',(-6.12323399573676E-17,0.,-1.));
#9755=DIRECTION('ref_axis',(1.,0.,-6.12323399573676E-17));
#9756=DIRECTION('',(1.,0.,-5.9476233462062E-17));
#9757=DIRECTION('center_axis',(-6.12323399573676E-17,0.,-1.));
#9758=DIRECTION('ref_axis',(0.,-1.,0.));
#9759=DIRECTION('',(7.93016446160826E-17,-1.,0.));
#9760=DIRECTION('center_axis',(-6.12323399573676E-17,0.,-1.));
#9761=DIRECTION('ref_axis',(-1.,0.,6.12323399573676E-17));
#9762=DIRECTION('center_axis',(1.,6.83214169000096E-17,0.));
#9763=DIRECTION('ref_axis',(-6.83214169000096E-17,1.,0.));
#9764=DIRECTION('',(-7.04903507698512E-17,1.,2.20282346155785E-18));
#9765=DIRECTION('',(0.,0.,-1.));
#9766=DIRECTION('',(0.,0.,1.));
#9767=DIRECTION('center_axis',(6.12323399573676E-17,0.,1.));
#9768=DIRECTION('ref_axis',(0.,1.,0.));
#9769=DIRECTION('',(0.,1.,0.));
#9770=DIRECTION('',(-1.,1.48029736616688E-15,5.37458163250413E-17));
#9771=DIRECTION('',(-1.40980701539702E-16,1.,3.91300052192962E-33));
#9772=DIRECTION('',(-1.,-1.48029736616688E-15,5.37458163250413E-17));
#9773=DIRECTION('center_axis',(0.,-1.,0.));
#9774=DIRECTION('ref_axis',(7.52693576017055E-17,0.,1.));
#9775=DIRECTION('',(1.,0.,-6.93889390390723E-17));
#9776=DIRECTION('',(7.34031751818285E-17,0.,1.));
#9777=DIRECTION('',(-1.,0.,0.));
#9778=DIRECTION('',(7.34031751818285E-17,0.,1.));
#9779=DIRECTION('center_axis',(-1.,0.,6.12323399573677E-17));
#9780=DIRECTION('ref_axis',(-6.12323399573677E-17,0.,-1.));
#9781=DIRECTION('',(0.,-1.,0.));
#9782=DIRECTION('',(7.34031751818285E-17,0.,1.));
#9783=DIRECTION('center_axis',(-1.,0.,6.12323399573677E-17));
#9784=DIRECTION('ref_axis',(6.12323399573677E-17,0.,1.));
#9785=DIRECTION('',(0.,2.96059473233374E-15,-1.));
#9786=DIRECTION('center_axis',(1.,0.,-6.12323399573677E-17));
#9787=DIRECTION('ref_axis',(0.,-1.,0.));
#9788=DIRECTION('',(0.,0.,1.));
#9789=DIRECTION('center_axis',(-1.,0.,6.12323399573677E-17));
#9790=DIRECTION('ref_axis',(0.,-1.,0.));
#9791=DIRECTION('',(0.,0.,-1.));
#9792=DIRECTION('center_axis',(1.,0.,-6.12323399573677E-17));
#9793=DIRECTION('ref_axis',(0.,-1.,0.));
#9794=DIRECTION('',(0.,0.,1.));
#9795=DIRECTION('center_axis',(-1.,0.,6.12323399573677E-17));
#9796=DIRECTION('ref_axis',(0.,-1.,0.));
#9797=DIRECTION('',(0.,0.,-1.));
#9798=DIRECTION('center_axis',(1.,0.,-6.12323399573677E-17));
#9799=DIRECTION('ref_axis',(0.,-1.,0.));
#9800=DIRECTION('',(0.,0.,1.));
#9801=DIRECTION('center_axis',(-1.,0.,6.12323399573677E-17));
#9802=DIRECTION('ref_axis',(0.,-1.,0.));
#9803=DIRECTION('',(0.,0.,-1.));
#9804=DIRECTION('center_axis',(1.,0.,-6.12323399573677E-17));
#9805=DIRECTION('ref_axis',(0.,-1.,0.));
#9806=DIRECTION('',(0.,-2.96059473233374E-15,1.));
#9807=DIRECTION('center_axis',(-1.,0.,6.12323399573677E-17));
#9808=DIRECTION('ref_axis',(0.,-1.,0.));
#9809=DIRECTION('',(-7.34031751818285E-17,0.,-1.));
#9810=DIRECTION('center_axis',(0.,1.,0.));
#9811=DIRECTION('ref_axis',(-7.52693576017055E-17,0.,-1.));
#9812=DIRECTION('',(-1.,0.,9.91270557701033E-18));
#9813=DIRECTION('',(-3.67015875909143E-17,0.,-1.));
#9814=DIRECTION('',(-1.,0.,0.));
#9815=DIRECTION('',(-7.34031751818285E-17,0.,-1.));
#9816=DIRECTION('center_axis',(-1.,0.,6.12323399573677E-17));
#9817=DIRECTION('ref_axis',(-6.12323399573677E-17,0.,-1.));
#9818=DIRECTION('',(0.,1.,0.));
#9819=DIRECTION('',(-7.34031751818285E-17,0.,-1.));
#9820=DIRECTION('center_axis',(-1.,0.,6.12323399573677E-17));
#9821=DIRECTION('ref_axis',(0.,-1.,0.));
#9822=DIRECTION('',(0.,-2.96059473233374E-15,1.));
#9823=DIRECTION('center_axis',(1.,0.,-6.12323399573677E-17));
#9824=DIRECTION('ref_axis',(0.,-1.,0.));
#9825=DIRECTION('',(0.,0.,-1.));
#9826=DIRECTION('center_axis',(-1.,0.,6.12323399573677E-17));
#9827=DIRECTION('ref_axis',(0.,-1.,0.));
#9828=DIRECTION('',(0.,0.,1.));
#9829=DIRECTION('center_axis',(1.,0.,-6.12323399573677E-17));
#9830=DIRECTION('ref_axis',(0.,-1.,0.));
#9831=DIRECTION('',(0.,0.,-1.));
#9832=DIRECTION('center_axis',(-1.,0.,6.12323399573677E-17));
#9833=DIRECTION('ref_axis',(0.,-1.,0.));
#9834=DIRECTION('',(0.,0.,1.));
#9835=DIRECTION('center_axis',(1.,0.,-6.12323399573677E-17));
#9836=DIRECTION('ref_axis',(0.,-1.,0.));
#9837=DIRECTION('',(0.,0.,-1.));
#9838=DIRECTION('center_axis',(-1.,0.,6.12323399573677E-17));
#9839=DIRECTION('ref_axis',(0.,-1.,0.));
#9840=DIRECTION('',(0.,0.,1.));
#9841=DIRECTION('center_axis',(1.,0.,-6.12323399573677E-17));
#9842=DIRECTION('ref_axis',(0.,-1.,0.));
#9843=DIRECTION('',(0.,1.48029736616687E-15,-1.));
#9844=DIRECTION('center_axis',(-1.,0.,6.12323399573677E-17));
#9845=DIRECTION('ref_axis',(6.12323399573677E-17,0.,1.));
#9846=DIRECTION('',(7.34031751818285E-17,0.,1.));
#9847=DIRECTION('center_axis',(-1.,0.,6.12323399573676E-17));
#9848=DIRECTION('ref_axis',(0.,-1.,0.));
#9849=DIRECTION('center_axis',(-1.,0.,6.12323399573676E-17));
#9850=DIRECTION('ref_axis',(0.,-1.,0.));
#9851=DIRECTION('center_axis',(-1.,0.,6.12323399573676E-17));
#9852=DIRECTION('ref_axis',(0.,-1.,0.));
#9853=DIRECTION('',(-1.,0.,3.1720657846433E-16));
#9854=DIRECTION('center_axis',(-1.,0.,6.12323399573676E-17));
#9855=DIRECTION('ref_axis',(6.12323399573676E-17,0.,1.));
#9856=DIRECTION('center_axis',(-1.,0.,6.12323399573676E-17));
#9857=DIRECTION('ref_axis',(6.12323399573676E-17,0.,1.));
#9858=DIRECTION('center_axis',(-1.,0.,6.12323399573676E-17));
#9859=DIRECTION('ref_axis',(6.12323399573676E-17,0.,1.));
#9860=DIRECTION('',(-1.,0.,0.));
#9861=DIRECTION('center_axis',(0.,1.,1.48029736616687E-15));
#9862=DIRECTION('ref_axis',(0.,1.48029736616687E-15,-1.));
#9863=DIRECTION('',(0.,2.96059473233374E-15,-1.));
#9864=DIRECTION('',(0.,2.96059473233374E-15,-1.));
#9865=DIRECTION('',(-1.,0.,0.));
#9866=DIRECTION('center_axis',(1.,0.,-6.12323399573676E-17));
#9867=DIRECTION('ref_axis',(0.,-1.,0.));
#9868=DIRECTION('center_axis',(1.,0.,-6.12323399573676E-17));
#9869=DIRECTION('ref_axis',(0.,-1.,0.));
#9870=DIRECTION('center_axis',(1.,0.,-6.12323399573676E-17));
#9871=DIRECTION('ref_axis',(0.,-1.,0.));
#9872=DIRECTION('',(-1.,0.,0.));
#9873=DIRECTION('center_axis',(0.,-1.,0.));
#9874=DIRECTION('ref_axis',(0.,0.,1.));
#9875=DIRECTION('',(0.,0.,1.));
#9876=DIRECTION('',(0.,0.,1.));
#9877=DIRECTION('',(-1.,0.,0.));
#9878=DIRECTION('center_axis',(-1.,0.,6.12323399573676E-17));
#9879=DIRECTION('ref_axis',(0.,-1.,0.));
#9880=DIRECTION('center_axis',(-1.,0.,6.12323399573676E-17));
#9881=DIRECTION('ref_axis',(0.,-1.,0.));
#9882=DIRECTION('center_axis',(-1.,0.,6.12323399573676E-17));
#9883=DIRECTION('ref_axis',(0.,-1.,0.));
#9884=DIRECTION('',(-1.,0.,0.));
#9885=DIRECTION('center_axis',(0.,1.,0.));
#9886=DIRECTION('ref_axis',(0.,0.,-1.));
#9887=DIRECTION('',(0.,0.,-1.));
#9888=DIRECTION('',(0.,0.,-1.));
#9889=DIRECTION('',(-1.,0.,0.));
#9890=DIRECTION('center_axis',(1.,0.,-6.12323399573676E-17));
#9891=DIRECTION('ref_axis',(0.,-1.,0.));
#9892=DIRECTION('center_axis',(1.,0.,-6.12323399573676E-17));
#9893=DIRECTION('ref_axis',(0.,-1.,0.));
#9894=DIRECTION('center_axis',(1.,0.,-6.12323399573676E-17));
#9895=DIRECTION('ref_axis',(0.,-1.,0.));
#9896=DIRECTION('',(-1.,0.,0.));
#9897=DIRECTION('center_axis',(0.,-1.,0.));
#9898=DIRECTION('ref_axis',(0.,0.,1.));
#9899=DIRECTION('',(0.,0.,1.));
#9900=DIRECTION('',(0.,0.,1.));
#9901=DIRECTION('',(-1.,0.,0.));
#9902=DIRECTION('center_axis',(-1.,0.,6.12323399573676E-17));
#9903=DIRECTION('ref_axis',(0.,-1.,0.));
#9904=DIRECTION('center_axis',(-1.,0.,6.12323399573676E-17));
#9905=DIRECTION('ref_axis',(0.,-1.,0.));
#9906=DIRECTION('center_axis',(-1.,0.,6.12323399573676E-17));
#9907=DIRECTION('ref_axis',(0.,-1.,0.));
#9908=DIRECTION('',(-1.,0.,0.));
#9909=DIRECTION('center_axis',(0.,1.,0.));
#9910=DIRECTION('ref_axis',(0.,0.,-1.));
#9911=DIRECTION('',(0.,0.,-1.));
#9912=DIRECTION('',(0.,0.,-1.));
#9913=DIRECTION('',(-1.,0.,0.));
#9914=DIRECTION('center_axis',(1.,0.,-6.12323399573676E-17));
#9915=DIRECTION('ref_axis',(0.,-1.,0.));
#9916=DIRECTION('center_axis',(1.,0.,-6.12323399573676E-17));
#9917=DIRECTION('ref_axis',(0.,-1.,0.));
#9918=DIRECTION('center_axis',(1.,0.,-6.12323399573676E-17));
#9919=DIRECTION('ref_axis',(0.,-1.,0.));
#9920=DIRECTION('',(-1.,0.,0.));
#9921=DIRECTION('center_axis',(0.,-1.,0.));
#9922=DIRECTION('ref_axis',(0.,0.,1.));
#9923=DIRECTION('',(0.,0.,1.));
#9924=DIRECTION('',(0.,0.,1.));
#9925=DIRECTION('',(-1.,0.,0.));
#9926=DIRECTION('center_axis',(-1.,0.,6.12323399573676E-17));
#9927=DIRECTION('ref_axis',(0.,-1.,0.));
#9928=DIRECTION('center_axis',(-1.,0.,6.12323399573676E-17));
#9929=DIRECTION('ref_axis',(0.,-1.,0.));
#9930=DIRECTION('center_axis',(-1.,0.,6.12323399573676E-17));
#9931=DIRECTION('ref_axis',(0.,-1.,0.));
#9932=DIRECTION('',(-1.,0.,0.));
#9933=DIRECTION('center_axis',(0.,1.,0.));
#9934=DIRECTION('ref_axis',(0.,0.,-1.));
#9935=DIRECTION('',(0.,0.,-1.));
#9936=DIRECTION('',(0.,0.,-1.));
#9937=DIRECTION('',(-1.,0.,0.));
#9938=DIRECTION('center_axis',(1.,0.,-6.12323399573676E-17));
#9939=DIRECTION('ref_axis',(0.,-1.,0.));
#9940=DIRECTION('center_axis',(1.,0.,-6.12323399573676E-17));
#9941=DIRECTION('ref_axis',(0.,-1.,0.));
#9942=DIRECTION('center_axis',(1.,0.,-6.12323399573676E-17));
#9943=DIRECTION('ref_axis',(0.,-1.,0.));
#9944=DIRECTION('',(-1.,0.,0.));
#9945=DIRECTION('center_axis',(0.,-1.,-1.48029736616687E-15));
#9946=DIRECTION('ref_axis',(0.,-1.48029736616687E-15,1.));
#9947=DIRECTION('',(0.,-1.48029736616687E-15,1.));
#9948=DIRECTION('',(0.,-1.48029736616687E-15,1.));
#9949=DIRECTION('',(-1.,0.,0.));
#9950=DIRECTION('center_axis',(-1.,0.,6.12323399573676E-17));
#9951=DIRECTION('ref_axis',(0.,-1.,0.));
#9952=DIRECTION('center_axis',(-1.,0.,6.12323399573676E-17));
#9953=DIRECTION('ref_axis',(0.,-1.,0.));
#9954=DIRECTION('center_axis',(-1.,0.,6.12323399573676E-17));
#9955=DIRECTION('ref_axis',(0.,-1.,0.));
#9956=DIRECTION('',(-1.,0.,0.));
#9957=DIRECTION('center_axis',(-1.,0.,6.12323399573676E-17));
#9958=DIRECTION('ref_axis',(6.12323399573676E-17,0.,1.));
#9959=DIRECTION('center_axis',(-1.,0.,6.12323399573676E-17));
#9960=DIRECTION('ref_axis',(6.12323399573676E-17,0.,1.));
#9961=DIRECTION('center_axis',(-1.,0.,6.12323399573676E-17));
#9962=DIRECTION('ref_axis',(6.12323399573676E-17,0.,1.));
#9963=DIRECTION('center_axis',(4.22942104619107E-16,0.,1.));
#9964=DIRECTION('ref_axis',(1.,-4.4408920985006E-15,-4.22942104619107E-16));
#9965=DIRECTION('center_axis',(4.22942104619107E-16,1.05097384824361E-45,
1.));
#9966=DIRECTION('ref_axis',(1.,-4.44089209850062E-15,-4.22942104619107E-16));
#9967=DIRECTION('center_axis',(0.70710678118655,4.87276173406156E-15,-0.707106781186545));
#9968=DIRECTION('ref_axis',(0.707106781186545,4.24855646300675E-14,0.70710678118655));
#9969=DIRECTION('center_axis',(-1.,0.,5.90544162034657E-17));
#9970=DIRECTION('ref_axis',(5.90544162034657E-17,0.,1.));
#9971=DIRECTION('center_axis',(0.70710678118655,-3.07753372677571E-15,0.707106781186545));
#9972=DIRECTION('ref_axis',(0.707106781186545,-1.68034667369912E-13,-0.70710678118655));
#9973=DIRECTION('center_axis',(0.,0.,-1.));
#9974=DIRECTION('ref_axis',(-1.,-1.33226762955019E-14,0.));
#9975=DIRECTION('center_axis',(0.,0.,1.));
#9976=DIRECTION('ref_axis',(-1.31618640305342E-14,1.,0.));
#9977=DIRECTION('center_axis',(0.,0.,1.));
#9978=DIRECTION('ref_axis',(-1.,4.44089209850062E-15,0.));
#9979=DIRECTION('center_axis',(0.,0.,1.));
#9980=DIRECTION('ref_axis',(-1.,4.44089209850062E-15,0.));
#9981=DIRECTION('center_axis',(-0.70710678118655,-4.87276173406156E-15,
-0.707106781186545));
#9982=DIRECTION('ref_axis',(0.707106781186545,4.24855646300675E-14,-0.70710678118655));
#9983=DIRECTION('center_axis',(1.,0.,-2.36217664813863E-17));
#9984=DIRECTION('ref_axis',(2.36217664813863E-17,0.,1.));
#9985=DIRECTION('center_axis',(-0.707106781186553,9.48906232422505E-15,
0.707106781186542));
#9986=DIRECTION('ref_axis',(0.707106781186542,-3.99106133021808E-13,0.707106781186553));
#9987=DIRECTION('center_axis',(0.,0.,-1.));
#9988=DIRECTION('ref_axis',(1.,1.33226762955019E-14,0.));
#9989=DIRECTION('center_axis',(0.,0.,1.));
#9990=DIRECTION('ref_axis',(1.31618640305342E-14,-1.,0.));
#9991=DIRECTION('center_axis',(1.,0.,-6.93889390390723E-17));
#9992=DIRECTION('ref_axis',(6.93889390390723E-17,4.44089209850063E-15,1.));
#9993=DIRECTION('center_axis',(-1.,-4.37905770101505E-47,6.93889390390723E-17));
#9994=DIRECTION('ref_axis',(3.12397638206479E-31,-1.,4.50212443845799E-15));
#9995=DIRECTION('center_axis',(-1.,-4.37905770101505E-47,6.93889390390723E-17));
#9996=DIRECTION('ref_axis',(3.12397638206479E-31,-1.,4.50212443845799E-15));
#9997=DIRECTION('center_axis',(0.,0.,1.));
#9998=DIRECTION('ref_axis',(1.77635683940025E-14,-1.,0.));
#9999=DIRECTION('center_axis',(-1.76411037140877E-14,1.,1.0802060598442E-30));
#10000=DIRECTION('ref_axis',(1.90560271342975E-44,-1.0802060598442E-30,
1.));
#10001=DIRECTION('center_axis',(0.,-1.,0.));
#10002=DIRECTION('ref_axis',(1.,0.,0.));
#10003=DIRECTION('center_axis',(0.,1.,0.));
#10004=DIRECTION('ref_axis',(6.12323399573677E-17,0.,1.));
#10005=DIRECTION('center_axis',(0.,0.,1.));
#10006=DIRECTION('ref_axis',(1.,-4.44089209850062E-15,0.));
#10007=DIRECTION('center_axis',(-1.,-1.60812264967687E-16,6.12323399573676E-17));
#10008=DIRECTION('ref_axis',(6.12323399573676E-17,9.84691127781572E-33,
1.));
#10009=DIRECTION('center_axis',(1.,0.,-6.93889390390724E-17));
#10010=DIRECTION('ref_axis',(-9.62964972193623E-33,1.,-1.38777878078145E-16));
#10011=DIRECTION('center_axis',(-1.,0.,6.93889390390724E-17));
#10012=DIRECTION('ref_axis',(6.93889390390724E-17,2.00010218035512E-16,
1.));
#10013=DIRECTION('center_axis',(1.,-3.70074341541719E-16,-6.93889390390723E-17));
#10014=DIRECTION('ref_axis',(3.70074341541719E-16,1.,-2.56790659251631E-32));
#10015=DIRECTION('center_axis',(1.,-3.70074341541719E-16,-6.93889390390723E-17));
#10016=DIRECTION('ref_axis',(3.70074341541719E-16,1.,-2.56790659251631E-32));
#10017=DIRECTION('center_axis',(-1.,3.70074341541719E-16,6.93889390390723E-17));
#10018=DIRECTION('ref_axis',(6.93889390390723E-17,6.12323399573677E-17,
1.));
#10019=DIRECTION('center_axis',(0.,0.,1.));
#10020=DIRECTION('ref_axis',(-1.77635683940025E-14,1.,0.));
#10021=DIRECTION('center_axis',(1.11022302462515E-14,-1.,-6.79815536723444E-31));
#10022=DIRECTION('ref_axis',(7.54746861368276E-45,-6.79815536723444E-31,
1.));
#10023=DIRECTION('center_axis',(-1.2509555207044E-16,1.,0.));
#10024=DIRECTION('ref_axis',(-1.,-1.2509555207044E-16,0.));
#10025=DIRECTION('center_axis',(1.2509555207044E-16,-1.,0.));
#10026=DIRECTION('ref_axis',(1.60812264967664E-16,2.01168990658278E-32,
1.));
#10027=DIRECTION('center_axis',(0.,0.,1.));
#10028=DIRECTION('ref_axis',(-1.,8.88178419700124E-15,0.));
#10029=DIRECTION('center_axis',(1.,-8.94301653695861E-15,-6.12323399573676E-17));
#10030=DIRECTION('ref_axis',(6.12323399573676E-17,-5.4760182883541E-31,
1.));
#10031=DIRECTION('center_axis',(1.,0.,-5.78241158658936E-17));
#10032=DIRECTION('ref_axis',(5.78241158658936E-17,4.44089209850063E-15,
1.));
#10033=DIRECTION('center_axis',(1.,-4.37905770101505E-47,-5.78241158658936E-17));
#10034=DIRECTION('ref_axis',(5.78241158658936E-17,4.44089209850063E-15,
1.));
#10035=DIRECTION('center_axis',(-6.38977280359802E-17,0.,-1.));
#10036=DIRECTION('ref_axis',(1.,0.,-6.38977280359802E-17));
#10037=DIRECTION('center_axis',(-6.38977280359802E-17,0.,-1.));
#10038=DIRECTION('ref_axis',(1.,0.,-6.38977280359802E-17));
#10039=DIRECTION('center_axis',(6.38977280359802E-17,0.,1.));
#10040=DIRECTION('ref_axis',(6.12323399573677E-17,-1.,-3.91260740560256E-33));
#10041=DIRECTION('center_axis',(-1.,0.,0.));
#10042=DIRECTION('ref_axis',(0.,-1.,0.));
#10043=DIRECTION('center_axis',(0.,1.,0.));
#10044=DIRECTION('ref_axis',(0.,0.,1.));
#10045=DIRECTION('center_axis',(-6.12323399573677E-17,-8.00703648332457E-16,
-1.));
#10046=DIRECTION('ref_axis',(-4.90289579997976E-32,1.,-8.00703648332457E-16));
#10047=DIRECTION('center_axis',(2.3373116307898E-16,-1.63611814155286E-15,
1.));
#10048=DIRECTION('ref_axis',(1.,1.4914060050231E-29,-2.3373116307898E-16));
#10049=DIRECTION('center_axis',(-2.33731163078977E-16,1.63611814155286E-15,
-1.));
#10050=DIRECTION('ref_axis',(6.12323399573677E-17,1.,1.63611814155286E-15));
#10051=DIRECTION('center_axis',(1.,0.,-6.12323399573677E-17));
#10052=DIRECTION('ref_axis',(0.,0.,-1.));
#10053=DIRECTION('center_axis',(6.12323399573677E-17,1.83697019872103E-16,
1.));
#10054=DIRECTION('ref_axis',(1.12481983699639E-32,-1.,1.83697019872103E-16));
#10055=DIRECTION('center_axis',(-2.3373116307898E-16,0.,-1.));
#10056=DIRECTION('ref_axis',(1.,-1.11022302462516E-15,-2.3373116307898E-16));
#10057=DIRECTION('center_axis',(2.3373116307898E-16,0.,1.));
#10058=DIRECTION('ref_axis',(-1.04899068466779E-15,-1.,2.45181812786418E-31));
#10059=DIRECTION('center_axis',(-6.12323399573677E-17,1.83697019872103E-16,
-1.));
#10060=DIRECTION('ref_axis',(1.12481983699639E-32,1.,1.83697019872103E-16));
#10061=DIRECTION('center_axis',(2.3373116307898E-16,0.,1.));
#10062=DIRECTION('ref_axis',(1.,0.,-2.3373116307898E-16));
#10063=DIRECTION('center_axis',(-2.33731163078981E-16,0.,-1.));
#10064=DIRECTION('ref_axis',(6.12323399573677E-17,1.,-1.43119060362831E-32));
#10065=DIRECTION('center_axis',(1.,0.,-6.12323399573677E-17));
#10066=DIRECTION('ref_axis',(0.,-1.48029736616688E-16,-1.));
#10067=DIRECTION('center_axis',(6.12323399573677E-17,5.00903598336432E-16,
1.));
#10068=DIRECTION('ref_axis',(3.06714994192052E-32,-1.,5.00903598336432E-16));
#10069=DIRECTION('center_axis',(-2.3373116307898E-16,0.,-1.));
#10070=DIRECTION('ref_axis',(1.,-1.38777878078144E-16,-2.3373116307898E-16));
#10071=DIRECTION('center_axis',(2.3373116307898E-16,0.,1.));
#10072=DIRECTION('ref_axis',(-7.75455381207768E-17,-1.,1.81248088165545E-32));
#10073=DIRECTION('center_axis',(-6.12323399573677E-17,1.88070758440486E-16,
-1.));
#10074=DIRECTION('ref_axis',(1.15160126168678E-32,1.,1.88070758440486E-16));
#10075=DIRECTION('center_axis',(2.3373116307898E-16,0.,1.));
#10076=DIRECTION('ref_axis',(1.,1.38777878078144E-16,-2.3373116307898E-16));
#10077=DIRECTION('center_axis',(-2.33731163078981E-16,-4.92643991364193E-47,
-1.));
#10078=DIRECTION('ref_axis',(-7.75455381207768E-17,1.,1.81248088165546E-32));
#10079=DIRECTION('center_axis',(1.,0.,-6.12323399573677E-17));
#10080=DIRECTION('ref_axis',(0.,1.48029736616688E-16,-1.));
#10081=DIRECTION('center_axis',(6.12323399573677E-17,1.83697019872103E-16,
1.));
#10082=DIRECTION('ref_axis',(1.12481983699639E-32,-1.,1.83697019872103E-16));
#10083=DIRECTION('center_axis',(-2.3373116307898E-16,0.,-1.));
#10084=DIRECTION('ref_axis',(1.,0.,-2.3373116307898E-16));
#10085=DIRECTION('center_axis',(2.3373116307898E-16,0.,1.));
#10086=DIRECTION('ref_axis',(6.12323399573677E-17,-1.,-1.43119060362831E-32));
#10087=DIRECTION('center_axis',(-6.12323399573677E-17,1.83697019872103E-16,
-1.));
#10088=DIRECTION('ref_axis',(1.12481983699639E-32,1.,1.83697019872103E-16));
#10089=DIRECTION('center_axis',(2.3373116307898E-16,0.,1.));
#10090=DIRECTION('ref_axis',(1.,1.11022302462516E-15,-2.3373116307898E-16));
#10091=DIRECTION('center_axis',(-2.33731163078981E-16,-3.94115193091355E-46,
-1.));
#10092=DIRECTION('ref_axis',(-1.04899068466779E-15,1.,2.45181812786419E-31));
#10093=DIRECTION('center_axis',(1.,0.,-6.12323399573677E-17));
#10094=DIRECTION('ref_axis',(0.,0.,-1.));
#10095=DIRECTION('center_axis',(6.12323399573677E-17,1.83697019872103E-16,
1.));
#10096=DIRECTION('ref_axis',(1.12481983699639E-32,-1.,1.83697019872103E-16));
#10097=DIRECTION('center_axis',(-2.3373116307898E-16,1.63611814155286E-15,
-1.));
#10098=DIRECTION('ref_axis',(1.,3.82411796159769E-31,-2.3373116307898E-16));
#10099=DIRECTION('center_axis',(2.3373116307898E-16,-1.63611814155286E-15,
1.));
#10100=DIRECTION('ref_axis',(6.12323399573677E-17,-1.,-1.63611814155286E-15));
#10101=DIRECTION('center_axis',(-4.68864440245664E-32,1.,-7.6571373978539E-16));
#10102=DIRECTION('ref_axis',(-3.59015943992891E-47,7.6571373978539E-16,
1.));
#10103=DIRECTION('center_axis',(-1.,0.,0.));
#10104=DIRECTION('ref_axis',(0.,0.,1.));
#10105=DIRECTION('center_axis',(-6.12323399573677E-17,6.12323399573677E-17,
-1.));
#10106=DIRECTION('ref_axis',(3.74939945665464E-33,1.,6.12323399573677E-17));
#10107=DIRECTION('center_axis',(6.38977280359802E-17,0.,1.));
#10108=DIRECTION('ref_axis',(1.,0.,-6.38977280359802E-17));
#10109=DIRECTION('center_axis',(-6.38977280359798E-17,0.,-1.));
#10110=DIRECTION('ref_axis',(6.12323399573677E-17,1.,-3.91260740560254E-33));
#10111=DIRECTION('center_axis',(6.38977280359802E-17,0.,1.));
#10112=DIRECTION('ref_axis',(-1.,0.,6.38977280359802E-17));
#10113=DIRECTION('center_axis',(-6.38977280359805E-17,0.,-1.));
#10114=DIRECTION('ref_axis',(1.60812264967664E-16,-1.,-1.02755383717538E-32));
#10115=DIRECTION('center_axis',(-6.38977280359805E-17,0.,-1.));
#10116=DIRECTION('ref_axis',(-6.12323399573677E-17,-1.,3.91260740560258E-33));
#10117=DIRECTION('center_axis',(-1.,0.,0.));
#10118=DIRECTION('ref_axis',(0.,-1.,0.));
#10119=DIRECTION('center_axis',(-7.49879891330929E-33,-1.,-1.22464679914735E-16));
#10120=DIRECTION('ref_axis',(-9.18338008663387E-49,-1.22464679914735E-16,
1.));
#10121=DIRECTION('center_axis',(6.12323399573677E-17,-1.57454588461802E-16,
1.));
#10122=DIRECTION('ref_axis',(-2.22044604925031E-15,1.,1.57454588461802E-16));
#10123=DIRECTION('center_axis',(0.,1.63611814155286E-15,-1.));
#10124=DIRECTION('ref_axis',(-1.,1.45316482540713E-29,2.3775493335151E-44));
#10125=DIRECTION('center_axis',(1.97215226305251E-30,-1.63611814155286E-15,
1.));
#10126=DIRECTION('ref_axis',(-6.12323399573677E-17,1.,1.63611814155286E-15));
#10127=DIRECTION('center_axis',(1.,0.,-6.12323399573677E-17));
#10128=DIRECTION('ref_axis',(0.,0.,-1.));
#10129=DIRECTION('center_axis',(-6.12323399573677E-17,-1.83697019872103E-16,
-1.));
#10130=DIRECTION('ref_axis',(2.22044604925031E-15,-1.,1.83697019872103E-16));
#10131=DIRECTION('center_axis',(0.,0.,1.));
#10132=DIRECTION('ref_axis',(-1.,-1.11022302462516E-15,0.));
#10133=DIRECTION('center_axis',(0.,0.,-1.));
#10134=DIRECTION('ref_axis',(1.04899068466779E-15,-1.,0.));
#10135=DIRECTION('center_axis',(6.12323399573677E-17,-1.83697019872103E-16,
1.));
#10136=DIRECTION('ref_axis',(2.22044604925031E-15,1.,1.83697019872103E-16));
#10137=DIRECTION('center_axis',(0.,0.,-1.));
#10138=DIRECTION('ref_axis',(-1.,0.,0.));
#10139=DIRECTION('center_axis',(0.,0.,1.));
#10140=DIRECTION('ref_axis',(-6.12323399573677E-17,1.,0.));
#10141=DIRECTION('center_axis',(1.,0.,-6.12323399573677E-17));
#10142=DIRECTION('ref_axis',(0.,-4.44089209850063E-16,-1.));
#10143=DIRECTION('center_axis',(-6.12323399573677E-17,-5.00903598336432E-16,
-1.));
#10144=DIRECTION('ref_axis',(2.22044604925031E-15,-1.,5.00903598336432E-16));
#10145=DIRECTION('center_axis',(0.,0.,1.));
#10146=DIRECTION('ref_axis',(-1.,-1.38777878078144E-16,0.));
#10147=DIRECTION('center_axis',(0.,0.,-1.));
#10148=DIRECTION('ref_axis',(7.75455381207768E-17,-1.,0.));
#10149=DIRECTION('center_axis',(6.12323399573677E-17,-1.88070758440486E-16,
1.));
#10150=DIRECTION('ref_axis',(2.22044604925031E-15,1.,1.88070758440486E-16));
#10151=DIRECTION('center_axis',(0.,0.,-1.));
#10152=DIRECTION('ref_axis',(-1.,1.38777878078145E-16,0.));
#10153=DIRECTION('center_axis',(0.,0.,1.));
#10154=DIRECTION('ref_axis',(7.75455381207768E-17,1.,0.));
#10155=DIRECTION('center_axis',(1.,0.,-6.12323399573677E-17));
#10156=DIRECTION('ref_axis',(0.,-1.48029736616688E-16,-1.));
#10157=DIRECTION('center_axis',(-6.12323399573677E-17,-1.83697019872103E-16,
-1.));
#10158=DIRECTION('ref_axis',(2.22044604925031E-15,-1.,1.83697019872103E-16));
#10159=DIRECTION('center_axis',(0.,0.,1.));
#10160=DIRECTION('ref_axis',(-1.,0.,0.));
#10161=DIRECTION('center_axis',(0.,0.,-1.));
#10162=DIRECTION('ref_axis',(-6.12323399573677E-17,-1.,0.));
#10163=DIRECTION('center_axis',(6.12323399573677E-17,-1.83697019872103E-16,
1.));
#10164=DIRECTION('ref_axis',(2.22044604925031E-15,1.,1.83697019872103E-16));
#10165=DIRECTION('center_axis',(0.,0.,-1.));
#10166=DIRECTION('ref_axis',(-1.,1.11022302462516E-15,0.));
#10167=DIRECTION('center_axis',(0.,0.,1.));
#10168=DIRECTION('ref_axis',(1.04899068466779E-15,1.,0.));
#10169=DIRECTION('center_axis',(1.,0.,-6.12323399573677E-17));
#10170=DIRECTION('ref_axis',(0.,0.,-1.));
#10171=DIRECTION('center_axis',(-6.12323399573677E-17,-1.83697019872103E-16,
-1.));
#10172=DIRECTION('ref_axis',(2.22044604925031E-15,-1.,1.83697019872103E-16));
#10173=DIRECTION('center_axis',(0.,-1.40238697847388E-15,1.));
#10174=DIRECTION('ref_axis',(-1.,-2.2204460492503E-15,-3.11392462587239E-30));
#10175=DIRECTION('center_axis',(0.,1.40238697847388E-15,-1.));
#10176=DIRECTION('ref_axis',(2.15921370929294E-15,-1.,-1.40238697847388E-15));
#10177=DIRECTION('center_axis',(-7.49879891330929E-33,-1.,-1.22464679914735E-16));
#10178=DIRECTION('ref_axis',(-2.22044604925032E-15,-1.22464679914735E-16,
1.));
#10179=DIRECTION('center_axis',(-1.,0.,0.));
#10180=DIRECTION('ref_axis',(0.,0.,1.));
#10181=DIRECTION('center_axis',(6.12323399573677E-17,-6.12323399573677E-17,
1.));
#10182=DIRECTION('ref_axis',(3.74939945665464E-33,1.,6.12323399573677E-17));
#10183=DIRECTION('center_axis',(-6.38977280359802E-17,0.,-1.));
#10184=DIRECTION('ref_axis',(-1.,0.,6.38977280359802E-17));
#10185=DIRECTION('center_axis',(-6.38977280359802E-17,0.,-1.));
#10186=DIRECTION('ref_axis',(-1.,0.,6.38977280359802E-17));
#10187=DIRECTION('center_axis',(-1.08314441426845E-16,0.,-1.));
#10188=DIRECTION('ref_axis',(1.,4.44089209850064E-15,-1.08314441426845E-16));
#10189=DIRECTION('center_axis',(6.12323399573677E-17,-6.12323399573677E-17,
1.));
#10190=DIRECTION('ref_axis',(-3.74939945665464E-33,-1.,-6.12323399573677E-17));
#10191=DIRECTION('center_axis',(1.08314441426845E-16,-8.75811540203011E-47,
1.));
#10192=DIRECTION('ref_axis',(4.50212443845799E-15,-1.,-4.87645093785725E-31));
#10193=DIRECTION('center_axis',(1.,0.,0.));
#10194=DIRECTION('ref_axis',(0.,4.44089209850063E-15,1.));
#10195=DIRECTION('center_axis',(2.71926214689378E-31,-1.,4.44089209850063E-15));
#10196=DIRECTION('ref_axis',(1.,2.71926214689378E-31,-1.20759497818924E-45));
#10197=DIRECTION('center_axis',(0.,-1.,0.));
#10198=DIRECTION('ref_axis',(1.,0.,1.38777878078145E-16));
#10199=DIRECTION('center_axis',(0.,1.,0.));
#10200=DIRECTION('ref_axis',(-7.75455381207768E-17,0.,1.));
#10201=DIRECTION('center_axis',(1.,0.,0.));
#10202=DIRECTION('ref_axis',(0.,1.,0.));
#10203=DIRECTION('center_axis',(6.12323399573677E-17,-6.12323399573674E-17,
1.));
#10204=DIRECTION('ref_axis',(1.,3.74939945665463E-33,-6.12323399573677E-17));
#10205=DIRECTION('center_axis',(1.08314441426845E-16,0.,1.));
#10206=DIRECTION('ref_axis',(1.,0.,-1.08314441426845E-16));
#10207=DIRECTION('center_axis',(-1.08314441426845E-16,0.,-1.));
#10208=DIRECTION('ref_axis',(6.12323399573677E-17,1.,-6.63234669974096E-33));
#10209=DIRECTION('center_axis',(-1.,0.,0.));
#10210=DIRECTION('ref_axis',(0.,1.,0.));
#10211=DIRECTION('center_axis',(-2.65828702868219E-31,-1.,-4.34131217349033E-15));
#10212=DIRECTION('ref_axis',(-2.64712022972005E-47,4.34131217349033E-15,
-1.));
#10213=DIRECTION('center_axis',(0.,1.,1.8764332810566E-16));
#10214=DIRECTION('ref_axis',(1.,0.,0.));
#10215=DIRECTION('center_axis',(0.,-1.,-1.8764332810566E-16));
#10216=DIRECTION('ref_axis',(6.12323399573677E-17,1.8764332810566E-16,-1.));
#10217=DIRECTION('center_axis',(-1.,0.,0.));
#10218=DIRECTION('ref_axis',(0.,0.,-1.));
#10219=DIRECTION('center_axis',(0.,0.,1.));
#10220=DIRECTION('ref_axis',(-1.,4.44089209850062E-15,0.));
#10221=DIRECTION('center_axis',(0.,0.,-1.));
#10222=DIRECTION('ref_axis',(-4.50212443845799E-15,-1.,0.));
#10223=DIRECTION('center_axis',(-6.12323399573677E-17,4.28007983353296E-15,
-1.));
#10224=DIRECTION('ref_axis',(9.84691127781403E-33,-1.,-4.28007983353296E-15));
#10225=DIRECTION('center_axis',(-1.,0.,0.));
#10226=DIRECTION('ref_axis',(0.,-1.,4.71844785465691E-15));
#10227=DIRECTION('center_axis',(-8.52467855041849E-31,1.,-1.39218565815935E-14));
#10228=DIRECTION('ref_axis',(-1.,-8.52467855041849E-31,1.18679352183113E-44));
#10229=DIRECTION('center_axis',(0.,1.,0.));
#10230=DIRECTION('ref_axis',(-1.,0.,0.));
#10231=DIRECTION('center_axis',(9.86076131526264E-31,-1.,0.));
#10232=DIRECTION('ref_axis',(-6.12323399573677E-17,-6.03797489094622E-47,
1.));
#10233=DIRECTION('center_axis',(-1.,0.,1.38777878078144E-16));
#10234=DIRECTION('ref_axis',(0.,0.,1.));
#10235=DIRECTION('center_axis',(-6.12323399573677E-17,6.12323399573677E-17,
-1.));
#10236=DIRECTION('ref_axis',(-1.,-3.74939945665464E-33,6.12323399573677E-17));
#10237=DIRECTION('center_axis',(0.,0.,-1.));
#10238=DIRECTION('ref_axis',(-1.,0.,0.));
#10239=DIRECTION('center_axis',(0.,0.,1.));
#10240=DIRECTION('ref_axis',(-6.12323399573677E-17,1.,0.));
#10241=DIRECTION('center_axis',(-1.,0.,0.));
#10242=DIRECTION('ref_axis',(0.,1.,0.));
#10243=DIRECTION('center_axis',(5.43852429378756E-31,1.,8.88178419700125E-15));
#10244=DIRECTION('ref_axis',(4.3561106945028E-60,8.88178419700125E-15,-1.));
#10245=DIRECTION('center_axis',(0.,-1.,-6.25477760352201E-17));
#10246=DIRECTION('ref_axis',(-1.,0.,0.));
#10247=DIRECTION('center_axis',(0.,1.,6.25477760352201E-17));
#10248=DIRECTION('ref_axis',(1.60812264967664E-16,6.25477760352201E-17,
-1.));
#10249=DIRECTION('center_axis',(-1.,0.,0.));
#10250=DIRECTION('ref_axis',(0.,0.,-1.));
#10251=DIRECTION('center_axis',(1.,0.,6.16790569236198E-17));
#10252=DIRECTION('ref_axis',(-1.88313150117863E-31,-1.,3.05311331771918E-15));
#10253=DIRECTION('center_axis',(-1.,2.18952885050753E-47,-6.16790569236198E-17));
#10254=DIRECTION('ref_axis',(6.16790569236198E-17,-3.11434565767654E-15,
-1.));
#10255=DIRECTION('center_axis',(-1.,2.38125831421797E-15,6.12323399573676E-17));
#10256=DIRECTION('ref_axis',(-6.12323399573676E-17,1.45810018622503E-31,
-1.));
#10257=DIRECTION('center_axis',(-6.12323399573676E-17,0.,-1.));
#10258=DIRECTION('ref_axis',(0.,-1.,0.));
#10259=DIRECTION('center_axis',(3.44509284839767E-16,-1.,-2.10951096477782E-32));
#10260=DIRECTION('ref_axis',(-7.26746113837253E-48,2.10951096477782E-32,
-1.));
#10261=DIRECTION('center_axis',(-6.16790569236198E-17,1.,0.));
#10262=DIRECTION('ref_axis',(1.,6.16790569236198E-17,2.77555756156288E-16));
#10263=DIRECTION('center_axis',(6.16790569236198E-17,-1.,0.));
#10264=DIRECTION('ref_axis',(3.38788096113657E-16,2.0896130265239E-32,-1.));
#10265=DIRECTION('center_axis',(-6.12323399573676E-17,0.,-1.));
#10266=DIRECTION('ref_axis',(1.,0.,0.));
#10267=DIRECTION('center_axis',(1.,-1.60812264967664E-16,-6.12323399573676E-17));
#10268=DIRECTION('ref_axis',(-6.12323399573676E-17,9.84691127781426E-33,
-1.));
#10269=DIRECTION('center_axis',(-1.,0.,6.16790569236198E-17));
#10270=DIRECTION('ref_axis',(1.71193772834421E-32,1.,2.77555756156289E-16));
#10271=DIRECTION('center_axis',(1.,0.,-6.16790569236198E-17));
#10272=DIRECTION('ref_axis',(-6.16790569236198E-17,3.38788096113657E-16,
-1.));
#10273=DIRECTION('center_axis',(-6.12323399573676E-17,0.,-1.));
#10274=DIRECTION('ref_axis',(0.,1.,0.));
#10275=DIRECTION('center_axis',(-8.62816615085482E-32,1.,5.28322802957794E-48));
#10276=DIRECTION('ref_axis',(-4.55845692520518E-79,5.28322802957794E-48,
-1.));
#10277=DIRECTION('center_axis',(6.16790569236198E-17,-1.,0.));
#10278=DIRECTION('ref_axis',(-1.,-6.16790569236198E-17,2.77555756156289E-16));
#10279=DIRECTION('center_axis',(-6.16790569236198E-17,1.,0.));
#10280=DIRECTION('ref_axis',(-3.38788096113657E-16,-2.0896130265239E-32,
-1.));
#10281=DIRECTION('center_axis',(-6.12323399573676E-17,0.,-1.));
#10282=DIRECTION('ref_axis',(-1.,2.22044604925031E-15,0.));
#10283=DIRECTION('center_axis',(-5.28677630773884E-17,4.22942104619107E-16,
1.));
#10284=DIRECTION('ref_axis',(-1.,-8.88178419700125E-15,-5.28677630773846E-17));
#10285=DIRECTION('center_axis',(5.28677630773884E-17,-4.22942104619107E-16,
-1.));
#10286=DIRECTION('ref_axis',(8.82055185704388E-15,-1.,4.22942104619107E-16));
#10287=DIRECTION('center_axis',(-1.,0.,0.));
#10288=DIRECTION('ref_axis',(0.,-4.44089209850062E-15,-1.));
#10289=DIRECTION('center_axis',(-1.30614473485312E-16,1.,-4.31027762501529E-15));
#10290=DIRECTION('ref_axis',(-1.70601406838478E-32,-4.31027762501529E-15,
-1.));
#10291=DIRECTION('center_axis',(1.40732496079245E-16,-1.,-1.2509555207044E-16));
#10292=DIRECTION('ref_axis',(-1.,-1.40732496079245E-16,-1.76050092912842E-32));
#10293=DIRECTION('center_axis',(-1.40732496079245E-16,1.,1.2509555207044E-16));
#10294=DIRECTION('ref_axis',(-6.12323399573677E-17,1.2509555207044E-16,
-1.));
#10295=DIRECTION('center_axis',(-1.,0.,0.));
#10296=DIRECTION('ref_axis',(0.,1.,0.));
#10297=DIRECTION('center_axis',(-1.11022302462516E-16,-1.11022302462515E-16,
1.));
#10298=DIRECTION('ref_axis',(-1.23259516440782E-32,1.,1.11022302462515E-16));
#10299=DIRECTION('center_axis',(5.28677630773884E-17,2.11471052309554E-16,
-1.));
#10300=DIRECTION('ref_axis',(-1.,-4.44089209850062E-15,-5.28677630773893E-17));
#10301=DIRECTION('center_axis',(1.05735526154777E-16,0.,1.));
#10302=DIRECTION('ref_axis',(1.,-4.44089209850062E-15,-1.05735526154777E-16));
#10303=DIRECTION('center_axis',(-1.05735526154777E-16,1.83920423442632E-45,
-1.));
#10304=DIRECTION('ref_axis',(4.50212443845799E-15,1.,-4.76034496314634E-31));
#10305=DIRECTION('center_axis',(-1.,0.,0.));
#10306=DIRECTION('ref_axis',(0.,1.,4.44089209850062E-15));
#10307=DIRECTION('center_axis',(1.30614473485314E-16,-1.,-9.05403883942111E-15));
#10308=DIRECTION('ref_axis',(-2.24989494250719E-32,9.05403883942111E-15,
-1.));
#10309=DIRECTION('center_axis',(-1.5636944008805E-16,1.,1.2509555207044E-16));
#10310=DIRECTION('ref_axis',(1.,1.5636944008805E-16,-1.09151057605962E-30));
#10311=DIRECTION('center_axis',(1.5636944008805E-16,-1.,-1.2509555207044E-16));
#10312=DIRECTION('ref_axis',(-1.60812264967664E-16,1.2509555207044E-16,
-1.));
#10313=DIRECTION('center_axis',(-1.,0.,0.));
#10314=DIRECTION('ref_axis',(0.,0.,-1.));
#10315=DIRECTION('center_axis',(-1.11022302462516E-16,2.28982818277826E-15,
1.));
#10316=DIRECTION('ref_axis',(2.38816068667532E-31,-1.,2.28982818277826E-15));
#10317=DIRECTION('center_axis',(0.,2.11471052309554E-16,-1.));
#10318=DIRECTION('ref_axis',(1.,0.,0.));
#10319=DIRECTION('center_axis',(1.,1.36642833800019E-16,3.69094423508884E-16));
#10320=DIRECTION('ref_axis',(-1.36642833800019E-16,1.,6.83214169000096E-17));
#10321=DIRECTION('',(-3.69094423508884E-16,0.,1.));
#10322=DIRECTION('',(-1.40980701539702E-16,1.,7.04903507698512E-17));
#10323=DIRECTION('',(-3.69094423508884E-16,7.38188847017767E-16,1.));
#10324=DIRECTION('',(-1.40980701539702E-16,1.,7.04903507698512E-17));
#10325=DIRECTION('center_axis',(0.,1.,0.));
#10326=DIRECTION('ref_axis',(-1.,0.,-2.96059473233375E-16));
#10327=DIRECTION('',(-4.42678874766649E-16,0.,1.));
#10328=DIRECTION('',(-1.,0.,-6.83214169000097E-16));
#10329=DIRECTION('',(-4.42678874766648E-16,0.,1.));
#10330=DIRECTION('',(-1.,0.,-3.41607084500048E-16));
#10331=DIRECTION('center_axis',(-1.,-1.02482125350014E-16,-3.69094423508884E-16));
#10332=DIRECTION('ref_axis',(1.02482125350014E-16,-1.,-6.83214169000096E-17));
#10333=DIRECTION('',(-3.69094423508883E-16,0.,1.));
#10334=DIRECTION('',(8.8112938462314E-17,-1.,-7.04903507698512E-17));
#10335=DIRECTION('',(-3.69094423508883E-16,0.,1.));
#10336=DIRECTION('',(8.8112938462314E-17,-1.,-7.04903507698512E-17));
#10337=DIRECTION('center_axis',(0.,-1.,0.));
#10338=DIRECTION('ref_axis',(1.,0.,2.96059473233375E-16));
#10339=DIRECTION('',(-4.4267887476665E-16,0.,1.));
#10340=DIRECTION('',(1.,0.,0.));
#10341=DIRECTION('',(-4.42678874766649E-16,0.,1.));
#10342=DIRECTION('',(1.,0.,3.41607084500048E-16));
#10343=DIRECTION('center_axis',(-2.96059473233375E-16,-5.2245789394125E-17,
1.));
#10344=DIRECTION('ref_axis',(-1.,0.,-2.96059473233375E-16));
#10345=DIRECTION('center_axis',(-2.96059473233375E-16,-5.2245789394125E-17,
1.));
#10346=DIRECTION('ref_axis',(-1.,1.54678608866865E-32,-2.96059473233375E-16));
#10347=DIRECTION('center_axis',(-2.96059473233375E-16,-5.2245789394125E-17,
1.));
#10348=DIRECTION('ref_axis',(1.11022302462516E-15,-1.,-5.22457893941247E-17));
#10349=DIRECTION('center_axis',(-2.96059473233375E-16,-5.2245789394125E-17,
1.));
#10350=DIRECTION('ref_axis',(1.,-1.54678608866865E-32,2.96059473233375E-16));
#10351=DIRECTION('center_axis',(-2.96059473233375E-16,-5.2245789394125E-17,
1.));
#10352=DIRECTION('ref_axis',(-1.54678608866865E-32,1.,5.2245789394125E-17));
#10353=DIRECTION('center_axis',(-2.96059473233375E-16,-5.2245789394125E-17,
1.));
#10354=DIRECTION('ref_axis',(-1.,0.,-2.96059473233375E-16));
#10355=DIRECTION('',(1.,0.,2.96059473233375E-16));
#10356=DIRECTION('',(-1.,0.,-2.96059473233375E-16));
#10357=DIRECTION('center_axis',(3.96057578856323E-16,0.,-1.));
#10358=DIRECTION('ref_axis',(1.11022302462516E-15,1.,4.39712243123585E-31));
#10359=DIRECTION('center_axis',(0.707106781186544,-8.8479094644801E-15,
0.707106781186551));
#10360=DIRECTION('ref_axis',(0.707106781186551,7.09543730925398E-13,-0.707106781186544));
#10361=DIRECTION('center_axis',(1.,0.,3.86164530304402E-16));
#10362=DIRECTION('ref_axis',(3.86164530304402E-16,-4.44089209850062E-15,
-1.));
#10363=DIRECTION('center_axis',(-0.707106781186548,-6.66798974134734E-15,
0.707106781186548));
#10364=DIRECTION('ref_axis',(0.707106781186548,-9.15809583447474E-13,0.707106781186548));
#10365=DIRECTION('center_axis',(3.16846063085058E-16,0.,-1.));
#10366=DIRECTION('ref_axis',(-1.,-4.44089209850062E-15,-3.16846063085058E-16));
#10367=DIRECTION('center_axis',(3.96057578856323E-16,3.16846063085058E-16,
-1.));
#10368=DIRECTION('ref_axis',(-1.11022302462516E-15,-1.,-3.16846063085058E-16));
#10369=DIRECTION('center_axis',(-0.707106781186546,2.37226558105627E-15,
0.707106781186549));
#10370=DIRECTION('ref_axis',(0.707106781186549,5.17091593728613E-13,0.707106781186546));
#10371=DIRECTION('center_axis',(-1.,0.,0.));
#10372=DIRECTION('ref_axis',(0.,0.,-1.));
#10373=DIRECTION('center_axis',(0.707106781186546,2.30815029508177E-15,
0.707106781186549));
#10374=DIRECTION('ref_axis',(0.707106781186549,-7.05423740256336E-13,-0.707106781186546));
#10375=DIRECTION('center_axis',(3.16846063085058E-16,0.,-1.));
#10376=DIRECTION('ref_axis',(1.,4.44089209850063E-15,3.16846063085058E-16));
#10377=DIRECTION('axis',(0.,0.,1.));
#10378=DIRECTION('refdir',(1.,0.,0.));
#10379=DIRECTION('center_axis',(-1.,0.,6.12323399573677E-17));
#10380=DIRECTION('ref_axis',(-6.12323399573677E-17,0.,-1.));
#10381=DIRECTION('',(0.,-0.868243142124462,-0.496138938356829));
#10382=DIRECTION('',(-7.20004051433046E-17,-1.44000810286609E-16,-1.));
#10383=DIRECTION('',(0.,1.,0.));
#10384=DIRECTION('',(7.20004051433046E-17,0.,1.));
#10385=DIRECTION('',(0.,-0.868243142124461,0.496138938356831));
#10386=DIRECTION('center_axis',(1.,0.,-6.12323399573677E-17));
#10387=DIRECTION('ref_axis',(0.,1.,0.));
#10388=DIRECTION('',(7.20748632611688E-17,0.,1.));
#10389=DIRECTION('center_axis',(-1.,0.,6.12323399573677E-17));
#10390=DIRECTION('ref_axis',(1.12481983699639E-32,1.,1.83697019872103E-16));
#10391=DIRECTION('',(-7.20748632611688E-17,-7.20748632611688E-17,-1.));
#10392=DIRECTION('center_axis',(1.,-3.08148791101958E-33,-6.12323399573677E-17));
#10393=DIRECTION('ref_axis',(5.31645592442182E-17,-0.496138938356828,0.868243142124463));
#10394=DIRECTION('center_axis',(-1.,0.,6.12323399573677E-17));
#10395=DIRECTION('ref_axis',(1.12481983699639E-32,1.,1.83697019872103E-16));
#10396=DIRECTION('',(6.93889390390723E-17,-2.77555756156289E-16,1.));
#10397=DIRECTION('center_axis',(-1.,0.,6.12323399573677E-17));
#10398=DIRECTION('ref_axis',(0.,-1.,0.));
#10399=DIRECTION('',(-6.93889390390723E-17,1.38777878078145E-16,-1.));
#10400=DIRECTION('center_axis',(-1.,0.,6.12323399573677E-17));
#10401=DIRECTION('ref_axis',(-6.12323399573677E-17,0.,-1.));
#10402=DIRECTION('',(7.20004051433046E-17,0.,1.));
#10403=DIRECTION('',(0.,1.,0.));
#10404=DIRECTION('',(-9.00005064291308E-17,-1.44000810286609E-16,-1.));
#10405=DIRECTION('',(0.,-0.868243142124462,-0.496138938356829));
#10406=DIRECTION('center_axis',(1.,-3.08148791101958E-33,-6.12323399573677E-17));
#10407=DIRECTION('ref_axis',(5.31645592442182E-17,-0.496138938356828,0.868243142124463));
#10408=DIRECTION('',(-7.20748632611688E-17,0.,-1.));
#10409=DIRECTION('center_axis',(-1.,0.,6.12323399573677E-17));
#10410=DIRECTION('ref_axis',(1.12481983699639E-32,1.,1.83697019872103E-16));
#10411=DIRECTION('',(7.20748632611688E-17,0.,1.));
#10412=DIRECTION('center_axis',(1.,0.,-6.12323399573677E-17));
#10413=DIRECTION('ref_axis',(0.,1.,0.));
#10414=DIRECTION('',(0.,-0.868243142124461,0.496138938356831));
#10415=DIRECTION('center_axis',(-1.,0.,6.12323399573677E-17));
#10416=DIRECTION('ref_axis',(1.12481983699639E-32,1.,1.83697019872103E-16));
#10417=DIRECTION('',(-6.93889390390723E-17,2.77555756156289E-16,-1.));
#10418=DIRECTION('center_axis',(-1.,0.,6.12323399573677E-17));
#10419=DIRECTION('ref_axis',(0.,-1.,0.));
#10420=DIRECTION('',(3.46944695195361E-17,-2.77555756156289E-16,1.));
#10421=DIRECTION('center_axis',(0.,1.,1.38777878078145E-16));
#10422=DIRECTION('ref_axis',(-6.93889390390723E-17,1.38777878078145E-16,
-1.));
#10423=DIRECTION('',(-3.46944695195361E-17,1.38777878078145E-16,-1.));
#10424=DIRECTION('',(-1.,0.,4.35384981039939E-16));
#10425=DIRECTION('',(-6.93889390390723E-17,1.38777878078145E-16,-1.));
#10426=DIRECTION('',(-1.,0.,0.));
#10427=DIRECTION('center_axis',(-1.,0.,6.12323399573677E-17));
#10428=DIRECTION('ref_axis',(0.,-1.,0.));
#10429=DIRECTION('center_axis',(-1.,0.,6.12323399573677E-17));
#10430=DIRECTION('ref_axis',(0.,-1.,0.));
#10431=DIRECTION('center_axis',(-1.,0.,6.12323399573677E-17));
#10432=DIRECTION('ref_axis',(0.,-1.,0.));
#10433=DIRECTION('',(-1.,0.,0.));
#10434=DIRECTION('center_axis',(-8.49769420904307E-33,-1.,-1.38777878078145E-16));
#10435=DIRECTION('ref_axis',(6.93889390390723E-17,-1.38777878078145E-16,
1.));
#10436=DIRECTION('',(6.93889390390723E-17,-1.38777878078145E-16,1.));
#10437=DIRECTION('',(6.93889390390723E-17,-1.38777878078145E-16,1.));
#10438=DIRECTION('',(-1.,0.,6.12323399573677E-17));
#10439=DIRECTION('center_axis',(-1.,0.,6.12323399573677E-17));
#10440=DIRECTION('ref_axis',(1.12481983699639E-32,1.,1.83697019872103E-16));
#10441=DIRECTION('center_axis',(-1.,0.,6.12323399573677E-17));
#10442=DIRECTION('ref_axis',(1.12481983699639E-32,1.,1.83697019872103E-16));
#10443=DIRECTION('center_axis',(-1.,0.,6.12323399573677E-17));
#10444=DIRECTION('ref_axis',(1.12481983699639E-32,1.,1.83697019872103E-16));
#10445=DIRECTION('center_axis',(0.,-1.,0.));
#10446=DIRECTION('ref_axis',(7.20004051433046E-17,0.,1.));
#10447=DIRECTION('',(7.20004051433046E-17,0.,1.));
#10448=DIRECTION('',(-1.,0.,7.40148683083438E-16));
#10449=DIRECTION('',(7.20004051433046E-17,0.,1.));
#10450=DIRECTION('',(-1.,0.,0.));
#10451=DIRECTION('center_axis',(-1.,0.,6.12323399573677E-17));
#10452=DIRECTION('ref_axis',(-5.31645592442181E-17,-0.496138938356831,-0.868243142124461));
#10453=DIRECTION('center_axis',(-1.,-6.16297582203915E-33,6.12323399573676E-17));
#10454=DIRECTION('ref_axis',(-5.3164559244218E-17,-0.496138938356831,-0.868243142124461));
#10455=DIRECTION('',(-1.,0.,0.));
#10456=DIRECTION('center_axis',(-1.,-6.16297582203915E-33,6.12323399573676E-17));
#10457=DIRECTION('ref_axis',(-5.3164559244218E-17,-0.496138938356831,-0.868243142124461));
#10458=DIRECTION('center_axis',(0.,-0.496138938356831,-0.868243142124461));
#10459=DIRECTION('ref_axis',(0.,-0.868243142124461,0.496138938356831));
#10460=DIRECTION('',(1.93386045826988E-16,-0.868243142124461,0.496138938356831));
#10461=DIRECTION('',(-1.,0.,0.));
#10462=DIRECTION('',(9.6693022913494E-17,-0.868243142124461,0.496138938356831));
#10463=DIRECTION('center_axis',(1.,0.,-6.12323399573677E-17));
#10464=DIRECTION('ref_axis',(0.,1.,0.));
#10465=DIRECTION('center_axis',(1.,0.,-6.12323399573677E-17));
#10466=DIRECTION('ref_axis',(0.,1.,0.));
#10467=DIRECTION('',(-1.,0.,0.));
#10468=DIRECTION('center_axis',(1.,0.,-6.12323399573677E-17));
#10469=DIRECTION('ref_axis',(0.,1.,0.));
#10470=DIRECTION('center_axis',(0.,-1.,0.));
#10471=DIRECTION('ref_axis',(7.20748632611688E-17,0.,1.));
#10472=DIRECTION('',(9.0093579076461E-17,0.,1.));
#10473=DIRECTION('',(-1.,0.,6.12323399573676E-17));
#10474=DIRECTION('',(9.0093579076461E-17,0.,1.));
#10475=DIRECTION('center_axis',(-1.,0.,6.12323399573677E-17));
#10476=DIRECTION('ref_axis',(1.12481983699639E-32,1.,1.83697019872103E-16));
#10477=DIRECTION('center_axis',(-1.,0.,6.12323399573677E-17));
#10478=DIRECTION('ref_axis',(1.12481983699639E-32,1.,1.83697019872103E-16));
#10479=DIRECTION('',(-1.,0.,4.36727943150987E-16));
#10480=DIRECTION('center_axis',(-1.,0.,6.12323399573677E-17));
#10481=DIRECTION('ref_axis',(7.8491206863467E-33,1.,1.28185868640845E-16));
#10482=DIRECTION('center_axis',(0.,1.,0.));
#10483=DIRECTION('ref_axis',(-7.20748632611688E-17,0.,-1.));
#10484=DIRECTION('',(-5.40561474458766E-17,0.,-1.));
#10485=DIRECTION('',(-1.,0.,0.));
#10486=DIRECTION('',(-5.40561474458766E-17,0.,-1.));
#10487=DIRECTION('center_axis',(1.,0.,-6.12323399573677E-17));
#10488=DIRECTION('ref_axis',(5.31645592442182E-17,-0.496138938356828,0.868243142124463));
#10489=DIRECTION('center_axis',(1.,-6.16297582203916E-33,-6.12323399573677E-17));
#10490=DIRECTION('ref_axis',(5.31645592442182E-17,-0.496138938356828,0.868243142124463));
#10491=DIRECTION('',(-1.,0.,0.));
#10492=DIRECTION('center_axis',(1.,-6.16297582203916E-33,-6.12323399573677E-17));
#10493=DIRECTION('ref_axis',(5.31645592442182E-17,-0.496138938356828,0.868243142124463));
#10494=DIRECTION('center_axis',(0.,0.496138938356829,-0.868243142124462));
#10495=DIRECTION('ref_axis',(0.,-0.868243142124462,-0.496138938356829));
#10496=DIRECTION('',(2.90079068740481E-16,-0.868243142124462,-0.496138938356829));
#10497=DIRECTION('',(-1.,0.,0.));
#10498=DIRECTION('',(0.,-0.868243142124462,-0.496138938356829));
#10499=DIRECTION('center_axis',(-1.,0.,6.12323399573677E-17));
#10500=DIRECTION('ref_axis',(0.,1.,0.));
#10501=DIRECTION('center_axis',(-1.,0.,6.12323399573677E-17));
#10502=DIRECTION('ref_axis',(0.,1.,0.));
#10503=DIRECTION('',(-1.,0.,7.40148683083438E-16));
#10504=DIRECTION('center_axis',(-1.,0.,6.12323399573677E-17));
#10505=DIRECTION('ref_axis',(0.,1.,0.));
#10506=DIRECTION('center_axis',(0.,1.,0.));
#10507=DIRECTION('ref_axis',(-7.20004051433046E-17,0.,-1.));
#10508=DIRECTION('',(-7.20004051433047E-17,0.,-1.));
#10509=DIRECTION('',(-1.,0.,0.));
#10510=DIRECTION('',(-7.20004051433046E-17,0.,-1.));
#10511=DIRECTION('center_axis',(-1.,0.,6.12323399573677E-17));
#10512=DIRECTION('ref_axis',(6.12323399573677E-17,0.,1.));
#10513=DIRECTION('center_axis',(-1.,0.,6.12323399573677E-17));
#10514=DIRECTION('ref_axis',(6.12323399573677E-17,0.,1.));
#10515=DIRECTION('',(-1.,0.,0.));
#10516=DIRECTION('center_axis',(-1.,0.,6.12323399573677E-17));
#10517=DIRECTION('ref_axis',(6.12323399573677E-17,0.,1.));
#10518=DIRECTION('center_axis',(0.,0.,1.));
#10519=DIRECTION('ref_axis',(0.,1.,0.));
#10520=DIRECTION('',(2.77555756156289E-17,1.,0.));
#10521=DIRECTION('',(-1.,0.,0.));
#10522=DIRECTION('',(0.,1.,0.));
#10523=DIRECTION('center_axis',(-1.,0.,6.12323399573677E-17));
#10524=DIRECTION('ref_axis',(0.,-1.,0.));
#10525=DIRECTION('center_axis',(-1.,0.,6.12323399573677E-17));
#10526=DIRECTION('ref_axis',(0.,-1.,0.));
#10527=DIRECTION('center_axis',(-1.,0.,6.12323399573677E-17));
#10528=DIRECTION('ref_axis',(0.,-1.,0.));
#10529=DIRECTION('center_axis',(0.,0.868243142124462,0.496138938356829));
#10530=DIRECTION('ref_axis',(1.,5.46571335200066E-16,-9.56499836600129E-16));
#10531=DIRECTION('center_axis',(-3.03797481395529E-17,-0.868243142124462,
-0.49613893835683));
#10532=DIRECTION('ref_axis',(-2.77555756156289E-16,0.49613893835683,-0.868243142124462));
#10533=DIRECTION('center_axis',(-2.95822839457879E-31,-0.868243142124462,
-0.496138938356829));
#10534=DIRECTION('ref_axis',(6.12323399573677E-17,0.496138938356829,-0.868243142124462));
#10535=DIRECTION('center_axis',(1.,0.,-6.12323399573677E-17));
#10536=DIRECTION('ref_axis',(0.,0.868243142124462,0.496138938356829));
#10537=DIRECTION('center_axis',(-6.12323399573677E-17,1.22124532708767E-15,
-1.));
#10538=DIRECTION('ref_axis',(-6.11833983051101E-32,1.,1.22124532708767E-15));
#10539=DIRECTION('center_axis',(7.11567456222525E-17,0.,1.));
#10540=DIRECTION('ref_axis',(1.,1.11022302462516E-15,-7.11567456222525E-17));
#10541=DIRECTION('center_axis',(-7.11567456222525E-17,0.,-1.));
#10542=DIRECTION('ref_axis',(-1.04899068466779E-15,1.,7.46427633090184E-32));
#10543=DIRECTION('center_axis',(-1.,0.,6.12323399573677E-17));
#10544=DIRECTION('ref_axis',(-3.70074341541719E-17,1.11022302462516E-15,
-1.));
#10545=DIRECTION('center_axis',(6.12323399573677E-17,-1.33226762955019E-15,
1.));
#10546=DIRECTION('ref_axis',(-6.56858655152258E-47,-1.,-1.33226762955019E-15));
#10547=DIRECTION('center_axis',(-7.11567456222525E-17,0.,-1.));
#10548=DIRECTION('ref_axis',(1.,0.,-7.11567456222525E-17));
#10549=DIRECTION('center_axis',(7.11567456222525E-17,0.,1.));
#10550=DIRECTION('ref_axis',(6.12323399573677E-17,-1.,-4.3570940382017E-33));
#10551=DIRECTION('center_axis',(1.,0.,-6.12323399573677E-17));
#10552=DIRECTION('ref_axis',(0.,0.,-1.));
#10553=DIRECTION('center_axis',(3.0379748139553E-17,-0.86824314212446,0.496138938356832));
#10554=DIRECTION('ref_axis',(4.62223186652937E-33,-0.496138938356832,-0.86824314212446));
#10555=DIRECTION('center_axis',(-5.10659435552279E-17,0.868243142124461,
-0.496138938356831));
#10556=DIRECTION('ref_axis',(1.,4.43376552879415E-17,-2.53358030216806E-17));
#10557=DIRECTION('center_axis',(5.10659435552279E-17,-0.868243142124461,
0.496138938356831));
#10558=DIRECTION('ref_axis',(6.12323399573677E-17,-0.496138938356831,-0.868243142124461));
#10559=DIRECTION('center_axis',(-1.,0.,0.));
#10560=DIRECTION('ref_axis',(0.,-0.496138938356831,-0.868243142124461));
#10561=DIRECTION('center_axis',(6.12323399573677E-17,1.16573417585641E-15,
1.));
#10562=DIRECTION('ref_axis',(-6.45824759887272E-32,-1.,1.16573417585641E-15));
#10563=DIRECTION('center_axis',(-7.11083463664277E-17,0.,-1.));
#10564=DIRECTION('ref_axis',(1.,0.,-7.11083463664277E-17));
#10565=DIRECTION('center_axis',(7.11083463664278E-17,0.,1.));
#10566=DIRECTION('ref_axis',(6.12323399573677E-17,-1.,-4.35413043851536E-33));
#10567=DIRECTION('center_axis',(-1.,0.,0.));
#10568=DIRECTION('ref_axis',(0.,-1.,0.));
#10569=DIRECTION('center_axis',(3.77373430684139E-48,1.,6.16297582203915E-32));
#10570=DIRECTION('ref_axis',(-2.77555756156289E-16,-6.16297582203915E-32,
1.));
#10571=DIRECTION('center_axis',(0.,-1.,0.));
#10572=DIRECTION('ref_axis',(1.,0.,0.));
#10573=DIRECTION('center_axis',(0.,1.,0.));
#10574=DIRECTION('ref_axis',(-1.60812264967664E-16,0.,1.));
#10575=DIRECTION('center_axis',(-1.,0.,0.));
#10576=DIRECTION('ref_axis',(0.,0.,1.));
#10577=DIRECTION('center_axis',(-6.12323399573677E-17,6.12323399573677E-17,
-1.));
#10578=DIRECTION('ref_axis',(-2.77555756156289E-16,1.,6.12323399573677E-17));
#10579=DIRECTION('center_axis',(7.11083463664277E-17,9.48111284885703E-17,
1.));
#10580=DIRECTION('ref_axis',(1.,-6.74186256395714E-33,-7.11083463664277E-17));
#10581=DIRECTION('center_axis',(-7.11083463664277E-17,-9.48111284885703E-17,
-1.));
#10582=DIRECTION('ref_axis',(6.12323399573677E-17,1.,-9.48111284885703E-17));
#10583=DIRECTION('center_axis',(-1.,0.,0.));
#10584=DIRECTION('ref_axis',(0.,1.,0.));
#10585=DIRECTION('center_axis',(7.11083463664277E-17,0.,1.));
#10586=DIRECTION('ref_axis',(-1.,0.,7.11083463664277E-17));
#10587=DIRECTION('center_axis',(-7.11083463664277E-17,0.,-1.));
#10588=DIRECTION('ref_axis',(-6.12323399573677E-17,-1.,4.35413043851535E-33));
#10589=DIRECTION('center_axis',(-6.12323399573677E-17,-1.16573417585641E-15,
-1.));
#10590=DIRECTION('ref_axis',(-6.45824759887272E-32,-1.,1.16573417585641E-15));
#10591=DIRECTION('center_axis',(-1.,0.,0.));
#10592=DIRECTION('ref_axis',(0.,-1.,0.));
#10593=DIRECTION('center_axis',(-7.49879891330928E-33,-1.,-1.22464679914735E-16));
#10594=DIRECTION('ref_axis',(-9.18338008663386E-49,-1.22464679914735E-16,
1.));
#10595=DIRECTION('center_axis',(1.98254111540207E-17,1.,0.));
#10596=DIRECTION('ref_axis',(-1.,1.98254111540207E-17,0.));
#10597=DIRECTION('center_axis',(-1.98254111540206E-17,-1.,0.));
#10598=DIRECTION('ref_axis',(-6.12323399573677E-17,1.21395631557758E-33,
1.));
#10599=DIRECTION('center_axis',(-1.,0.,0.));
#10600=DIRECTION('ref_axis',(0.,0.,1.));
#10601=DIRECTION('center_axis',(6.12323399573677E-17,-6.12323399573677E-17,
1.));
#10602=DIRECTION('ref_axis',(3.74939945665464E-33,1.,6.12323399573677E-17));
#10603=DIRECTION('center_axis',(-9.48111284885703E-17,-9.48111284885703E-17,
-1.));
#10604=DIRECTION('ref_axis',(-1.,8.98915008527619E-33,9.48111284885703E-17));
#10605=DIRECTION('center_axis',(9.48111284885703E-17,9.48111284885703E-17,
1.));
#10606=DIRECTION('ref_axis',(-6.12323399573677E-17,1.,-9.48111284885703E-17));
#10607=DIRECTION('center_axis',(-1.,0.,0.));
#10608=DIRECTION('ref_axis',(0.,1.,0.));
#10609=DIRECTION('center_axis',(3.03797481395529E-17,0.868243142124462,
0.49613893835683));
#10610=DIRECTION('ref_axis',(1.54074395550979E-32,0.49613893835683,-0.868243142124462));
#10611=DIRECTION('center_axis',(5.10659435552279E-17,-0.868243142124462,
-0.496138938356829));
#10612=DIRECTION('ref_axis',(-1.,5.02233679912125E-16,-9.81835639621808E-16));
#10613=DIRECTION('center_axis',(-5.10659435552281E-17,0.868243142124462,
0.496138938356829));
#10614=DIRECTION('ref_axis',(1.60812264967664E-16,0.496138938356829,-0.868243142124462));
#10615=DIRECTION('center_axis',(1.,0.,-6.12323399573677E-17));
#10616=DIRECTION('ref_axis',(0.,0.868243142124462,0.496138938356829));
#10617=DIRECTION('center_axis',(6.12323399573677E-17,-1.0547118733939E-15,
1.));
#10618=DIRECTION('ref_axis',(2.77555756156289E-16,1.,1.0547118733939E-15));
#10619=DIRECTION('center_axis',(-7.11567456222525E-17,0.,-1.));
#10620=DIRECTION('ref_axis',(-1.,1.11022302462516E-15,7.11567456222525E-17));
#10621=DIRECTION('center_axis',(7.11567456222525E-17,1.09476442525376E-47,
1.));
#10622=DIRECTION('ref_axis',(1.04899068466779E-15,1.,-7.46427633090184E-32));
#10623=DIRECTION('center_axis',(-1.,0.,6.12323399573677E-17));
#10624=DIRECTION('ref_axis',(-3.70074341541719E-17,6.66133814775094E-16,
-1.));
#10625=DIRECTION('center_axis',(-6.12323399573677E-17,1.38777878078145E-15,
-1.));
#10626=DIRECTION('ref_axis',(1.09476442525376E-47,-1.,-1.38777878078145E-15));
#10627=DIRECTION('center_axis',(7.11567456222525E-17,0.,1.));
#10628=DIRECTION('ref_axis',(-1.,0.,7.11567456222525E-17));
#10629=DIRECTION('center_axis',(-7.11567456222526E-17,0.,-1.));
#10630=DIRECTION('ref_axis',(-6.12323399573677E-17,-1.,4.35709403820171E-33));
#10631=DIRECTION('center_axis',(1.,0.,-6.12323399573677E-17));
#10632=DIRECTION('ref_axis',(0.,0.,-1.));
#10633=DIRECTION('center_axis',(-3.0379748139553E-17,0.86824314212446,-0.496138938356832));
#10634=DIRECTION('ref_axis',(1.84889274661175E-32,-0.496138938356832,-0.86824314212446));
#10635=DIRECTION('center_axis',(5.10659435552279E-17,-0.868243142124461,
0.496138938356831));
#10636=DIRECTION('ref_axis',(-1.,-4.43376552879415E-17,2.53358030216806E-17));
#10637=DIRECTION('center_axis',(-5.10659435552279E-17,0.868243142124461,
-0.496138938356831));
#10638=DIRECTION('ref_axis',(1.60812264967664E-16,-0.496138938356831,-0.868243142124461));
#10639=DIRECTION('center_axis',(-1.,0.,0.));
#10640=DIRECTION('ref_axis',(0.,-0.496138938356831,-0.868243142124461));
#10641=DIRECTION('center_axis',(-1.,0.,6.12323399573677E-17));
#10642=DIRECTION('ref_axis',(-4.62592926927149E-17,0.,-1.));
#10643=DIRECTION('center_axis',(-6.93889390390723E-17,1.73472347597681E-16,
-1.));
#10644=DIRECTION('ref_axis',(1.,-6.12323399573676E-17,-6.93889390390723E-17));
#10645=DIRECTION('center_axis',(6.12323399573677E-17,2.77555756156289E-16,
1.));
#10646=DIRECTION('ref_axis',(1.,3.28429327576129E-47,-6.12323399573677E-17));
#10647=DIRECTION('center_axis',(-6.93889390390723E-17,1.73472347597681E-16,
-1.));
#10648=DIRECTION('ref_axis',(-2.77555756156289E-16,1.,1.73472347597681E-16));
#10649=DIRECTION('center_axis',(6.93889390390723E-17,-1.73472347597681E-16,
1.));
#10650=DIRECTION('ref_axis',(1.,3.38788096113657E-16,-6.93889390390722E-17));
#10651=DIRECTION('center_axis',(-1.,0.,6.12323399573677E-17));
#10652=DIRECTION('ref_axis',(4.62592926927148E-17,0.,1.));
#10653=DIRECTION('center_axis',(-6.12323399573677E-17,-7.21644966006352E-16,
-1.));
#10654=DIRECTION('ref_axis',(1.,-4.4188009887024E-32,-6.12323399573677E-17));
#10655=DIRECTION('center_axis',(6.93889390390723E-17,-1.73472347597681E-16,
1.));
#10656=DIRECTION('ref_axis',(-1.20370621524202E-32,-1.,-1.73472347597681E-16));
#10657=DIRECTION('center_axis',(-1.,0.,6.12323399573677E-17));
#10658=DIRECTION('ref_axis',(-4.62592926927149E-17,4.44089209850063E-16,
-1.));
#10659=DIRECTION('center_axis',(-6.93889390390723E-17,1.73472347597681E-16,
-1.));
#10660=DIRECTION('ref_axis',(-1.,-7.714349285115E-16,6.93889390390721E-17));
#10661=DIRECTION('center_axis',(6.12323399573677E-17,-6.10622663543836E-16,
1.));
#10662=DIRECTION('ref_axis',(-1.,7.66335097677634E-47,6.12323399573677E-17));
#10663=DIRECTION('center_axis',(-1.04083408558608E-16,2.08166817117217E-16,
-1.));
#10664=DIRECTION('ref_axis',(-2.16667118743564E-32,-1.,-2.08166817117217E-16));
#10665=DIRECTION('center_axis',(1.04083408558608E-16,-2.08166817117217E-16,
1.));
#10666=DIRECTION('ref_axis',(-1.,-6.12323399573677E-17,1.04083408558608E-16));
#10667=DIRECTION('center_axis',(-1.,0.,6.12323399573677E-17));
#10668=DIRECTION('ref_axis',(4.62592926927148E-17,-2.77555756156289E-16,
1.));
#10669=DIRECTION('center_axis',(-6.12323399573677E-17,2.22044604925031E-16,
-1.));
#10670=DIRECTION('ref_axis',(-1.,1.11022302462516E-15,6.12323399573679E-17));
#10671=DIRECTION('center_axis',(6.93889390390723E-17,-1.73472347597681E-16,
1.));
#10672=DIRECTION('ref_axis',(-8.32667268468868E-16,1.,1.73472347597681E-16));
#10673=DIRECTION('',(0.,0.,1.));
#10674=DIRECTION('',(1.,0.,0.));
#10675=DIRECTION('',(0.,0.,1.));
#10676=DIRECTION('',(1.,0.,0.));
#10677=DIRECTION('',(1.73472347597681E-18,-6.41762798593122E-17,1.));
#10678=DIRECTION('',(-2.13821176807376E-50,1.,6.41762798593122E-17));
#10679=DIRECTION('',(6.12323411962256E-17,0.,1.));
#10680=DIRECTION('',(5.55111512312646E-17,-1.,-3.39907775238807E-33));
#10681=DIRECTION('',(0.,0.,1.));
#10682=DIRECTION('',(8.90108437032062E-17,1.,0.));
#10683=DIRECTION('',(-6.93889390390723E-18,-5.7273431986182E-17,1.));
#10684=DIRECTION('',(-2.46519032881566E-32,1.,5.7273431986182E-17));
#10685=CARTESIAN_POINT('',(0.,0.,0.));
#10686=CARTESIAN_POINT('',(0.,0.,0.));
#10687=CARTESIAN_POINT('Origin',(0.,0.,0.));
#10688=CARTESIAN_POINT('',(-5.5,-2.4,0.));
#10689=CARTESIAN_POINT('',(5.5,-2.4,0.));
#10690=CARTESIAN_POINT('',(-5.5,-2.4,0.));
#10691=CARTESIAN_POINT('',(-9.25,-2.4,0.));
#10692=CARTESIAN_POINT('',(-9.25,-2.4,0.));
#10693=CARTESIAN_POINT('',(-9.75,-1.9,0.));
#10694=CARTESIAN_POINT('Origin',(-9.25,-1.9,0.));
#10695=CARTESIAN_POINT('',(-9.75,1.9,0.));
#10696=CARTESIAN_POINT('',(-9.75,1.9,0.));
#10697=CARTESIAN_POINT('',(-9.25,2.4,0.));
#10698=CARTESIAN_POINT('Origin',(-9.25,1.9,0.));
#10699=CARTESIAN_POINT('',(-5.5,2.4,0.));
#10700=CARTESIAN_POINT('',(-5.5,2.4,0.));
#10701=CARTESIAN_POINT('',(5.5,2.4,0.));
#10702=CARTESIAN_POINT('',(-5.5,2.4,0.));
#10703=CARTESIAN_POINT('',(9.25,2.4,0.));
#10704=CARTESIAN_POINT('',(9.25,2.4,0.));
#10705=CARTESIAN_POINT('',(9.75,1.9,0.));
#10706=CARTESIAN_POINT('Origin',(9.25,1.9,0.));
#10707=CARTESIAN_POINT('',(9.75,-1.9,0.));
#10708=CARTESIAN_POINT('',(9.75,-1.9,0.));
#10709=CARTESIAN_POINT('',(9.25,-2.4,0.));
#10710=CARTESIAN_POINT('Origin',(9.25,-1.9,0.));
#10711=CARTESIAN_POINT('',(5.5,-2.4,0.));
#10712=CARTESIAN_POINT('',(-3.25,-1.7,0.));
#10713=CARTESIAN_POINT('',(3.25,-1.7,0.));
#10714=CARTESIAN_POINT('',(-3.25,-1.7,0.));
#10715=CARTESIAN_POINT('',(3.25,1.7,0.));
#10716=CARTESIAN_POINT('',(3.25,-1.7,0.));
#10717=CARTESIAN_POINT('',(-3.25,1.7,0.));
#10718=CARTESIAN_POINT('',(3.25,1.7,0.));
#10719=CARTESIAN_POINT('',(-3.25,1.7,0.));
#10720=CARTESIAN_POINT('',(8.6,6.62042826511945E-17,0.));
#10721=CARTESIAN_POINT('Origin',(7.5,6.62042826511941E-17,0.));
#10722=CARTESIAN_POINT('',(-6.4,3.70983800043286E-15,0.));
#10723=CARTESIAN_POINT('Origin',(-7.5,3.70983800043286E-15,0.));
#10724=CARTESIAN_POINT('Origin',(-7.5,3.70983800043286E-15,0.));
#10725=CARTESIAN_POINT('',(-6.4,3.70983800043286E-15,0.4));
#10726=CARTESIAN_POINT('',(-6.4,3.70983800043286E-15,0.));
#10727=CARTESIAN_POINT('Origin',(-7.5,3.70983800043286E-15,0.4));
#10728=CARTESIAN_POINT('Origin',(7.5,6.62042826511941E-17,0.));
#10729=CARTESIAN_POINT('',(8.6,6.62042826511945E-17,0.4));
#10730=CARTESIAN_POINT('',(8.6,6.62042826511945E-17,0.));
#10731=CARTESIAN_POINT('Origin',(7.5,6.62042826511941E-17,0.4));
#10732=CARTESIAN_POINT('Origin',(-3.25,1.7,0.));
#10733=CARTESIAN_POINT('',(-3.25,-1.7,0.4));
#10734=CARTESIAN_POINT('',(-3.25,1.7,0.4));
#10735=CARTESIAN_POINT('',(-3.25,1.7,0.4));
#10736=CARTESIAN_POINT('',(-3.25,-1.7,0.));
#10737=CARTESIAN_POINT('',(-3.25,1.7,0.));
#10738=CARTESIAN_POINT('Origin',(3.25,1.7,0.));
#10739=CARTESIAN_POINT('',(3.25,1.7,0.4));
#10740=CARTESIAN_POINT('',(3.25,1.7,0.4));
#10741=CARTESIAN_POINT('',(3.25,1.7,0.));
#10742=CARTESIAN_POINT('Origin',(3.25,-1.7,0.));
#10743=CARTESIAN_POINT('',(3.25,-1.7,0.4));
#10744=CARTESIAN_POINT('',(3.25,-1.7,0.4));
#10745=CARTESIAN_POINT('',(3.25,-1.7,0.));
#10746=CARTESIAN_POINT('Origin',(-3.25,-1.7,0.));
#10747=CARTESIAN_POINT('',(-3.25,-1.7,0.4));
#10748=CARTESIAN_POINT('Origin',(5.5,-2.4,0.));
#10749=CARTESIAN_POINT('',(9.25,-2.4,0.4));
#10750=CARTESIAN_POINT('',(9.25,-2.4,0.));
#10751=CARTESIAN_POINT('',(5.5,-2.4,0.4));
#10752=CARTESIAN_POINT('',(5.5,-2.4,0.4));
#10753=CARTESIAN_POINT('',(5.5,-2.4,0.));
#10754=CARTESIAN_POINT('Origin',(9.25,-1.9,0.));
#10755=CARTESIAN_POINT('',(9.75,-1.9,0.4));
#10756=CARTESIAN_POINT('',(9.75,-1.9,0.));
#10757=CARTESIAN_POINT('Origin',(9.25,-1.9,0.4));
#10758=CARTESIAN_POINT('Origin',(9.75,-1.9,0.));
#10759=CARTESIAN_POINT('',(9.75,1.9,0.4));
#10760=CARTESIAN_POINT('',(9.75,1.9,0.));
#10761=CARTESIAN_POINT('',(9.75,-1.9,0.4));
#10762=CARTESIAN_POINT('Origin',(9.25,1.9,0.));
#10763=CARTESIAN_POINT('',(9.25,2.4,0.4));
#10764=CARTESIAN_POINT('',(9.25,2.4,0.));
#10765=CARTESIAN_POINT('Origin',(9.25,1.9,0.4));
#10766=CARTESIAN_POINT('Origin',(9.25,2.4,0.));
#10767=CARTESIAN_POINT('',(5.5,2.4,0.4));
#10768=CARTESIAN_POINT('',(5.5,2.4,0.));
#10769=CARTESIAN_POINT('',(9.25,2.4,0.4));
#10770=CARTESIAN_POINT('Origin',(5.5,2.4,-0.1));
#10771=CARTESIAN_POINT('',(-5.25,2.5,-0.1));
#10772=CARTESIAN_POINT('',(5.25,2.5,-0.0999999999999988));
#10773=CARTESIAN_POINT('',(-5.25,2.5,-0.0999999999999998));
#10774=CARTESIAN_POINT('',(5.25,2.48200729369357,-0.0427740986872592));
#10775=CARTESIAN_POINT('Origin',(5.25,2.4,-0.100000000000001));
#10776=CARTESIAN_POINT('Ctrl Pts',(5.5,2.4,2.77301646272113E-17));
#10777=CARTESIAN_POINT('Ctrl Pts',(5.49273272070626,2.4,2.77295995548071E-17));
#10778=CARTESIAN_POINT('Ctrl Pts',(5.48547109809207,2.40012189161305,3.51620516921387E-7));
#10779=CARTESIAN_POINT('Ctrl Pts',(5.47824053652049,2.40036490446102,-1.43619535097894E-7));
#10780=CARTESIAN_POINT('Ctrl Pts',(5.46648287173374,2.400760069287,-9.4893271342163E-7));
#10781=CARTESIAN_POINT('Ctrl Pts',(5.45480729764665,2.40147540815116,-3.99626361712976E-6));
#10782=CARTESIAN_POINT('Ctrl Pts',(5.44332135180985,2.40250350591856,-2.9728629729553E-5));
#10783=CARTESIAN_POINT('Ctrl Pts',(5.43834807845451,2.40294865961386,-4.0870427938931E-5));
#10784=CARTESIAN_POINT('Ctrl Pts',(5.43341035885736,2.40345247330224,-5.62646948622322E-5));
#10785=CARTESIAN_POINT('Ctrl Pts',(5.42851663731267,2.40401369899988,-7.90042723468181E-5));
#10786=CARTESIAN_POINT('Ctrl Pts',(5.42070579531607,2.40490946824393,-0.000115298786691184));
#10787=CARTESIAN_POINT('Ctrl Pts',(5.41300668829798,2.40595159571966,-0.000169544175719502));
#10788=CARTESIAN_POINT('Ctrl Pts',(5.40545772486253,2.40713469097006,-0.000254281823072078));
#10789=CARTESIAN_POINT('Ctrl Pts',(5.39330386287844,2.40903947915859,-0.000390709781637005));
#10790=CARTESIAN_POINT('Ctrl Pts',(5.3815392671387,2.41130973498661,-0.000606197569190652));
#10791=CARTESIAN_POINT('Ctrl Pts',(5.37031373637049,2.41390400271204,-0.000970890940991457));
#10792=CARTESIAN_POINT('Ctrl Pts',(5.3702797141268,2.41391186539672,-0.000971996250577584));
#10793=CARTESIAN_POINT('Ctrl Pts',(5.37024569683576,2.41391973105792,-0.000973102918884072));
#10794=CARTESIAN_POINT('Ctrl Pts',(5.37021168450137,2.41392759969452,-0.000974210947869703));
#10795=CARTESIAN_POINT('Ctrl Pts',(5.35930587317265,2.41645062164079,-0.00132949250324961));
#10796=CARTESIAN_POINT('Ctrl Pts',(5.34890963409326,2.41927954808905,-0.00182466490640229));
#10797=CARTESIAN_POINT('Ctrl Pts',(5.33914314596863,2.42235696315897,-0.00253059690440061));
#10798=CARTESIAN_POINT('Ctrl Pts',(5.33504943999503,2.42364688767372,-0.00282649426282504));
#10799=CARTESIAN_POINT('Ctrl Pts',(5.33106638201442,2.42498046995165,-0.00315942131894431));
#10800=CARTESIAN_POINT('Ctrl Pts',(5.32720177388973,2.42635190765378,-0.00353419967515293));
#10801=CARTESIAN_POINT('Ctrl Pts',(5.32210292309517,2.42816134239894,-0.00402867126391023));
#10802=CARTESIAN_POINT('Ctrl Pts',(5.31721015770438,2.43003680782651,-0.004595667795943));
#10803=CARTESIAN_POINT('Ctrl Pts',(5.31254174079736,2.43196492396238,-0.00524617949000289));
#10804=CARTESIAN_POINT('Ctrl Pts',(5.30569830071298,2.43479135260282,-0.00619976566089237));
#10805=CARTESIAN_POINT('Ctrl Pts',(5.29933696897535,2.43773092583624,-0.00733282275637314));
#10806=CARTESIAN_POINT('Ctrl Pts',(5.29350643617479,2.44073158421421,-0.00867108747144643));
#10807=CARTESIAN_POINT('Ctrl Pts',(5.2927694464584,2.44111087277027,-0.00884024651171907));
#10808=CARTESIAN_POINT('Ctrl Pts',(5.29204093577339,2.44149114250496,-0.00901267394164873));
#10809=CARTESIAN_POINT('Ctrl Pts',(5.29132100037257,2.44187228915026,-0.00918842311898843));
#10810=CARTESIAN_POINT('Ctrl Pts',(5.28520084253945,2.44511240989464,-0.0106824636997493));
#10811=CARTESIAN_POINT('Ctrl Pts',(5.27970034044089,2.4484159315204,-0.0124165510079291));
#10812=CARTESIAN_POINT('Ctrl Pts',(5.27486776087025,2.4517108883943,-0.0144071949464651));
#10813=CARTESIAN_POINT('Ctrl Pts',(5.27315635121813,2.45287776436911,-0.0151121615591317));
#10814=CARTESIAN_POINT('Ctrl Pts',(5.27152871505273,2.45404356270343,-0.0158493047389371));
#10815=CARTESIAN_POINT('Ctrl Pts',(5.2699864960623,2.45520498317568,-0.0166184853209925));
#10816=CARTESIAN_POINT('Ctrl Pts',(5.26717488420383,2.45732236312802,-0.0180207746581299));
#10817=CARTESIAN_POINT('Ctrl Pts',(5.26464658186782,2.45942594542788,-0.0195295628761476));
#10818=CARTESIAN_POINT('Ctrl Pts',(5.26241300336627,2.46149472317953,-0.0211430193944156));
#10819=CARTESIAN_POINT('Ctrl Pts',(5.25955007416711,2.46414641606953,-0.0232110961486238));
#10820=CARTESIAN_POINT('Ctrl Pts',(5.25717147449044,2.46674087962109,-0.0254511614986759));
#10821=CARTESIAN_POINT('Ctrl Pts',(5.25529096050412,2.4692370234173,-0.0278456673005486));
#10822=CARTESIAN_POINT('Ctrl Pts',(5.25465347037031,2.47008321071197,-0.0286573995371335));
#10823=CARTESIAN_POINT('Ctrl Pts',(5.25407323288923,2.47091800704101,-0.0294868169486137));
#10824=CARTESIAN_POINT('Ctrl Pts',(5.25355047990617,2.47174020484395,-0.0303335859603755));
#10825=CARTESIAN_POINT('Ctrl Pts',(5.25137901068482,2.47515554111326,-0.0338509888374942));
#10826=CARTESIAN_POINT('Ctrl Pts',(5.25019562423552,2.47835460323199,-0.037666918175292));
#10827=CARTESIAN_POINT('Ctrl Pts',(5.25002221178584,2.48126783251817,-0.0417288795968303));
#10828=CARTESIAN_POINT('Ctrl Pts',(5.25000741399641,2.48151642685855,-0.0420754985962531));
#10829=CARTESIAN_POINT('Ctrl Pts',(5.25,2.48176293026654,-0.0424239148916548));
#10830=CARTESIAN_POINT('Ctrl Pts',(5.25,2.48200729369357,-0.0427740986872592));
#10831=CARTESIAN_POINT('',(-5.25,2.48200729369357,-0.04277409868726));
#10832=CARTESIAN_POINT('Ctrl Pts',(-5.25,2.48200729369357,-0.0427740986872592));
#10833=CARTESIAN_POINT('Ctrl Pts',(-5.25,2.48077782886563,-0.0410122202210778));
#10834=CARTESIAN_POINT('Ctrl Pts',(-5.25018708064946,2.47949671460558,-0.0392969376608655));
#10835=CARTESIAN_POINT('Ctrl Pts',(-5.25055747172833,2.47816880462728,-0.0376321896465188));
#10836=CARTESIAN_POINT('Ctrl Pts',(-5.25115654736323,2.4760210247299,-0.0349396032680287));
#10837=CARTESIAN_POINT('Ctrl Pts',(-5.25223441994454,2.47375101590444,-0.032378996406331));
#10838=CARTESIAN_POINT('Ctrl Pts',(-5.25378256381506,2.47138125680797,-0.0299635670564388));
#10839=CARTESIAN_POINT('Ctrl Pts',(-5.25486253098937,2.46972814039937,-0.0282785916097498));
#10840=CARTESIAN_POINT('Ctrl Pts',(-5.25617165673094,2.46802636819606,-0.0266643201594302));
#10841=CARTESIAN_POINT('Ctrl Pts',(-5.25770899244497,2.46628467442549,-0.0251230777880008));
#10842=CARTESIAN_POINT('Ctrl Pts',(-5.2589916491235,2.46483151417794,-0.0238371616391088));
#10843=CARTESIAN_POINT('Ctrl Pts',(-5.26043292487787,2.46335134001241,-0.0226023178391426));
#10844=CARTESIAN_POINT('Ctrl Pts',(-5.26203056580484,2.46185162029877,-0.021422002499289));
#10845=CARTESIAN_POINT('Ctrl Pts',(-5.26553528237112,2.45856171176146,-0.0188327656719178));
#10846=CARTESIAN_POINT('Ctrl Pts',(-5.26979311913089,2.45517768675536,-0.0165061741335683));
#10847=CARTESIAN_POINT('Ctrl Pts',(-5.27475854674018,2.45178565541346,-0.0144519011176397));
#10848=CARTESIAN_POINT('Ctrl Pts',(-5.27582412559491,2.45105772679243,-0.0140110549187117));
#10849=CARTESIAN_POINT('Ctrl Pts',(-5.27692225529711,2.4503294323478,-0.0135827368621942));
#10850=CARTESIAN_POINT('Ctrl Pts',(-5.27805229559504,2.44960160130795,-0.0131667965081225));
#10851=CARTESIAN_POINT('Ctrl Pts',(-5.28248729213369,2.44674512959772,-0.0115343821296559));
#10852=CARTESIAN_POINT('Ctrl Pts',(-5.28741603571746,2.44389347284781,-0.0100932926414223));
#10853=CARTESIAN_POINT('Ctrl Pts',(-5.29280688668731,2.44109376059699,-0.00883193784565251));
#10854=CARTESIAN_POINT('Ctrl Pts',(-5.29729234767718,2.43876425823193,-0.00778242678284261));
#10855=CARTESIAN_POINT('Ctrl Pts',(-5.30209774136854,2.43647070584774,-0.00685734428820062));
#10856=CARTESIAN_POINT('Ctrl Pts',(-5.30720040050659,2.43423661390571,-0.00604333835207758));
#10857=CARTESIAN_POINT('Ctrl Pts',(-5.31050646204741,2.43278912442065,-0.00551593613950429));
#10858=CARTESIAN_POINT('Ctrl Pts',(-5.31393727891765,2.43136654009081,-0.00503535981765764));
#10859=CARTESIAN_POINT('Ctrl Pts',(-5.31748654384967,2.42997527308243,-0.004598164732421));
#10860=CARTESIAN_POINT('Ctrl Pts',(-5.32655615908351,2.42642009850539,-0.00348097813712323));
#10861=CARTESIAN_POINT('Ctrl Pts',(-5.33639924965904,2.42306944265599,-0.0026470724997804));
#10862=CARTESIAN_POINT('Ctrl Pts',(-5.34689068659466,2.42000661618845,-0.00202094982873269));
#10863=CARTESIAN_POINT('Ctrl Pts',(-5.3566417948082,2.41715991820918,-0.00143900953229763));
#10864=CARTESIAN_POINT('Ctrl Pts',(-5.36695287061435,2.41456116335109,-0.00103772659592312));
#10865=CARTESIAN_POINT('Ctrl Pts',(-5.37771142175579,2.41225789406542,-0.000753508194921913));
#10866=CARTESIAN_POINT('Ctrl Pts',(-5.38527675341245,2.41063825255314,-0.000553647968556047));
#10867=CARTESIAN_POINT('Ctrl Pts',(-5.3930633546904,2.40916471466714,-0.00041167231531296));
#10868=CARTESIAN_POINT('Ctrl Pts',(-5.401028699419,2.40784790188021,-0.000308052583209032));
#10869=CARTESIAN_POINT('Ctrl Pts',(-5.40463590283037,2.40725156716539,-0.000261127125006517));
#10870=CARTESIAN_POINT('Ctrl Pts',(-5.40827982624626,2.40668735903519,-0.000222128273038937));
#10871=CARTESIAN_POINT('Ctrl Pts',(-5.41195644890982,2.40615627631055,-0.000189282086248271));
#10872=CARTESIAN_POINT('Ctrl Pts',(-5.42531157209701,2.40422714845076,-6.99701766616718E-5));
#10873=CARTESIAN_POINT('Ctrl Pts',(-5.43909818775655,2.40273516999774,-3.18290932698639E-5));
#10874=CARTESIAN_POINT('Ctrl Pts',(-5.45311149040899,2.40170624419484,-1.41596555820237E-5));
#10875=CARTESIAN_POINT('Ctrl Pts',(-5.46855279862305,2.40057246717981,5.31036087835788E-6));
#10876=CARTESIAN_POINT('Ctrl Pts',(-5.48426982207263,2.4,9.18647398326425E-20));
#10877=CARTESIAN_POINT('Ctrl Pts',(-5.5,2.4,1.19011403598099E-33));
#10878=CARTESIAN_POINT('Origin',(-5.25,2.39999999999996,-0.100000000000027));
#10879=CARTESIAN_POINT('Origin',(-5.5,2.4,0.));
#10880=CARTESIAN_POINT('',(-9.25,2.4,0.4));
#10881=CARTESIAN_POINT('',(-9.25,2.4,0.));
#10882=CARTESIAN_POINT('',(-5.5,2.4,0.4));
#10883=CARTESIAN_POINT('',(-5.5,2.4,0.4));
#10884=CARTESIAN_POINT('',(-5.5,2.4,0.));
#10885=CARTESIAN_POINT('Origin',(-9.25,1.9,0.));
#10886=CARTESIAN_POINT('',(-9.75,1.9,0.4));
#10887=CARTESIAN_POINT('',(-9.75,1.9,0.));
#10888=CARTESIAN_POINT('Origin',(-9.25,1.9,0.4));
#10889=CARTESIAN_POINT('Origin',(-9.75,1.9,0.));
#10890=CARTESIAN_POINT('',(-9.75,-1.9,0.4));
#10891=CARTESIAN_POINT('',(-9.75,-1.9,0.));
#10892=CARTESIAN_POINT('',(-9.75,1.9,0.4));
#10893=CARTESIAN_POINT('Origin',(-9.25,-1.9,0.));
#10894=CARTESIAN_POINT('',(-9.25,-2.4,0.4));
#10895=CARTESIAN_POINT('',(-9.25,-2.4,0.));
#10896=CARTESIAN_POINT('Origin',(-9.25,-1.9,0.4));
#10897=CARTESIAN_POINT('Origin',(-9.25,-2.4,0.));
#10898=CARTESIAN_POINT('',(-5.5,-2.4,0.4));
#10899=CARTESIAN_POINT('',(-5.5,-2.4,0.));
#10900=CARTESIAN_POINT('',(-9.25,-2.4,0.4));
#10901=CARTESIAN_POINT('Origin',(-5.5,-2.4,-0.1));
#10902=CARTESIAN_POINT('',(-5.25,-2.5,-0.0999999999999996));
#10903=CARTESIAN_POINT('',(5.25,-2.5,-0.0999999999999996));
#10904=CARTESIAN_POINT('',(-5.25,-2.5,-0.0999999999999998));
#10905=CARTESIAN_POINT('',(-5.25,-2.48200729369358,-0.0427740986872593));
#10906=CARTESIAN_POINT('Origin',(-5.25,-2.4,-0.100000000000001));
#10907=CARTESIAN_POINT('Ctrl Pts',(-5.5,-2.4,-1.38269658309792E-17));
#10908=CARTESIAN_POINT('Ctrl Pts',(-5.49273272070625,-2.4,-1.3826400758575E-17));
#10909=CARTESIAN_POINT('Ctrl Pts',(-5.48547109809205,-2.40012189161306,
3.51620517108057E-7));
#10910=CARTESIAN_POINT('Ctrl Pts',(-5.47824053652046,-2.40036490446102,
-1.43619534931361E-7));
#10911=CARTESIAN_POINT('Ctrl Pts',(-5.46648287173371,-2.40076006928701,
-9.48932713314006E-7));
#10912=CARTESIAN_POINT('Ctrl Pts',(-5.45480729764661,-2.40147540815117,
-3.99626361723684E-6));
#10913=CARTESIAN_POINT('Ctrl Pts',(-5.44332135180981,-2.40250350591857,
-2.97286297297748E-5));
#10914=CARTESIAN_POINT('Ctrl Pts',(-5.43834807845484,-2.40294865961384,
-4.08704279383357E-5));
#10915=CARTESIAN_POINT('Ctrl Pts',(-5.43341035885807,-2.40345247330218,
-5.62646948600955E-5));
#10916=CARTESIAN_POINT('Ctrl Pts',(-5.42851663731373,-2.40401369899977,
-7.90042723419222E-5));
#10917=CARTESIAN_POINT('Ctrl Pts',(-5.42070579531676,-2.40490946824384,
-0.000115298786686345));
#10918=CARTESIAN_POINT('Ctrl Pts',(-5.41300668829829,-2.40595159571962,
-0.000169544175716024));
#10919=CARTESIAN_POINT('Ctrl Pts',(-5.40545772486249,-2.40713469097008,
-0.000254281823072856));
#10920=CARTESIAN_POINT('Ctrl Pts',(-5.39330386287894,-2.40903947915853,
-0.000390709781632186));
#10921=CARTESIAN_POINT('Ctrl Pts',(-5.3815392671397,-2.41130973498643,-0.000606197569173361));
#10922=CARTESIAN_POINT('Ctrl Pts',(-5.37031373637193,-2.41390400271172,
-0.000970890940945117));
#10923=CARTESIAN_POINT('Ctrl Pts',(-5.37027971412775,-2.41391186539651,
-0.000971996250547237));
#10924=CARTESIAN_POINT('Ctrl Pts',(-5.37024569683622,-2.41391973105783,
-0.00097310291886972));
#10925=CARTESIAN_POINT('Ctrl Pts',(-5.37021168450133,-2.41392759969453,
-0.000974210947871368));
#10926=CARTESIAN_POINT('Ctrl Pts',(-5.35930587317262,-2.41645062164081,
-0.00132949250325125));
#10927=CARTESIAN_POINT('Ctrl Pts',(-5.34890963409322,-2.41927954808907,
-0.00182466490640517));
#10928=CARTESIAN_POINT('Ctrl Pts',(-5.33914314596859,-2.42235696315899,
-0.00253059690440449));
#10929=CARTESIAN_POINT('Ctrl Pts',(-5.33504943999543,-2.4236468876736,-0.0028264942627977));
#10930=CARTESIAN_POINT('Ctrl Pts',(-5.33106638201523,-2.42498046995139,
-0.00315942131887783));
#10931=CARTESIAN_POINT('Ctrl Pts',(-5.32720177389093,-2.42635190765337,
-0.00353419967503764));
#10932=CARTESIAN_POINT('Ctrl Pts',(-5.32210292309593,-2.42816134239865,
-0.00402867126382314));
#10933=CARTESIAN_POINT('Ctrl Pts',(-5.31721015770474,-2.43003680782637,
-0.00459566779589508));
#10934=CARTESIAN_POINT('Ctrl Pts',(-5.31254174079734,-2.4319649239624,-0.0052461794900075));
#10935=CARTESIAN_POINT('Ctrl Pts',(-5.30569830071334,-2.43479135260268,
-0.00619976566084502));
#10936=CARTESIAN_POINT('Ctrl Pts',(-5.29933696897603,-2.43773092583593,
-0.00733282275625401));
#10937=CARTESIAN_POINT('Ctrl Pts',(-5.29350643617573,-2.44073158421373,
-0.00867108747123145));
#10938=CARTESIAN_POINT('Ctrl Pts',(-5.29276944645901,-2.44111087276995,
-0.00884024651157467));
#10939=CARTESIAN_POINT('Ctrl Pts',(-5.29204093577369,-2.4414911425048,-0.00901267394157768));
#10940=CARTESIAN_POINT('Ctrl Pts',(-5.29132100037255,-2.44187228915027,
-0.00918842311899371));
#10941=CARTESIAN_POINT('Ctrl Pts',(-5.28520084253943,-2.44511240989465,
-0.0106824636997547));
#10942=CARTESIAN_POINT('Ctrl Pts',(-5.27970034044087,-2.44841593152042,
-0.0124165510079362));
#10943=CARTESIAN_POINT('Ctrl Pts',(-5.27486776087024,-2.45171088839432,
-0.0144071949464727));
#10944=CARTESIAN_POINT('Ctrl Pts',(-5.27315635121837,-2.45287776436896,
-0.015112161559038));
#10945=CARTESIAN_POINT('Ctrl Pts',(-5.27152871505319,-2.45404356270311,
-0.0158493047387327));
#10946=CARTESIAN_POINT('Ctrl Pts',(-5.26998649606296,-2.4552049831752,-0.016618485320668));
#10947=CARTESIAN_POINT('Ctrl Pts',(-5.26717488420422,-2.45732236312771,
-0.0180207746578984));
#10948=CARTESIAN_POINT('Ctrl Pts',(-5.26464658186799,-2.45942594542773,
-0.0195295628760264));
#10949=CARTESIAN_POINT('Ctrl Pts',(-5.26241300336627,-2.46149472317954,
-0.0211430193944213));
#10950=CARTESIAN_POINT('Ctrl Pts',(-5.25955007416722,-2.46414641606943,
-0.0232110961485431));
#10951=CARTESIAN_POINT('Ctrl Pts',(-5.25717147449063,-2.46674087962088,
-0.0254511614984948));
#10952=CARTESIAN_POINT('Ctrl Pts',(-5.25529096050435,-2.469237023417,-0.0278456673002542));
#10953=CARTESIAN_POINT('Ctrl Pts',(-5.25465347037045,-2.47008321071177,
-0.0286573995369337));
#10954=CARTESIAN_POINT('Ctrl Pts',(-5.2540732328893,-2.47091800704092,-0.029486816948513));
#10955=CARTESIAN_POINT('Ctrl Pts',(-5.25355047990617,-2.47174020484395,
-0.0303335859603782));
#10956=CARTESIAN_POINT('Ctrl Pts',(-5.25137901068491,-2.47515554111312,
-0.0338509888373377));
#10957=CARTESIAN_POINT('Ctrl Pts',(-5.25019562423563,-2.47835460323171,
-0.037666918174949));
#10958=CARTESIAN_POINT('Ctrl Pts',(-5.25002221178586,-2.48126783251778,
-0.0417288795962838));
#10959=CARTESIAN_POINT('Ctrl Pts',(-5.25000741399642,-2.4815164268583,-0.0420754985958869));
#10960=CARTESIAN_POINT('Ctrl Pts',(-5.25,-2.48176293026642,-0.0424239148914707));
#10961=CARTESIAN_POINT('Ctrl Pts',(-5.25,-2.48200729369358,-0.0427740986872592));
#10962=CARTESIAN_POINT('',(5.25,-2.48200729369358,-0.04277409868726));
#10963=CARTESIAN_POINT('Ctrl Pts',(5.25,-2.48200729369358,-0.0427740986872592));
#10964=CARTESIAN_POINT('Ctrl Pts',(5.25,-2.48077782886567,-0.0410122202211181));
#10965=CARTESIAN_POINT('Ctrl Pts',(5.25018708064945,-2.47949671460565,-0.0392969376609431));
#10966=CARTESIAN_POINT('Ctrl Pts',(5.2505574717283,-2.47816880462738,-0.0376321896466309));
#10967=CARTESIAN_POINT('Ctrl Pts',(5.25115654736319,-2.47602102472999,-0.0349396032681158));
#10968=CARTESIAN_POINT('Ctrl Pts',(5.2522344199445,-2.47375101590452,-0.0323789964063941));
#10969=CARTESIAN_POINT('Ctrl Pts',(5.25378256381502,-2.47138125680802,-0.0299635670564812));
#10970=CARTESIAN_POINT('Ctrl Pts',(5.25486253098933,-2.46972814039941,-0.0282785916097807));
#10971=CARTESIAN_POINT('Ctrl Pts',(5.25617165673091,-2.46802636819609,-0.0266643201594508));
#10972=CARTESIAN_POINT('Ctrl Pts',(5.25770899244495,-2.46628467442551,-0.0251230777880122));
#10973=CARTESIAN_POINT('Ctrl Pts',(5.25899164912347,-2.46483151417797,-0.0238371616391281));
#10974=CARTESIAN_POINT('Ctrl Pts',(5.26043292487783,-2.46335134001245,-0.022602317839169));
#10975=CARTESIAN_POINT('Ctrl Pts',(5.26203056580479,-2.46185162029881,-0.0214220024993218));
#10976=CARTESIAN_POINT('Ctrl Pts',(5.26553528237107,-2.4585617117615,-0.0188327656719476));
#10977=CARTESIAN_POINT('Ctrl Pts',(5.26979311913084,-2.4551776867554,-0.0165061741335951));
#10978=CARTESIAN_POINT('Ctrl Pts',(5.27475854674013,-2.45178565541351,-0.0144519011176642));
#10979=CARTESIAN_POINT('Ctrl Pts',(5.27582412559488,-2.45105772679246,-0.0140110549187273));
#10980=CARTESIAN_POINT('Ctrl Pts',(5.2769222552971,-2.45032943234782,-0.0135827368622015));
#10981=CARTESIAN_POINT('Ctrl Pts',(5.27805229559505,-2.44960160130795,-0.0131667965081219));
#10982=CARTESIAN_POINT('Ctrl Pts',(5.28248729213368,-2.44674512959774,-0.011534382129666));
#10983=CARTESIAN_POINT('Ctrl Pts',(5.28741603571741,-2.44389347284785,-0.0100932926414401));
#10984=CARTESIAN_POINT('Ctrl Pts',(5.29280688668722,-2.44109376059704,-0.00883193784567547));
#10985=CARTESIAN_POINT('Ctrl Pts',(5.2972923476771,-2.43876425823197,-0.00778242678285983));
#10986=CARTESIAN_POINT('Ctrl Pts',(5.30209774136847,-2.43647070584778,-0.00685734428821258));
#10987=CARTESIAN_POINT('Ctrl Pts',(5.30720040050654,-2.43423661390574,-0.00604333835208537));
#10988=CARTESIAN_POINT('Ctrl Pts',(5.31050646204734,-2.43278912442069,-0.0055159361395155));
#10989=CARTESIAN_POINT('Ctrl Pts',(5.31393727891754,-2.43136654009086,-0.00503535981767155));
#10990=CARTESIAN_POINT('Ctrl Pts',(5.31748654384954,-2.42997527308249,-0.00459816473243717));
#10991=CARTESIAN_POINT('Ctrl Pts',(5.32655615908339,-2.42642009850543,-0.00348097813713309));
#10992=CARTESIAN_POINT('Ctrl Pts',(5.33639924965895,-2.42306944265602,-0.0026470724997866));
#10993=CARTESIAN_POINT('Ctrl Pts',(5.3468906865946,-2.42000661618847,-0.00202094982873633));
#10994=CARTESIAN_POINT('Ctrl Pts',(5.35664179480812,-2.41715991820921,-0.00143900953230208));
#10995=CARTESIAN_POINT('Ctrl Pts',(5.36695287061423,-2.41456116335113,-0.00103772659592755));
#10996=CARTESIAN_POINT('Ctrl Pts',(5.37771142175564,-2.41225789406546,-0.000753508194926006));
#10997=CARTESIAN_POINT('Ctrl Pts',(5.38527675341231,-2.41063825255317,-0.000553647968558972));
#10998=CARTESIAN_POINT('Ctrl Pts',(5.39306335469028,-2.40916471466717,-0.000411672315314954));
#10999=CARTESIAN_POINT('Ctrl Pts',(5.40102869941889,-2.40784790188023,-0.000308052583210425));
#11000=CARTESIAN_POINT('Ctrl Pts',(5.40463590283025,-2.40725156716541,-0.00026112712500796));
#11001=CARTESIAN_POINT('Ctrl Pts',(5.40827982624612,-2.40668735903521,-0.000222128273040338));
#11002=CARTESIAN_POINT('Ctrl Pts',(5.41195644890967,-2.40615627631057,-0.00018928208624959));
#11003=CARTESIAN_POINT('Ctrl Pts',(5.4253115720969,-2.40422714845077,-6.99701766620536E-5));
#11004=CARTESIAN_POINT('Ctrl Pts',(5.43909818775648,-2.40273516999775,-3.18290932699092E-5));
#11005=CARTESIAN_POINT('Ctrl Pts',(5.45311149040896,-2.40170624419485,-1.41596555819957E-5));
#11006=CARTESIAN_POINT('Ctrl Pts',(5.46855279862303,-2.40057246717982,5.31036087840937E-6));
#11007=CARTESIAN_POINT('Ctrl Pts',(5.48426982207262,-2.4,0.));
#11008=CARTESIAN_POINT('Ctrl Pts',(5.5,-2.4,0.));
#11009=CARTESIAN_POINT('Origin',(5.25,-2.39999999999996,-0.100000000000027));
#11010=CARTESIAN_POINT('Origin',(0.,0.,0.4));
#11011=CARTESIAN_POINT('',(-5.5,-2.4,0.4));
#11012=CARTESIAN_POINT('',(-5.5,2.4,0.4));
#11013=CARTESIAN_POINT('Ctrl Pts',(5.25,2.81003912584506,0.186131360920769));
#11014=CARTESIAN_POINT('Ctrl Pts',(5.25,2.70069518179457,0.109829541051426));
#11015=CARTESIAN_POINT('Ctrl Pts',(5.25,2.59135123774408,0.0335277211820836));
#11016=CARTESIAN_POINT('Ctrl Pts',(5.25,2.48200729369357,-0.0427740986872592));
#11017=CARTESIAN_POINT('Ctrl Pts',(5.25,2.79456469381812,0.208306918891276));
#11018=CARTESIAN_POINT('Ctrl Pts',(5.25,2.68934727166057,0.126091607315457));
#11019=CARTESIAN_POINT('Ctrl Pts',(5.25,2.58412984950303,0.0438762957396375));
#11020=CARTESIAN_POINT('Ctrl Pts',(5.25,2.47891242734549,-0.0383390158361817));
#11021=CARTESIAN_POINT('Ctrl Pts',(5.25223033375578,2.76213225905601,0.247507010768715));
#11022=CARTESIAN_POINT('Ctrl Pts',(5.25223033375578,2.66556350018089,0.154838324422409));
#11023=CARTESIAN_POINT('Ctrl Pts',(5.25223033375578,2.56899474130576,0.0621696380761039));
#11024=CARTESIAN_POINT('Ctrl Pts',(5.25223033375578,2.47242598243063,-0.0304990482702012));
#11025=CARTESIAN_POINT('Ctrl Pts',(5.26125978669743,2.70965540723207,0.294337626748297));
#11026=CARTESIAN_POINT('Ctrl Pts',(5.26125978669743,2.62708049818275,0.18918075590748));
#11027=CARTESIAN_POINT('Ctrl Pts',(5.26125978669744,2.54450558913344,0.0840238850666619));
#11028=CARTESIAN_POINT('Ctrl Pts',(5.26125978669743,2.46193068008412,-0.0211329857741558));
#11029=CARTESIAN_POINT('Ctrl Pts',(5.27419939525054,2.65859767871436,0.329243472452402));
#11030=CARTESIAN_POINT('Ctrl Pts',(5.27419939525054,2.58963818599606,0.214778361009328));
#11031=CARTESIAN_POINT('Ctrl Pts',(5.27419939525054,2.52067869327775,0.100313249566253));
#11032=CARTESIAN_POINT('Ctrl Pts',(5.27419939525054,2.45171920055945,-0.0141518618768212));
#11033=CARTESIAN_POINT('Ctrl Pts',(5.29096701358538,2.60824874456515,0.355681605212618));
#11034=CARTESIAN_POINT('Ctrl Pts',(5.29096701358538,2.55271565604002,0.234166313610821));
#11035=CARTESIAN_POINT('Ctrl Pts',(5.29096701358538,2.4971825675149,0.112651022009025));
#11036=CARTESIAN_POINT('Ctrl Pts',(5.29096701358538,2.44164947898978,-0.00886426959277155));
#11037=CARTESIAN_POINT('Ctrl Pts',(5.31238863001859,2.55803289740102,0.375330798322922));
#11038=CARTESIAN_POINT('Ctrl Pts',(5.31238863001859,2.51589072314889,0.248575713402225));
#11039=CARTESIAN_POINT('Ctrl Pts',(5.3123886300186,2.47374854889676,0.121820628481529));
#11040=CARTESIAN_POINT('Ctrl Pts',(5.31238863001859,2.43160637464462,-0.00493445643916711));
#11041=CARTESIAN_POINT('Ctrl Pts',(5.33880307698717,2.51014772208341,0.388468843235035));
#11042=CARTESIAN_POINT('Ctrl Pts',(5.33880307698717,2.48077494860488,0.258210273994781));
#11043=CARTESIAN_POINT('Ctrl Pts',(5.33880307698717,2.45140217512636,0.127951704754528));
#11044=CARTESIAN_POINT('Ctrl Pts',(5.33880307698717,2.42202940164784,-0.00230686448572467));
#11045=CARTESIAN_POINT('Ctrl Pts',(5.37003869083352,2.46765172423265,0.395912855297339));
#11046=CARTESIAN_POINT('Ctrl Pts',(5.37003869083351,2.44961123520818,0.2636692129576));
#11047=CARTESIAN_POINT('Ctrl Pts',(5.37003869083352,2.43157074618369,0.131425570617861));
#11048=CARTESIAN_POINT('Ctrl Pts',(5.37003869083352,2.41353025715921,-0.000818071721878388));
#11049=CARTESIAN_POINT('Ctrl Pts',(5.40514336630886,2.43376013111733,0.399135383636033));
#11050=CARTESIAN_POINT('Ctrl Pts',(5.40514336630886,2.42475741489988,0.266032399013674));
#11051=CARTESIAN_POINT('Ctrl Pts',(5.40514336630887,2.41575469868245,0.132929414391314));
#11052=CARTESIAN_POINT('Ctrl Pts',(5.40514336630886,2.406751982465,-0.000173570231045163));
#11053=CARTESIAN_POINT('Ctrl Pts',(5.44168297191605,2.41139550929306,0.399954680732052));
#11054=CARTESIAN_POINT('Ctrl Pts',(5.44168297191605,2.40835670189145,0.266633216530107));
#11055=CARTESIAN_POINT('Ctrl Pts',(5.44168297191605,2.40531789448984,0.133311752328164));
#11056=CARTESIAN_POINT('Ctrl Pts',(5.44168297191605,2.40227908708823,-9.71187377980857E-6));
#11057=CARTESIAN_POINT('Ctrl Pts',(5.47367904678883,2.40159756291158,0.400004801172636));
#11058=CARTESIAN_POINT('Ctrl Pts',(5.47367904678883,2.40117154544493,0.266669971498215));
#11059=CARTESIAN_POINT('Ctrl Pts',(5.47367904678883,2.40074552797828,0.133335141823795));
#11060=CARTESIAN_POINT('Ctrl Pts',(5.47367904678883,2.40031951051162,3.12149373130251E-7));
#11061=CARTESIAN_POINT('Ctrl Pts',(5.49273765632781,2.4,0.400003240415656));
#11062=CARTESIAN_POINT('Ctrl Pts',(5.49273765632781,2.4,0.266668826943771));
#11063=CARTESIAN_POINT('Ctrl Pts',(5.49273765632781,2.4,0.133334413471885));
#11064=CARTESIAN_POINT('Ctrl Pts',(5.49273765632781,2.4,0.));
#11065=CARTESIAN_POINT('Ctrl Pts',(5.5,2.4,0.400003240415656));
#11066=CARTESIAN_POINT('Ctrl Pts',(5.5,2.4,0.266668826943771));
#11067=CARTESIAN_POINT('Ctrl Pts',(5.5,2.4,0.133334413471885));
#11068=CARTESIAN_POINT('Ctrl Pts',(5.5,2.4,0.));
#11069=CARTESIAN_POINT('',(5.25,2.81003646846788,0.186129506563704));
#11070=CARTESIAN_POINT('Ctrl Pts',(5.5,2.4,0.4));
#11071=CARTESIAN_POINT('Ctrl Pts',(5.49084405539913,2.4,0.4));
#11072=CARTESIAN_POINT('Ctrl Pts',(5.48176699453239,2.40096632400413,0.400002631646648));
#11073=CARTESIAN_POINT('Ctrl Pts',(5.46357163846316,2.40479716904355,0.399980760770988));
#11074=CARTESIAN_POINT('Ctrl Pts',(5.45459618675667,2.40768664453534,0.399954578675404));
#11075=CARTESIAN_POINT('Ctrl Pts',(5.42698524847711,2.41944794423246,0.399686767061067));
#11076=CARTESIAN_POINT('Ctrl Pts',(5.40980424192792,2.43118524669048,0.399217457191615));
#11077=CARTESIAN_POINT('Ctrl Pts',(5.36732122620355,2.46910818113875,0.395795492349373));
#11078=CARTESIAN_POINT('Ctrl Pts',(5.34347746121285,2.50154819748737,0.391125732843828));
#11079=CARTESIAN_POINT('Ctrl Pts',(5.30002451768629,2.58181503102504,0.367902916945945));
#11080=CARTESIAN_POINT('Ctrl Pts',(5.28236235493838,2.62935238921604,0.347845500085462));
#11081=CARTESIAN_POINT('Ctrl Pts',(5.26320196158789,2.70160942465628,0.299945348668533));
#11082=CARTESIAN_POINT('Ctrl Pts',(5.25831295497036,2.72568091650432,0.280646027214616));
#11083=CARTESIAN_POINT('Ctrl Pts',(5.25165143645081,2.77083737298585,0.236893608836131));
#11084=CARTESIAN_POINT('Ctrl Pts',(5.25,2.79168669199778,0.212425562609571));
#11085=CARTESIAN_POINT('Ctrl Pts',(5.25,2.81003646846788,0.186129506563704));
#11086=CARTESIAN_POINT('',(5.25,2.48200729369357,-0.0427740986872592));
#11087=CARTESIAN_POINT('Origin',(-5.25,2.81003646846788,0.186129506563704));
#11088=CARTESIAN_POINT('',(-5.25,2.9,-0.1));
#11089=CARTESIAN_POINT('',(-5.25,2.81003646846788,0.186129506563704));
#11090=CARTESIAN_POINT('Origin',(-5.25,2.4,-0.0999999999999994));
#11091=CARTESIAN_POINT('',(-5.25,2.9,-0.1));
#11092=CARTESIAN_POINT('',(-5.25,2.48200729369357,-0.0427740986872592));
#11093=CARTESIAN_POINT('Ctrl Pts',(-5.5,2.4,0.4));
#11094=CARTESIAN_POINT('Ctrl Pts',(-5.5,2.4,0.266666666666667));
#11095=CARTESIAN_POINT('Ctrl Pts',(-5.5,2.4,0.133333333333333));
#11096=CARTESIAN_POINT('Ctrl Pts',(-5.5,2.4,0.));
#11097=CARTESIAN_POINT('Ctrl Pts',(-5.48399574941705,2.4,0.4));
#11098=CARTESIAN_POINT('Ctrl Pts',(-5.48399574941705,2.4,0.266666666666667));
#11099=CARTESIAN_POINT('Ctrl Pts',(-5.48399574941705,2.4,0.133333333333333));
#11100=CARTESIAN_POINT('Ctrl Pts',(-5.48399574941705,2.4,0.));
#11101=CARTESIAN_POINT('Ctrl Pts',(-5.45400516707502,2.40555619438689,0.400051582307073));
#11102=CARTESIAN_POINT('Ctrl Pts',(-5.45400516707502,2.40407454255039,0.266704493691853));
#11103=CARTESIAN_POINT('Ctrl Pts',(-5.45400516707502,2.40259289071388,0.133357405076634));
#11104=CARTESIAN_POINT('Ctrl Pts',(-5.45400516707502,2.40111123887738,1.03164614146768E-5));
#11105=CARTESIAN_POINT('Ctrl Pts',(-5.41287911562631,2.42795321174184,0.39946064194294));
#11106=CARTESIAN_POINT('Ctrl Pts',(-5.41287911562631,2.42049902194402,0.266271137424823));
#11107=CARTESIAN_POINT('Ctrl Pts',(-5.41287911562631,2.41304483214619,0.133081632906705));
#11108=CARTESIAN_POINT('Ctrl Pts',(-5.41287911562631,2.40559064234837,-0.000107871611411976));
#11109=CARTESIAN_POINT('Ctrl Pts',(-5.37724444293777,2.45974712776272,0.396840484631214));
#11110=CARTESIAN_POINT('Ctrl Pts',(-5.37724444293777,2.44381456035933,0.264349688729557));
#11111=CARTESIAN_POINT('Ctrl Pts',(-5.37724444293777,2.42788199295594,0.1318588928279));
#11112=CARTESIAN_POINT('Ctrl Pts',(-5.37724444293777,2.41194942555254,-0.000631903073757159));
#11113=CARTESIAN_POINT('Ctrl Pts',(-5.3453346459966,2.50009437556813,0.39058066032015));
#11114=CARTESIAN_POINT('Ctrl Pts',(-5.3453346459966,2.47340254208329,0.259759150901443));
#11115=CARTESIAN_POINT('Ctrl Pts',(-5.3453346459966,2.44671070859846,0.128937641482736));
#11116=CARTESIAN_POINT('Ctrl Pts',(-5.3453346459966,2.42001887511362,-0.00188386793597011));
#11117=CARTESIAN_POINT('Ctrl Pts',(-5.316592657195,2.54915288471195,0.378304820886228));
#11118=CARTESIAN_POINT('Ctrl Pts',(-5.316592657195,2.50937878212209,0.2507568686499));
#11119=CARTESIAN_POINT('Ctrl Pts',(-5.316592657195,2.46960467953224,0.123208916413573));
#11120=CARTESIAN_POINT('Ctrl Pts',(-5.316592657195,2.42983057694239,-0.00433903582275449));
#11121=CARTESIAN_POINT('Ctrl Pts',(-5.29263747399861,2.60339379119643,0.358110418828992));
#11122=CARTESIAN_POINT('Ctrl Pts',(-5.29263747399861,2.54915544687738,0.235947640474594));
#11123=CARTESIAN_POINT('Ctrl Pts',(-5.29263747399861,2.49491710255833,0.113784862120196));
#11124=CARTESIAN_POINT('Ctrl Pts',(-5.29263747399861,2.44067875823928,-0.00837791623420162));
#11125=CARTESIAN_POINT('Ctrl Pts',(-5.27429023581498,2.65801782746522,0.329750836794972));
#11126=CARTESIAN_POINT('Ctrl Pts',(-5.27429023581498,2.58921307347449,0.215150613649646));
#11127=CARTESIAN_POINT('Ctrl Pts',(-5.27429023581497,2.52040831948377,0.10055039050432));
#11128=CARTESIAN_POINT('Ctrl Pts',(-5.27429023581497,2.45160356549304,-0.0140498326410056));
#11129=CARTESIAN_POINT('Ctrl Pts',(-5.26128151698088,2.70970906246209,0.294218601623566));
#11130=CARTESIAN_POINT('Ctrl Pts',(-5.26128151698087,2.62711997913887,0.189093641190615));
#11131=CARTESIAN_POINT('Ctrl Pts',(-5.26128151698088,2.54453089581564,0.0839686807576642));
#11132=CARTESIAN_POINT('Ctrl Pts',(-5.26128151698088,2.46194181249242,-0.0211562796752868));
#11133=CARTESIAN_POINT('Ctrl Pts',(-5.25360895815349,2.75423752624046,0.254471811486736));
#11134=CARTESIAN_POINT('Ctrl Pts',(-5.25360895815349,2.65977418590967,0.159945995090273));
#11135=CARTESIAN_POINT('Ctrl Pts',(-5.25360895815349,2.56531084557888,0.0654201786938102));
#11136=CARTESIAN_POINT('Ctrl Pts',(-5.25360895815349,2.47084750524809,-0.0291056377026528));
#11137=CARTESIAN_POINT('Ctrl Pts',(-5.25048486050152,2.78720166562073,0.217284660088602));
#11138=CARTESIAN_POINT('Ctrl Pts',(-5.25048486050152,2.68394788812187,0.132675417398308));
#11139=CARTESIAN_POINT('Ctrl Pts',(-5.25048486050153,2.58069411062301,0.0480661747080142));
#11140=CARTESIAN_POINT('Ctrl Pts',(-5.25048486050153,2.47744033312414,-0.0365430679822797));
#11141=CARTESIAN_POINT('Ctrl Pts',(-5.25,2.80391091684227,0.194907697901422));
#11142=CARTESIAN_POINT('Ctrl Pts',(-5.25,2.69620133901766,0.11626564512771));
#11143=CARTESIAN_POINT('Ctrl Pts',(-5.25,2.58849176119306,0.037623592353997));
#11144=CARTESIAN_POINT('Ctrl Pts',(-5.25,2.48078218336845,-0.0410184604197156));
#11145=CARTESIAN_POINT('Ctrl Pts',(-5.25,2.81003646846788,0.186129506563704));
#11146=CARTESIAN_POINT('Ctrl Pts',(-5.25,2.70069341020978,0.109828304813383));
#11147=CARTESIAN_POINT('Ctrl Pts',(-5.25,2.59135035195168,0.0335271030630619));
#11148=CARTESIAN_POINT('Ctrl Pts',(-5.25,2.48200729369357,-0.0427740986872592));
#11149=CARTESIAN_POINT('Ctrl Pts',(-5.25,2.81003646846788,0.186129506563704));
#11150=CARTESIAN_POINT('Ctrl Pts',(-5.25,2.79939541683064,0.201378612769209));
#11151=CARTESIAN_POINT('Ctrl Pts',(-5.25056032138948,2.78792364494288,0.215997985053174));
#11152=CARTESIAN_POINT('Ctrl Pts',(-5.25167537168116,2.77576884977007,0.229845072030006));
#11153=CARTESIAN_POINT('Ctrl Pts',(-5.25218479960999,2.77021574407028,0.23617132734927));
#11154=CARTESIAN_POINT('Ctrl Pts',(-5.25281001389441,2.7645205919192,0.242336892316793));
#11155=CARTESIAN_POINT('Ctrl Pts',(-5.25355048123649,2.75869982581401,0.248330927367927));
#11156=CARTESIAN_POINT('Ctrl Pts',(-5.25506123578779,2.74682388154786,0.260560387358269));
#11157=CARTESIAN_POINT('Ctrl Pts',(-5.25705175522721,2.73442206458283,0.272073891001873));
#11158=CARTESIAN_POINT('Ctrl Pts',(-5.25950923600789,2.72167824928991,0.282783364233323));
#11159=CARTESIAN_POINT('Ctrl Pts',(-5.26041406786865,2.71698604164568,0.286726537530111));
#11160=CARTESIAN_POINT('Ctrl Pts',(-5.26138220449961,2.71224772108851,0.290561159443836));
#11161=CARTESIAN_POINT('Ctrl Pts',(-5.26241300680852,2.70747322531295,0.294284435041064));
#11162=CARTESIAN_POINT('Ctrl Pts',(-5.26535934853635,2.69382628640794,0.304926671832218));
#11163=CARTESIAN_POINT('Ctrl Pts',(-5.2688176610857,2.67988250010639,0.314656076854213));
#11164=CARTESIAN_POINT('Ctrl Pts',(-5.27276505324706,2.6658667914172,0.323455840934472));
#11165=CARTESIAN_POINT('Ctrl Pts',(-5.27345121941425,2.66343047277477,0.324985483833967));
#11166=CARTESIAN_POINT('Ctrl Pts',(-5.27415216364777,2.66099199726912,0.326487163061496));
#11167=CARTESIAN_POINT('Ctrl Pts',(-5.27486776571401,2.65855256058425,0.327960948469984));
#11168=CARTESIAN_POINT('Ctrl Pts',(-5.27911938481946,2.64405909262875,0.336717175562754));
#11169=CARTESIAN_POINT('Ctrl Pts',(-5.28388841448656,2.6295312439599,0.344485063856045));
#11170=CARTESIAN_POINT('Ctrl Pts',(-5.28914150022683,2.61521493420074,0.351312011913012));
#11171=CARTESIAN_POINT('Ctrl Pts',(-5.29014728333555,2.61247385909806,0.352619134884017));
#11172=CARTESIAN_POINT('Ctrl Pts',(-5.29117081141838,2.60974051457172,0.353891916010281));
#11173=CARTESIAN_POINT('Ctrl Pts',(-5.29221185036323,2.60701658412803,0.355130897540435));
#11174=CARTESIAN_POINT('Ctrl Pts',(-5.29800106874877,2.59186880480289,0.362020874797445));
#11175=CARTESIAN_POINT('Ctrl Pts',(-5.30433180580913,2.57701316312033,0.367862258625478));
#11176=CARTESIAN_POINT('Ctrl Pts',(-5.31115400299953,2.56271183818461,0.372784155524046));
#11177=CARTESIAN_POINT('Ctrl Pts',(-5.31245936837864,2.55997540973999,0.373725915727054));
#11178=CARTESIAN_POINT('Ctrl Pts',(-5.31378272677248,2.55725919678593,0.374634144521892));
#11179=CARTESIAN_POINT('Ctrl Pts',(-5.31512372750855,2.55456491883192,0.375509921943258));
#11180=CARTESIAN_POINT('Ctrl Pts',(-5.32270654106855,2.53932987320171,0.380462086940383));
#11181=CARTESIAN_POINT('Ctrl Pts',(-5.33085345835164,2.52479978633556,0.384374308079628));
#11182=CARTESIAN_POINT('Ctrl Pts',(-5.33948955870053,2.51123949596156,0.387468742114013));
#11183=CARTESIAN_POINT('Ctrl Pts',(-5.34063513673387,2.50944072450794,0.387879218545759));
#11184=CARTESIAN_POINT('Ctrl Pts',(-5.34178932243326,2.50765895199117,0.388275341049212));
#11185=CARTESIAN_POINT('Ctrl Pts',(-5.34295194092577,2.50589473662735,0.388657655986913));
#11186=CARTESIAN_POINT('Ctrl Pts',(-5.35217021587493,2.49190646584202,0.391688989339693));
#11187=CARTESIAN_POINT('Ctrl Pts',(-5.36191863782387,2.47902706228009,0.393852826254316));
#11188=CARTESIAN_POINT('Ctrl Pts',(-5.37209833762914,2.46747649125023,0.395426001667815));
#11189=CARTESIAN_POINT('Ctrl Pts',(-5.37323452527068,2.46618729645,0.395601588619983));
#11190=CARTESIAN_POINT('Ctrl Pts',(-5.37437608554726,2.46491460421534,0.395769802919624));
#11191=CARTESIAN_POINT('Ctrl Pts',(-5.37552288098948,2.4636586830707,0.395931015434309));
#11192=CARTESIAN_POINT('Ctrl Pts',(-5.385394533294,2.45284767318579,0.397318737981434));
#11193=CARTESIAN_POINT('Ctrl Pts',(-5.39565410206179,2.44328353967168,0.398190722796794));
#11194=CARTESIAN_POINT('Ctrl Pts',(-5.40620545906278,2.43509032176444,0.398767149397861));
#11195=CARTESIAN_POINT('Ctrl Pts',(-5.40794489514932,2.43373963493891,0.398862175775136));
#11196=CARTESIAN_POINT('Ctrl Pts',(-5.40969226114279,2.432426140276,0.39894907503735));
#11197=CARTESIAN_POINT('Ctrl Pts',(-5.41144712636647,2.43115032231951,0.399028714022942));
#11198=CARTESIAN_POINT('Ctrl Pts',(-5.42145860093768,2.42387180380044,0.39948305300486));
#11199=CARTESIAN_POINT('Ctrl Pts',(-5.43171415160426,2.41782203382508,0.399705006705802));
#11200=CARTESIAN_POINT('Ctrl Pts',(-5.44212890766587,2.41305725438127,0.399829479030622));
#11201=CARTESIAN_POINT('Ctrl Pts',(-5.44425188994341,2.41208598417045,0.399854851928275));
#11202=CARTESIAN_POINT('Ctrl Pts',(-5.44638148756314,2.41116807039683,0.399876005868549));
#11203=CARTESIAN_POINT('Ctrl Pts',(-5.44851698165634,2.41030393948909,0.399893817556294));
#11204=CARTESIAN_POINT('Ctrl Pts',(-5.45832448162359,2.40633531982569,0.399975619761944));
#11205=CARTESIAN_POINT('Ctrl Pts',(-5.46825635061613,2.40350212983815,0.399990549438125));
#11206=CARTESIAN_POINT('Ctrl Pts',(-5.47824054426615,2.40182451147689,0.399996671146789));
#11207=CARTESIAN_POINT('Ctrl Pts',(-5.48547524826381,2.40060888278516,0.400001107033322));
#11208=CARTESIAN_POINT('Ctrl Pts',(-5.49273742626417,2.4,0.4));
#11209=CARTESIAN_POINT('Ctrl Pts',(-5.5,2.4,0.4));
#11210=CARTESIAN_POINT('Origin',(5.25,2.48200729369357,-0.0427740986872592));
#11211=CARTESIAN_POINT('',(5.25,2.9,-0.0999999999999988));
#11212=CARTESIAN_POINT('',(5.25,2.9,-0.0999999999999991));
#11213=CARTESIAN_POINT('Origin',(5.25,2.40000000000004,-0.0999999999999727));
#11214=CARTESIAN_POINT('Origin',(0.,2.5,2.70840704496667));
#11215=CARTESIAN_POINT('',(-5.25,2.5,-3.69159295503333));
#11216=CARTESIAN_POINT('',(-5.25,2.5,-3.69159295503333));
#11217=CARTESIAN_POINT('',(-3.5,2.5,-3.69159295503333));
#11218=CARTESIAN_POINT('',(-3.5,2.5,-3.69159295503333));
#11219=CARTESIAN_POINT('',(-3.5,2.5,-4.50159295503332));
#11220=CARTESIAN_POINT('',(-3.5,2.5,-4.50159295503333));
#11221=CARTESIAN_POINT('',(-2.5,2.5,-4.50159295503332));
#11222=CARTESIAN_POINT('',(-3.5,2.5,-4.50159295503333));
#11223=CARTESIAN_POINT('',(-1.,2.5,-4.50159295503332));
#11224=CARTESIAN_POINT('',(-1.,2.5,-4.50159295503332));
#11225=CARTESIAN_POINT('',(-1.,2.5,-3.69159295503332));
#11226=CARTESIAN_POINT('',(-1.,2.5,-3.69159295503332));
#11227=CARTESIAN_POINT('',(0.999999999999997,2.5,-3.69159295503332));
#11228=CARTESIAN_POINT('',(0.999999999999997,2.5,-3.69159295503332));
#11229=CARTESIAN_POINT('',(0.999999999999997,2.5,-4.50159295503332));
#11230=CARTESIAN_POINT('',(0.999999999999997,2.5,-4.50159295503332));
#11231=CARTESIAN_POINT('',(2.5,2.5,-4.50159295503332));
#11232=CARTESIAN_POINT('',(2.5,2.5,-4.50159295503332));
#11233=CARTESIAN_POINT('',(3.5,2.5,-4.50159295503332));
#11234=CARTESIAN_POINT('',(2.5,2.5,-4.50159295503332));
#11235=CARTESIAN_POINT('',(3.5,2.5,-3.69159295503332));
#11236=CARTESIAN_POINT('',(3.5,2.5,-3.69159295503332));
#11237=CARTESIAN_POINT('',(5.25,2.5,-3.69159295503332));
#11238=CARTESIAN_POINT('',(5.25,2.5,-3.69159295503332));
#11239=CARTESIAN_POINT('',(5.25,2.5,-0.0999999999999987));
#11240=CARTESIAN_POINT('Origin',(0.,-2.5,2.70840704496668));
#11241=CARTESIAN_POINT('',(5.25,-2.50000000000001,-3.69159295503333));
#11242=CARTESIAN_POINT('',(5.25,-2.50000000000001,-3.69159295503333));
#11243=CARTESIAN_POINT('',(3.5,-2.50000000000001,-3.69159295503333));
#11244=CARTESIAN_POINT('',(3.5,-2.50000000000001,-3.69159295503333));
#11245=CARTESIAN_POINT('',(3.5,-2.50000000000001,-4.50159295503333));
#11246=CARTESIAN_POINT('',(3.5,-2.50000000000001,-4.50159295503333));
#11247=CARTESIAN_POINT('',(2.5,-2.50000000000001,-4.50159295503333));
#11248=CARTESIAN_POINT('',(2.5,-2.50000000000001,-4.50159295503333));
#11249=CARTESIAN_POINT('',(1.,-2.50000000000001,-4.50159295503333));
#11250=CARTESIAN_POINT('',(1.,-2.50000000000001,-4.50159295503333));
#11251=CARTESIAN_POINT('',(1.,-2.50000000000001,-3.69159295503333));
#11252=CARTESIAN_POINT('',(1.,-2.50000000000001,-3.69159295503333));
#11253=CARTESIAN_POINT('',(-1.,-2.50000000000001,-3.69159295503333));
#11254=CARTESIAN_POINT('',(-1.,-2.50000000000001,-3.69159295503333));
#11255=CARTESIAN_POINT('',(-1.,-2.50000000000001,-4.50159295503333));
#11256=CARTESIAN_POINT('',(-1.,-2.50000000000001,-4.50159295503333));
#11257=CARTESIAN_POINT('',(-2.5,-2.50000000000001,-4.50159295503333));
#11258=CARTESIAN_POINT('',(-2.5,-2.50000000000001,-4.50159295503333));
#11259=CARTESIAN_POINT('',(-3.5,-2.50000000000001,-4.50159295503333));
#11260=CARTESIAN_POINT('',(-3.5,-2.50000000000001,-4.50159295503333));
#11261=CARTESIAN_POINT('',(-3.5,-2.50000000000001,-3.69159295503333));
#11262=CARTESIAN_POINT('',(-3.5,-2.50000000000001,-3.69159295503333));
#11263=CARTESIAN_POINT('',(-5.25,-2.50000000000001,-3.69159295503333));
#11264=CARTESIAN_POINT('',(-5.25,-2.50000000000001,-3.69159295503333));
#11265=CARTESIAN_POINT('',(-5.25,-2.5,-0.0999999999999996));
#11266=CARTESIAN_POINT('Origin',(-5.5,2.4,-0.1));
#11267=CARTESIAN_POINT('',(-5.25,2.9,-0.0999999999999997));
#11268=CARTESIAN_POINT('Origin',(5.5,-2.4,-0.1));
#11269=CARTESIAN_POINT('',(-5.25,-2.9,-0.0999999999999996));
#11270=CARTESIAN_POINT('',(5.25,-2.9,-0.0999999999999996));
#11271=CARTESIAN_POINT('',(-5.25,-2.9,-0.0999999999999997));
#11272=CARTESIAN_POINT('',(5.25,-2.81003646846788,0.186129506563704));
#11273=CARTESIAN_POINT('Origin',(5.25,-2.4,-0.0999999999999993));
#11274=CARTESIAN_POINT('Ctrl Pts',(5.25,-2.81003646846788,0.186129506563704));
#11275=CARTESIAN_POINT('Ctrl Pts',(5.25,-2.7993954168307,0.201378612769119));
#11276=CARTESIAN_POINT('Ctrl Pts',(5.25056032138947,-2.78792364494301,0.215997985053005));
#11277=CARTESIAN_POINT('Ctrl Pts',(5.25167537168114,-2.77576884977028,0.229845072029766));
#11278=CARTESIAN_POINT('Ctrl Pts',(5.25218479960997,-2.77021574407042,0.236171327349108));
#11279=CARTESIAN_POINT('Ctrl Pts',(5.2528100138944,-2.76452059191929,0.242336892316706));
#11280=CARTESIAN_POINT('Ctrl Pts',(5.25355048123648,-2.75869982581402,0.248330927367911));
#11281=CARTESIAN_POINT('Ctrl Pts',(5.25506123578779,-2.74682388154782,0.260560387358308));
#11282=CARTESIAN_POINT('Ctrl Pts',(5.25705175522722,-2.73442206458274,0.27207389100196));
#11283=CARTESIAN_POINT('Ctrl Pts',(5.25950923600791,-2.72167824928975,0.282783364233451));
#11284=CARTESIAN_POINT('Ctrl Pts',(5.26041406786866,-2.71698604164559,0.286726537530185));
#11285=CARTESIAN_POINT('Ctrl Pts',(5.26138220449962,-2.71224772108848,0.290561159443858));
#11286=CARTESIAN_POINT('Ctrl Pts',(5.26241300680851,-2.70747322531299,0.294284435041037));
#11287=CARTESIAN_POINT('Ctrl Pts',(5.26535934853632,-2.69382628640806,0.304926671832123));
#11288=CARTESIAN_POINT('Ctrl Pts',(5.26881766108565,-2.6798825001066,0.314656076854062));
#11289=CARTESIAN_POINT('Ctrl Pts',(5.27276505324698,-2.66586679141751,0.323455840934277));
#11290=CARTESIAN_POINT('Ctrl Pts',(5.27345121941419,-2.66343047277498,0.324985483833837));
#11291=CARTESIAN_POINT('Ctrl Pts',(5.27415216364774,-2.66099199726924,0.326487163061429));
#11292=CARTESIAN_POINT('Ctrl Pts',(5.27486776571401,-2.65855256058426,0.327960948469976));
#11293=CARTESIAN_POINT('Ctrl Pts',(5.27911938481946,-2.64405909262875,0.336717175562752));
#11294=CARTESIAN_POINT('Ctrl Pts',(5.28388841448656,-2.6295312439599,0.344485063856047));
#11295=CARTESIAN_POINT('Ctrl Pts',(5.28914150022684,-2.61521493420073,0.351312011913017));
#11296=CARTESIAN_POINT('Ctrl Pts',(5.29014728333555,-2.61247385909806,0.352619134884019));
#11297=CARTESIAN_POINT('Ctrl Pts',(5.29117081141838,-2.60974051457172,0.353891916010279));
#11298=CARTESIAN_POINT('Ctrl Pts',(5.29221185036323,-2.60701658412804,0.35513089754043));
#11299=CARTESIAN_POINT('Ctrl Pts',(5.29800106874878,-2.59186880480286,0.362020874797459));
#11300=CARTESIAN_POINT('Ctrl Pts',(5.30433180580916,-2.57701316312026,0.367862258625505));
#11301=CARTESIAN_POINT('Ctrl Pts',(5.31115400299957,-2.56271183818451,0.372784155524081));
#11302=CARTESIAN_POINT('Ctrl Pts',(5.31245936837868,-2.55997540973991,0.373725915727078));
#11303=CARTESIAN_POINT('Ctrl Pts',(5.3137827267725,-2.55725919678589,0.374634144521906));
#11304=CARTESIAN_POINT('Ctrl Pts',(5.31512372750855,-2.5545649188319,0.375509921943262));
#11305=CARTESIAN_POINT('Ctrl Pts',(5.32270654106855,-2.53932987320171,0.380462086940384));
#11306=CARTESIAN_POINT('Ctrl Pts',(5.33085345835163,-2.52479978633556,0.384374308079627));
#11307=CARTESIAN_POINT('Ctrl Pts',(5.33948955870052,-2.51123949596157,0.387468742114011));
#11308=CARTESIAN_POINT('Ctrl Pts',(5.34063513673386,-2.50944072450795,0.387879218545758));
#11309=CARTESIAN_POINT('Ctrl Pts',(5.34178932243325,-2.50765895199117,0.388275341049212));
#11310=CARTESIAN_POINT('Ctrl Pts',(5.34295194092577,-2.50589473662735,0.388657655986913));
#11311=CARTESIAN_POINT('Ctrl Pts',(5.35217021587492,-2.49190646584205,0.391688989339687));
#11312=CARTESIAN_POINT('Ctrl Pts',(5.36191863782384,-2.47902706228014,0.393852826254308));
#11313=CARTESIAN_POINT('Ctrl Pts',(5.37209833762909,-2.46747649125029,0.395426001667806));
#11314=CARTESIAN_POINT('Ctrl Pts',(5.37323452527065,-2.46618729645004,0.395601588619978));
#11315=CARTESIAN_POINT('Ctrl Pts',(5.37437608554725,-2.46491460421535,0.395769802919622));
#11316=CARTESIAN_POINT('Ctrl Pts',(5.37552288098949,-2.46365868307069,0.39593101543431));
#11317=CARTESIAN_POINT('Ctrl Pts',(5.38539453329406,-2.45284767318573,0.397318737981442));
#11318=CARTESIAN_POINT('Ctrl Pts',(5.3956541020619,-2.44328353967157,0.398190722796804));
#11319=CARTESIAN_POINT('Ctrl Pts',(5.40620545906295,-2.4350903217643,0.39876714939787));
#11320=CARTESIAN_POINT('Ctrl Pts',(5.40794489514943,-2.43373963493882,0.398862175775141));
#11321=CARTESIAN_POINT('Ctrl Pts',(5.40969226114285,-2.43242614027596,0.398949075037353));
#11322=CARTESIAN_POINT('Ctrl Pts',(5.41144712636647,-2.4311503223195,0.399028714022942));
#11323=CARTESIAN_POINT('Ctrl Pts',(5.42145860093766,-2.42387180380045,0.39948305300486));
#11324=CARTESIAN_POINT('Ctrl Pts',(5.43171415160424,-2.41782203382509,0.399705006705801));
#11325=CARTESIAN_POINT('Ctrl Pts',(5.44212890766583,-2.41305725438129,0.399829479030621));
#11326=CARTESIAN_POINT('Ctrl Pts',(5.44425188994338,-2.41208598417046,0.399854851928275));
#11327=CARTESIAN_POINT('Ctrl Pts',(5.44638148756312,-2.41116807039683,0.399876005868549));
#11328=CARTESIAN_POINT('Ctrl Pts',(5.44851698165634,-2.41030393948909,0.399893817556294));
#11329=CARTESIAN_POINT('Ctrl Pts',(5.45832448162359,-2.4063353198257,0.399975619761944));
#11330=CARTESIAN_POINT('Ctrl Pts',(5.46825635061613,-2.40350212983815,0.399990549438125));
#11331=CARTESIAN_POINT('Ctrl Pts',(5.47824054426615,-2.4018245114769,0.399996671146789));
#11332=CARTESIAN_POINT('Ctrl Pts',(5.48547524826381,-2.40060888278517,0.400001107033322));
#11333=CARTESIAN_POINT('Ctrl Pts',(5.49273742626417,-2.4,0.4));
#11334=CARTESIAN_POINT('Ctrl Pts',(5.5,-2.4,0.4));
#11335=CARTESIAN_POINT('',(-5.25,-2.81003646846789,0.186129506563704));
#11336=CARTESIAN_POINT('Ctrl Pts',(-5.5,-2.4,0.4));
#11337=CARTESIAN_POINT('Ctrl Pts',(-5.49084405539913,-2.4,0.4));
#11338=CARTESIAN_POINT('Ctrl Pts',(-5.48176699453239,-2.40096632400414,
0.400002631646648));
#11339=CARTESIAN_POINT('Ctrl Pts',(-5.46357163846315,-2.40479716904356,
0.399980760770988));
#11340=CARTESIAN_POINT('Ctrl Pts',(-5.45459618675666,-2.40768664453534,
0.399954578675404));
#11341=CARTESIAN_POINT('Ctrl Pts',(-5.4269852484771,-2.41944794423247,0.399686767061067));
#11342=CARTESIAN_POINT('Ctrl Pts',(-5.40980424192791,-2.4311852466905,0.399217457191614));
#11343=CARTESIAN_POINT('Ctrl Pts',(-5.3673212262036,-2.46910818113872,0.395795492349375));
#11344=CARTESIAN_POINT('Ctrl Pts',(-5.34347746121291,-2.50154819748729,
0.391125732843852));
#11345=CARTESIAN_POINT('Ctrl Pts',(-5.30002451768629,-2.58181503102507,
0.367902916945935));
#11346=CARTESIAN_POINT('Ctrl Pts',(-5.28236235493835,-2.62935238921612,
0.347845500085439));
#11347=CARTESIAN_POINT('Ctrl Pts',(-5.26320196158786,-2.70160942465643,
0.299945348668412));
#11348=CARTESIAN_POINT('Ctrl Pts',(-5.25831295497034,-2.72568091650444,
0.280646027214506));
#11349=CARTESIAN_POINT('Ctrl Pts',(-5.25165143645081,-2.7708373729859,0.236893608836072));
#11350=CARTESIAN_POINT('Ctrl Pts',(-5.25,-2.7916866919978,0.212425562609547));
#11351=CARTESIAN_POINT('Ctrl Pts',(-5.25,-2.81003646846788,0.186129506563704));
#11352=CARTESIAN_POINT('Origin',(-5.25,-2.40000000000006,-0.099999999999959));
#11353=CARTESIAN_POINT('Origin',(-5.25,2.5,-3.69159295503333));
#11354=CARTESIAN_POINT('',(-5.25,2.9,-3.69159295503333));
#11355=CARTESIAN_POINT('',(-5.25,2.9,-3.69159295503333));
#11356=CARTESIAN_POINT('',(-5.25,2.5,-3.69159295503333));
#11357=CARTESIAN_POINT('Origin',(5.25,2.5,0.0584070449666743));
#11358=CARTESIAN_POINT('',(5.25,2.9,-3.69159295503332));
#11359=CARTESIAN_POINT('',(5.25,2.5,-3.69159295503332));
#11360=CARTESIAN_POINT('',(5.25,2.9,-0.0999999999999986));
#11361=CARTESIAN_POINT('Origin',(5.25,2.5,-3.69159295503332));
#11362=CARTESIAN_POINT('',(3.5,2.9,-3.69159295503332));
#11363=CARTESIAN_POINT('',(3.5,2.5,-3.69159295503332));
#11364=CARTESIAN_POINT('',(5.25,2.9,-3.69159295503332));
#11365=CARTESIAN_POINT('Origin',(3.5,2.5,-3.69159295503332));
#11366=CARTESIAN_POINT('',(3.5,2.9,-4.50159295503332));
#11367=CARTESIAN_POINT('',(3.5,2.9,-4.50159295503332));
#11368=CARTESIAN_POINT('',(3.5,2.9,-3.69159295503332));
#11369=CARTESIAN_POINT('Origin',(3.5,2.4,-4.50159295503332));
#11370=CARTESIAN_POINT('',(2.5,2.4,-4.60159295503332));
#11371=CARTESIAN_POINT('',(3.5,2.4,-4.60159295503332));
#11372=CARTESIAN_POINT('',(2.5,2.4,-4.60159295503332));
#11373=CARTESIAN_POINT('Origin',(3.5,2.4,-4.50159295503332));
#11374=CARTESIAN_POINT('Origin',(2.5,2.4,-4.50159295503332));
#11375=CARTESIAN_POINT('Origin',(2.5,2.5,-4.50159295503332));
#11376=CARTESIAN_POINT('',(0.999999999999997,2.9,-4.50159295503332));
#11377=CARTESIAN_POINT('',(0.999999999999997,2.5,-4.50159295503332));
#11378=CARTESIAN_POINT('',(2.5,2.9,-4.50159295503332));
#11379=CARTESIAN_POINT('',(2.5,2.9,-4.50159295503332));
#11380=CARTESIAN_POINT('',(2.5,2.5,-4.50159295503332));
#11381=CARTESIAN_POINT('Origin',(0.999999999999997,2.5,-4.50159295503332));
#11382=CARTESIAN_POINT('',(0.999999999999997,2.9,-3.69159295503332));
#11383=CARTESIAN_POINT('',(0.999999999999997,2.5,-3.69159295503332));
#11384=CARTESIAN_POINT('',(0.999999999999997,2.9,-4.50159295503332));
#11385=CARTESIAN_POINT('Origin',(0.999999999999997,2.5,-3.69159295503332));
#11386=CARTESIAN_POINT('',(-1.,2.9,-3.69159295503332));
#11387=CARTESIAN_POINT('',(-1.,2.5,-3.69159295503332));
#11388=CARTESIAN_POINT('',(0.999999999999997,2.9,-3.69159295503332));
#11389=CARTESIAN_POINT('Origin',(-1.,2.5,-3.69159295503332));
#11390=CARTESIAN_POINT('',(-1.,2.9,-4.50159295503332));
#11391=CARTESIAN_POINT('',(-1.,2.5,-4.50159295503332));
#11392=CARTESIAN_POINT('',(-1.,2.9,-3.69159295503332));
#11393=CARTESIAN_POINT('Origin',(-1.,2.5,-4.50159295503332));
#11394=CARTESIAN_POINT('',(-2.5,2.9,-4.50159295503332));
#11395=CARTESIAN_POINT('',(-2.5,2.5,-4.50159295503332));
#11396=CARTESIAN_POINT('',(-1.,2.9,-4.50159295503332));
#11397=CARTESIAN_POINT('Origin',(-2.5,2.4,-4.50159295503332));
#11398=CARTESIAN_POINT('',(-3.5,2.4,-4.60159295503332));
#11399=CARTESIAN_POINT('',(-2.5,2.4,-4.60159295503332));
#11400=CARTESIAN_POINT('',(-3.5,2.4,-4.60159295503332));
#11401=CARTESIAN_POINT('Origin',(-2.5,2.4,-4.50159295503332));
#11402=CARTESIAN_POINT('Origin',(-3.5,2.4,-4.50159295503332));
#11403=CARTESIAN_POINT('Origin',(-3.5,2.5,-5.69159295503332));
#11404=CARTESIAN_POINT('',(-3.5,2.9,-4.50159295503332));
#11405=CARTESIAN_POINT('',(-3.5,2.9,-4.50159295503332));
#11406=CARTESIAN_POINT('',(-3.5,2.9,-3.69159295503333));
#11407=CARTESIAN_POINT('',(-3.5,2.5,-3.69159295503333));
#11408=CARTESIAN_POINT('',(-3.5,2.9,-4.50159295503333));
#11409=CARTESIAN_POINT('Origin',(-3.5,2.5,-3.69159295503333));
#11410=CARTESIAN_POINT('',(-3.5,2.9,-3.69159295503333));
#11411=CARTESIAN_POINT('Origin',(5.25,-2.50000000000001,-3.69159295503333));
#11412=CARTESIAN_POINT('',(5.25,-2.9,-0.0999999999999993));
#11413=CARTESIAN_POINT('',(5.25,-2.90000000000001,-3.69159295503333));
#11414=CARTESIAN_POINT('',(5.25,-2.90000000000001,-3.69159295503333));
#11415=CARTESIAN_POINT('',(5.25,-2.50000000000001,-3.69159295503333));
#11416=CARTESIAN_POINT('Origin',(-5.25,-2.5,0.0584070449666729));
#11417=CARTESIAN_POINT('',(-5.25,-2.9,-0.0999999999999996));
#11418=CARTESIAN_POINT('',(-5.25,-2.90000000000001,-3.69159295503333));
#11419=CARTESIAN_POINT('',(-5.25,-2.50000000000001,-3.69159295503333));
#11420=CARTESIAN_POINT('',(-5.25,-2.9,-0.0999999999999995));
#11421=CARTESIAN_POINT('Origin',(-5.25,-2.50000000000001,-3.69159295503333));
#11422=CARTESIAN_POINT('',(-3.5,-2.90000000000001,-3.69159295503333));
#11423=CARTESIAN_POINT('',(-3.5,-2.50000000000001,-3.69159295503333));
#11424=CARTESIAN_POINT('',(-5.25,-2.90000000000001,-3.69159295503333));
#11425=CARTESIAN_POINT('Origin',(-3.5,-2.50000000000001,-3.69159295503333));
#11426=CARTESIAN_POINT('',(-3.5,-2.90000000000001,-4.50159295503333));
#11427=CARTESIAN_POINT('',(-3.5,-2.90000000000001,-4.50159295503333));
#11428=CARTESIAN_POINT('',(-3.5,-2.90000000000001,-3.69159295503333));
#11429=CARTESIAN_POINT('Origin',(-3.5,-2.40000000000001,-4.50159295503333));
#11430=CARTESIAN_POINT('',(-3.5,-2.40000000000001,-4.60159295503333));
#11431=CARTESIAN_POINT('',(-2.5,-2.40000000000001,-4.60159295503333));
#11432=CARTESIAN_POINT('',(-3.5,-2.40000000000001,-4.60159295503333));
#11433=CARTESIAN_POINT('Origin',(-3.5,-2.40000000000001,-4.50159295503333));
#11434=CARTESIAN_POINT('Origin',(-2.5,-2.40000000000001,-4.50159295503333));
#11435=CARTESIAN_POINT('Origin',(-2.5,-2.50000000000001,-4.50159295503333));
#11436=CARTESIAN_POINT('',(-1.,-2.90000000000001,-4.50159295503333));
#11437=CARTESIAN_POINT('',(-1.,-2.50000000000001,-4.50159295503333));
#11438=CARTESIAN_POINT('',(-2.5,-2.90000000000001,-4.50159295503333));
#11439=CARTESIAN_POINT('',(-2.5,-2.90000000000001,-4.50159295503333));
#11440=CARTESIAN_POINT('',(-2.5,-2.50000000000001,-4.50159295503333));
#11441=CARTESIAN_POINT('Origin',(-1.,-2.50000000000001,-4.50159295503333));
#11442=CARTESIAN_POINT('',(-1.,-2.90000000000001,-3.69159295503333));
#11443=CARTESIAN_POINT('',(-1.,-2.50000000000001,-3.69159295503333));
#11444=CARTESIAN_POINT('',(-1.,-2.90000000000001,-4.50159295503333));
#11445=CARTESIAN_POINT('Origin',(-1.,-2.50000000000001,-3.69159295503333));
#11446=CARTESIAN_POINT('',(1.,-2.90000000000001,-3.69159295503333));
#11447=CARTESIAN_POINT('',(1.,-2.50000000000001,-3.69159295503333));
#11448=CARTESIAN_POINT('',(-1.,-2.90000000000001,-3.69159295503333));
#11449=CARTESIAN_POINT('Origin',(1.,-2.50000000000001,-3.69159295503333));
#11450=CARTESIAN_POINT('',(1.,-2.90000000000001,-4.50159295503333));
#11451=CARTESIAN_POINT('',(1.,-2.50000000000001,-4.50159295503333));
#11452=CARTESIAN_POINT('',(1.,-2.90000000000001,-3.69159295503333));
#11453=CARTESIAN_POINT('Origin',(1.,-2.50000000000001,-4.50159295503333));
#11454=CARTESIAN_POINT('',(2.5,-2.90000000000001,-4.50159295503333));
#11455=CARTESIAN_POINT('',(2.5,-2.50000000000001,-4.50159295503333));
#11456=CARTESIAN_POINT('',(1.,-2.90000000000001,-4.50159295503333));
#11457=CARTESIAN_POINT('Origin',(2.5,-2.40000000000001,-4.50159295503333));
#11458=CARTESIAN_POINT('',(2.5,-2.40000000000001,-4.60159295503333));
#11459=CARTESIAN_POINT('',(3.5,-2.40000000000001,-4.60159295503333));
#11460=CARTESIAN_POINT('',(2.5,-2.40000000000001,-4.60159295503333));
#11461=CARTESIAN_POINT('Origin',(2.5,-2.40000000000001,-4.50159295503333));
#11462=CARTESIAN_POINT('Origin',(3.5,-2.40000000000001,-4.50159295503333));
#11463=CARTESIAN_POINT('Origin',(3.5,-2.50000000000001,-5.69159295503333));
#11464=CARTESIAN_POINT('',(3.5,-2.90000000000001,-4.50159295503333));
#11465=CARTESIAN_POINT('',(3.5,-2.90000000000001,-4.50159295503333));
#11466=CARTESIAN_POINT('',(3.5,-2.90000000000001,-3.69159295503333));
#11467=CARTESIAN_POINT('',(3.5,-2.50000000000001,-3.69159295503333));
#11468=CARTESIAN_POINT('',(3.5,-2.90000000000001,-4.50159295503333));
#11469=CARTESIAN_POINT('Origin',(3.5,-2.50000000000001,-3.69159295503333));
#11470=CARTESIAN_POINT('',(3.5,-2.90000000000001,-3.69159295503333));
#11471=CARTESIAN_POINT('Origin',(0.,2.9,2.70840704496667));
#11472=CARTESIAN_POINT('',(2.5,2.9,-4.50159295503332));
#11473=CARTESIAN_POINT('',(-3.5,2.9,-4.50159295503333));
#11474=CARTESIAN_POINT('Origin',(0.,-2.9,2.70840704496668));
#11475=CARTESIAN_POINT('',(-3.5,-2.90000000000001,-4.50159295503333));
#11476=CARTESIAN_POINT('',(2.5,-2.90000000000001,-4.50159295503333));
#11477=CARTESIAN_POINT('Origin',(3.5,2.5,-4.50159295503332));
#11478=CARTESIAN_POINT('',(3.5,2.4,-5.00159295503332));
#11479=CARTESIAN_POINT('',(3.5,2.4,-5.00159295503332));
#11480=CARTESIAN_POINT('Origin',(3.5,2.4,-4.50159295503332));
#11481=CARTESIAN_POINT('Origin',(2.5,2.9,-4.50159295503333));
#11482=CARTESIAN_POINT('',(2.5,2.4,-5.00159295503332));
#11483=CARTESIAN_POINT('Origin',(2.5,2.4,-4.50159295503332));
#11484=CARTESIAN_POINT('',(2.5,2.4,-5.00159295503332));
#11485=CARTESIAN_POINT('Origin',(0.,10.0184070449667,-4.60159295503333));
#11486=CARTESIAN_POINT('',(2.5,1.61840704496668,-4.60159295503332));
#11487=CARTESIAN_POINT('',(2.5,1.61840704496668,-4.60159295503332));
#11488=CARTESIAN_POINT('',(3.5,1.61840704496668,-4.60159295503332));
#11489=CARTESIAN_POINT('',(3.5,1.61840704496668,-4.60159295503332));
#11490=CARTESIAN_POINT('',(3.5,2.4,-4.60159295503332));
#11491=CARTESIAN_POINT('Origin',(-2.5,2.5,-4.50159295503332));
#11492=CARTESIAN_POINT('',(-2.5,2.4,-5.00159295503332));
#11493=CARTESIAN_POINT('',(-2.5,2.4,-5.00159295503333));
#11494=CARTESIAN_POINT('Origin',(-2.5,2.4,-4.50159295503332));
#11495=CARTESIAN_POINT('Origin',(-3.5,2.9,-4.50159295503332));
#11496=CARTESIAN_POINT('',(-3.5,2.4,-5.00159295503332));
#11497=CARTESIAN_POINT('Origin',(-3.5,2.4,-4.50159295503332));
#11498=CARTESIAN_POINT('',(-3.5,2.4,-5.00159295503333));
#11499=CARTESIAN_POINT('Origin',(0.,10.0184070449667,-4.60159295503333));
#11500=CARTESIAN_POINT('',(-3.5,1.61840704496668,-4.60159295503332));
#11501=CARTESIAN_POINT('',(-3.5,1.61840704496668,-4.60159295503332));
#11502=CARTESIAN_POINT('',(-2.5,1.61840704496668,-4.60159295503332));
#11503=CARTESIAN_POINT('',(-2.5,1.61840704496668,-4.60159295503332));
#11504=CARTESIAN_POINT('',(-2.5,2.4,-4.60159295503333));
#11505=CARTESIAN_POINT('Origin',(-3.5,-2.50000000000001,-4.50159295503333));
#11506=CARTESIAN_POINT('',(-3.5,-2.40000000000001,-5.00159295503333));
#11507=CARTESIAN_POINT('',(-3.5,-2.40000000000001,-5.00159295503333));
#11508=CARTESIAN_POINT('Origin',(-3.5,-2.40000000000001,-4.50159295503333));
#11509=CARTESIAN_POINT('Origin',(-2.5,-2.90000000000001,-4.50159295503333));
#11510=CARTESIAN_POINT('',(-2.5,-2.40000000000001,-5.00159295503333));
#11511=CARTESIAN_POINT('Origin',(-2.5,-2.40000000000001,-4.50159295503333));
#11512=CARTESIAN_POINT('',(-2.5,-2.40000000000001,-5.00159295503333));
#11513=CARTESIAN_POINT('Origin',(7.03839047659141E-18,-10.0184070449667,
-4.60159295503333));
#11514=CARTESIAN_POINT('',(-2.5,-1.61840704496668,-4.60159295503333));
#11515=CARTESIAN_POINT('',(-2.5,-1.61840704496668,-4.60159295503333));
#11516=CARTESIAN_POINT('',(-3.5,-1.61840704496668,-4.60159295503333));
#11517=CARTESIAN_POINT('',(-3.5,-1.61840704496668,-4.60159295503333));
#11518=CARTESIAN_POINT('',(-3.5,-2.40000000000001,-4.60159295503333));
#11519=CARTESIAN_POINT('Origin',(2.5,-2.50000000000001,-4.50159295503333));
#11520=CARTESIAN_POINT('',(2.5,-2.40000000000001,-5.00159295503333));
#11521=CARTESIAN_POINT('',(2.5,-2.40000000000001,-5.00159295503333));
#11522=CARTESIAN_POINT('Origin',(2.5,-2.40000000000001,-4.50159295503333));
#11523=CARTESIAN_POINT('Origin',(3.5,-2.90000000000001,-4.50159295503333));
#11524=CARTESIAN_POINT('',(3.5,-2.40000000000001,-5.00159295503333));
#11525=CARTESIAN_POINT('Origin',(3.5,-2.40000000000001,-4.50159295503333));
#11526=CARTESIAN_POINT('',(3.5,-2.4,-5.00159295503333));
#11527=CARTESIAN_POINT('Origin',(7.0383904765916E-18,-10.0184070449667,
-4.60159295503333));
#11528=CARTESIAN_POINT('',(3.5,-1.61840704496668,-4.60159295503333));
#11529=CARTESIAN_POINT('',(3.5,-1.61840704496668,-4.60159295503333));
#11530=CARTESIAN_POINT('',(2.5,-1.61840704496668,-4.60159295503333));
#11531=CARTESIAN_POINT('',(2.5,-1.61840704496668,-4.60159295503333));
#11532=CARTESIAN_POINT('',(2.5,-2.40000000000001,-4.60159295503333));
#11533=CARTESIAN_POINT('Origin',(-3.5,2.4,-4.50159295503332));
#11534=CARTESIAN_POINT('',(-3.5,2.4,-5.00159295503332));
#11535=CARTESIAN_POINT('Origin',(2.5,2.4,-4.50159295503332));
#11536=CARTESIAN_POINT('',(2.5,2.4,-5.00159295503332));
#11537=CARTESIAN_POINT('Origin',(3.5,-2.40000000000001,-4.50159295503333));
#11538=CARTESIAN_POINT('',(2.5,-2.40000000000001,-5.00159295503333));
#11539=CARTESIAN_POINT('Origin',(-2.5,-2.40000000000001,-4.50159295503333));
#11540=CARTESIAN_POINT('',(-3.5,-2.40000000000001,-5.00159295503333));
#11541=CARTESIAN_POINT('Origin',(3.5,3.61840704496668,-4.60159295503332));
#11542=CARTESIAN_POINT('',(3.5,1.61840704496668,-5.00159295503332));
#11543=CARTESIAN_POINT('',(3.5,1.61840704496668,-4.60159295503332));
#11544=CARTESIAN_POINT('',(3.5,2.4,-5.00159295503332));
#11545=CARTESIAN_POINT('Origin',(2.5,1.61840704496668,-4.60159295503332));
#11546=CARTESIAN_POINT('',(2.5,1.61840704496668,-5.00159295503332));
#11547=CARTESIAN_POINT('',(2.5,1.61840704496668,-5.00159295503332));
#11548=CARTESIAN_POINT('',(2.5,1.61840704496668,-4.60159295503332));
#11549=CARTESIAN_POINT('Origin',(3.5,1.61840704496668,-4.60159295503332));
#11550=CARTESIAN_POINT('',(3.5,1.61840704496668,-5.00159295503332));
#11551=CARTESIAN_POINT('Origin',(-2.5,2.80840704496668,-4.60159295503333));
#11552=CARTESIAN_POINT('',(-2.5,1.61840704496668,-5.00159295503332));
#11553=CARTESIAN_POINT('',(-2.5,1.61840704496668,-4.60159295503332));
#11554=CARTESIAN_POINT('',(-2.5,2.4,-5.00159295503333));
#11555=CARTESIAN_POINT('Origin',(-3.5,1.61840704496668,-4.60159295503332));
#11556=CARTESIAN_POINT('',(-3.5,1.61840704496668,-5.00159295503332));
#11557=CARTESIAN_POINT('',(-3.5,1.61840704496668,-5.00159295503332));
#11558=CARTESIAN_POINT('',(-3.5,1.61840704496668,-4.60159295503332));
#11559=CARTESIAN_POINT('Origin',(-2.5,1.61840704496668,-4.60159295503332));
#11560=CARTESIAN_POINT('',(-2.5,1.61840704496668,-5.00159295503332));
#11561=CARTESIAN_POINT('Origin',(-3.5,-3.61840704496668,-4.60159295503333));
#11562=CARTESIAN_POINT('',(-3.5,-1.61840704496668,-5.00159295503333));
#11563=CARTESIAN_POINT('',(-3.5,-1.61840704496668,-4.60159295503333));
#11564=CARTESIAN_POINT('',(-3.5,-2.40000000000001,-5.00159295503333));
#11565=CARTESIAN_POINT('Origin',(-2.5,-1.61840704496668,-4.60159295503333));
#11566=CARTESIAN_POINT('',(-2.5,-1.61840704496668,-5.00159295503333));
#11567=CARTESIAN_POINT('',(-2.5,-1.61840704496668,-5.00159295503333));
#11568=CARTESIAN_POINT('',(-2.5,-1.61840704496668,-4.60159295503333));
#11569=CARTESIAN_POINT('Origin',(-3.5,-1.61840704496668,-4.60159295503333));
#11570=CARTESIAN_POINT('',(-3.5,-1.61840704496668,-5.00159295503333));
#11571=CARTESIAN_POINT('Origin',(2.5,-2.80840704496668,-4.60159295503333));
#11572=CARTESIAN_POINT('',(2.5,-1.61840704496668,-5.00159295503333));
#11573=CARTESIAN_POINT('',(2.5,-1.61840704496668,-4.60159295503333));
#11574=CARTESIAN_POINT('',(2.5,-2.40000000000001,-5.00159295503333));
#11575=CARTESIAN_POINT('Origin',(3.5,-1.61840704496668,-4.60159295503333));
#11576=CARTESIAN_POINT('',(3.5,-1.61840704496668,-5.00159295503333));
#11577=CARTESIAN_POINT('',(3.5,-1.61840704496668,-5.00159295503333));
#11578=CARTESIAN_POINT('',(3.5,-1.61840704496668,-4.60159295503333));
#11579=CARTESIAN_POINT('Origin',(2.5,-1.61840704496668,-4.60159295503333));
#11580=CARTESIAN_POINT('',(2.5,-1.61840704496668,-5.00159295503333));
#11581=CARTESIAN_POINT('Origin',(0.,10.0184070449667,-5.00159295503333));
#11582=CARTESIAN_POINT('Origin',(0.,10.0184070449667,-5.00159295503333));
#11583=CARTESIAN_POINT('Origin',(5.60242624424858E-17,-10.0184070449667,
-5.00159295503333));
#11584=CARTESIAN_POINT('Origin',(5.60242624424856E-17,-10.0184070449667,
-5.00159295503333));
#11585=CARTESIAN_POINT('Ctrl Pts',(5.5,-2.4,0.4));
#11586=CARTESIAN_POINT('Ctrl Pts',(5.5,-2.4,0.266666666666667));
#11587=CARTESIAN_POINT('Ctrl Pts',(5.5,-2.4,0.133333333333333));
#11588=CARTESIAN_POINT('Ctrl Pts',(5.5,-2.4,0.));
#11589=CARTESIAN_POINT('Ctrl Pts',(5.48399574941701,-2.4,0.4));
#11590=CARTESIAN_POINT('Ctrl Pts',(5.48399574941701,-2.4,0.266666666666667));
#11591=CARTESIAN_POINT('Ctrl Pts',(5.48399574941701,-2.4,0.133333333333333));
#11592=CARTESIAN_POINT('Ctrl Pts',(5.48399574941701,-2.4,0.));
#11593=CARTESIAN_POINT('Ctrl Pts',(5.45400516707493,-2.40555619438692,0.400051582307074));
#11594=CARTESIAN_POINT('Ctrl Pts',(5.45400516707493,-2.40407454255041,0.266704493691854));
#11595=CARTESIAN_POINT('Ctrl Pts',(5.45400516707492,-2.4025928907139,0.133357405076634));
#11596=CARTESIAN_POINT('Ctrl Pts',(5.45400516707493,-2.40111123887739,1.03164614147614E-5));
#11597=CARTESIAN_POINT('Ctrl Pts',(5.41287911562617,-2.42795321174194,0.399460641942936));
#11598=CARTESIAN_POINT('Ctrl Pts',(5.41287911562617,-2.42049902194409,0.26627113742482));
#11599=CARTESIAN_POINT('Ctrl Pts',(5.41287911562617,-2.41304483214624,0.133081632906703));
#11600=CARTESIAN_POINT('Ctrl Pts',(5.41287911562617,-2.40559064234839,-0.00010787161141283));
#11601=CARTESIAN_POINT('Ctrl Pts',(5.37724444293761,-2.45974712776289,0.396840484631196));
#11602=CARTESIAN_POINT('Ctrl Pts',(5.37724444293761,-2.44381456035946,0.264349688729543));
#11603=CARTESIAN_POINT('Ctrl Pts',(5.37724444293762,-2.42788199295602,0.131858892827892));
#11604=CARTESIAN_POINT('Ctrl Pts',(5.37724444293762,-2.41194942555258,-0.000631903073760868));
#11605=CARTESIAN_POINT('Ctrl Pts',(5.34533464599645,-2.50009437556835,0.390580660320106));
#11606=CARTESIAN_POINT('Ctrl Pts',(5.34533464599645,-2.47340254208346,0.259759150901411));
#11607=CARTESIAN_POINT('Ctrl Pts',(5.34533464599644,-2.44671070859857,0.128937641482716));
#11608=CARTESIAN_POINT('Ctrl Pts',(5.34533464599645,-2.42001887511367,-0.00188386793597871));
#11609=CARTESIAN_POINT('Ctrl Pts',(5.31659265719488,-2.5491528847122,0.378304820886151));
#11610=CARTESIAN_POINT('Ctrl Pts',(5.31659265719488,-2.50937878212228,0.250756868649844));
#11611=CARTESIAN_POINT('Ctrl Pts',(5.31659265719488,-2.46960467953236,0.123208916413537));
#11612=CARTESIAN_POINT('Ctrl Pts',(5.31659265719488,-2.42983057694244,-0.00433903582276975));
#11613=CARTESIAN_POINT('Ctrl Pts',(5.29263747399852,-2.60339379119667,0.358110418828885));
#11614=CARTESIAN_POINT('Ctrl Pts',(5.29263747399852,-2.54915544687756,0.235947640474516));
#11615=CARTESIAN_POINT('Ctrl Pts',(5.29263747399852,-2.49491710255845,0.113784862120146));
#11616=CARTESIAN_POINT('Ctrl Pts',(5.29263747399852,-2.44067875823934,-0.00837791623422297));
#11617=CARTESIAN_POINT('Ctrl Pts',(5.27429023581491,-2.65801782746544,0.329750836794843));
#11618=CARTESIAN_POINT('Ctrl Pts',(5.27429023581491,-2.58921307347466,0.215150613649551));
#11619=CARTESIAN_POINT('Ctrl Pts',(5.27429023581491,-2.52040831948387,0.10055039050426));
#11620=CARTESIAN_POINT('Ctrl Pts',(5.27429023581491,-2.45160356549309,-0.0140498326410314));
#11621=CARTESIAN_POINT('Ctrl Pts',(5.26128151698083,-2.70970906246231,0.294218601623402));
#11622=CARTESIAN_POINT('Ctrl Pts',(5.26128151698083,-2.62711997913903,0.189093641190494));
#11623=CARTESIAN_POINT('Ctrl Pts',(5.26128151698083,-2.54453089581575,0.0839686807575874));
#11624=CARTESIAN_POINT('Ctrl Pts',(5.26128151698083,-2.46194181249246,-0.0211562796753197));
#11625=CARTESIAN_POINT('Ctrl Pts',(5.25360895815344,-2.75423752624078,0.254471811486433));
#11626=CARTESIAN_POINT('Ctrl Pts',(5.25360895815343,-2.6597741859099,0.159945995090051));
#11627=CARTESIAN_POINT('Ctrl Pts',(5.25360895815343,-2.56531084557903,0.0654201786936688));
#11628=CARTESIAN_POINT('Ctrl Pts',(5.25360895815343,-2.47084750524816,-0.0291056377027134));
#11629=CARTESIAN_POINT('Ctrl Pts',(5.25048486050151,-2.78720166562096,0.217284660088327));
#11630=CARTESIAN_POINT('Ctrl Pts',(5.25048486050151,-2.68394788812204,0.132675417398106));
#11631=CARTESIAN_POINT('Ctrl Pts',(5.25048486050151,-2.58069411062311,0.0480661747078857));
#11632=CARTESIAN_POINT('Ctrl Pts',(5.25048486050151,-2.47744033312419,-0.0365430679823347));
#11633=CARTESIAN_POINT('Ctrl Pts',(5.25,-2.80391091684242,0.19490769790122));
#11634=CARTESIAN_POINT('Ctrl Pts',(5.25,-2.69620133901777,0.116265645127561));
#11635=CARTESIAN_POINT('Ctrl Pts',(5.25,-2.58849176119313,0.0376235923539025));
#11636=CARTESIAN_POINT('Ctrl Pts',(5.25,-2.48078218336848,-0.0410184604197561));
#11637=CARTESIAN_POINT('Ctrl Pts',(5.25,-2.81003646846788,0.186129506563704));
#11638=CARTESIAN_POINT('Ctrl Pts',(5.25,-2.70069341020978,0.109828304813383));
#11639=CARTESIAN_POINT('Ctrl Pts',(5.25,-2.59135035195168,0.033527103063062));
#11640=CARTESIAN_POINT('Ctrl Pts',(5.25,-2.48200729369358,-0.0427740986872592));
#11641=CARTESIAN_POINT('',(5.25,-2.48200729369358,-0.0427740986872592));
#11642=CARTESIAN_POINT('Ctrl Pts',(-5.25,-2.81003912584506,0.186131360920769));
#11643=CARTESIAN_POINT('Ctrl Pts',(-5.25,-2.70069518179457,0.109829541051426));
#11644=CARTESIAN_POINT('Ctrl Pts',(-5.25,-2.59135123774407,0.0335277211820836));
#11645=CARTESIAN_POINT('Ctrl Pts',(-5.25,-2.48200729369358,-0.0427740986872592));
#11646=CARTESIAN_POINT('Ctrl Pts',(-5.25,-2.79456469381813,0.208306918891268));
#11647=CARTESIAN_POINT('Ctrl Pts',(-5.25,-2.68934727166058,0.126091607315452));
#11648=CARTESIAN_POINT('Ctrl Pts',(-5.25,-2.58412984950304,0.0438762957396342));
#11649=CARTESIAN_POINT('Ctrl Pts',(-5.25,-2.4789124273455,-0.0383390158361831));
#11650=CARTESIAN_POINT('Ctrl Pts',(-5.25223033375578,-2.76213225905603,
0.247507010768696));
#11651=CARTESIAN_POINT('Ctrl Pts',(-5.25223033375578,-2.66556350018091,
0.154838324422395));
#11652=CARTESIAN_POINT('Ctrl Pts',(-5.25223033375578,-2.56899474130577,
0.0621696380760952));
#11653=CARTESIAN_POINT('Ctrl Pts',(-5.25223033375578,-2.47242598243063,
-0.030499048270205));
#11654=CARTESIAN_POINT('Ctrl Pts',(-5.26125978669743,-2.70965540723211,
0.29433762674827));
#11655=CARTESIAN_POINT('Ctrl Pts',(-5.26125978669742,-2.62708049818278,
0.18918075590746));
#11656=CARTESIAN_POINT('Ctrl Pts',(-5.26125978669743,-2.54450558913346,
0.0840238850666493));
#11657=CARTESIAN_POINT('Ctrl Pts',(-5.26125978669742,-2.46193068008413,
-0.0211329857741612));
#11658=CARTESIAN_POINT('Ctrl Pts',(-5.27419939525053,-2.65859767871441,
0.329243472452374));
#11659=CARTESIAN_POINT('Ctrl Pts',(-5.27419939525053,-2.5896381859961,0.214778361009307));
#11660=CARTESIAN_POINT('Ctrl Pts',(-5.27419939525053,-2.52067869327778,
0.10031324956624));
#11661=CARTESIAN_POINT('Ctrl Pts',(-5.27419939525053,-2.45171920055947,
-0.0141518618768268));
#11662=CARTESIAN_POINT('Ctrl Pts',(-5.29096701358536,-2.60824874456521,
0.355681605212593));
#11663=CARTESIAN_POINT('Ctrl Pts',(-5.29096701358536,-2.55271565604007,
0.234166313610803));
#11664=CARTESIAN_POINT('Ctrl Pts',(-5.29096701358536,-2.49718256751493,
0.112651022009013));
#11665=CARTESIAN_POINT('Ctrl Pts',(-5.29096701358536,-2.44164947898979,
-0.00886426959277666));
#11666=CARTESIAN_POINT('Ctrl Pts',(-5.31238863001857,-2.55803289740109,
0.3753307983229));
#11667=CARTESIAN_POINT('Ctrl Pts',(-5.31238863001856,-2.51589072314893,
0.248575713402209));
#11668=CARTESIAN_POINT('Ctrl Pts',(-5.31238863001857,-2.47374854889679,
0.12182062848152));
#11669=CARTESIAN_POINT('Ctrl Pts',(-5.31238863001857,-2.43160637464464,
-0.00493445643917135));
#11670=CARTESIAN_POINT('Ctrl Pts',(-5.33880307698714,-2.51014772208347,
0.388468843235022));
#11671=CARTESIAN_POINT('Ctrl Pts',(-5.33880307698714,-2.48077494860493,
0.258210273994772));
#11672=CARTESIAN_POINT('Ctrl Pts',(-5.33880307698714,-2.4514021751264,0.127951704754522));
#11673=CARTESIAN_POINT('Ctrl Pts',(-5.33880307698714,-2.42202940164786,
-0.00230686448572715));
#11674=CARTESIAN_POINT('Ctrl Pts',(-5.37003869083348,-2.46765172423271,
0.395912855297333));
#11675=CARTESIAN_POINT('Ctrl Pts',(-5.37003869083348,-2.44961123520822,
0.263669212957596));
#11676=CARTESIAN_POINT('Ctrl Pts',(-5.37003869083348,-2.43157074618372,
0.131425570617858));
#11677=CARTESIAN_POINT('Ctrl Pts',(-5.37003869083348,-2.41353025715923,
-0.000818071721879576));
#11678=CARTESIAN_POINT('Ctrl Pts',(-5.40514336630882,-2.43376013111737,
0.399135383636031));
#11679=CARTESIAN_POINT('Ctrl Pts',(-5.40514336630882,-2.42475741489991,
0.266032399013672));
#11680=CARTESIAN_POINT('Ctrl Pts',(-5.40514336630882,-2.41575469868247,
0.132929414391314));
#11681=CARTESIAN_POINT('Ctrl Pts',(-5.40514336630882,-2.40675198246502,
-0.00017357023104553));
#11682=CARTESIAN_POINT('Ctrl Pts',(-5.44168297191601,-2.41139550929307,
0.399954680732051));
#11683=CARTESIAN_POINT('Ctrl Pts',(-5.44168297191601,-2.40835670189147,
0.266633216530107));
#11684=CARTESIAN_POINT('Ctrl Pts',(-5.44168297191601,-2.40531789448985,
0.133311752328164));
#11685=CARTESIAN_POINT('Ctrl Pts',(-5.44168297191601,-2.40227908708824,
-9.71187377985655E-6));
#11686=CARTESIAN_POINT('Ctrl Pts',(-5.47367904678881,-2.40159756291159,
0.400004801172636));
#11687=CARTESIAN_POINT('Ctrl Pts',(-5.47367904678881,-2.40117154544493,
0.266669971498215));
#11688=CARTESIAN_POINT('Ctrl Pts',(-5.47367904678881,-2.40074552797829,
0.133335141823794));
#11689=CARTESIAN_POINT('Ctrl Pts',(-5.47367904678881,-2.40031951051163,
3.12149373114654E-7));
#11690=CARTESIAN_POINT('Ctrl Pts',(-5.4927376563278,-2.4,0.400003240415656));
#11691=CARTESIAN_POINT('Ctrl Pts',(-5.4927376563278,-2.4,0.266668826943771));
#11692=CARTESIAN_POINT('Ctrl Pts',(-5.4927376563278,-2.4,0.133334413471885));
#11693=CARTESIAN_POINT('Ctrl Pts',(-5.4927376563278,-2.4,0.));
#11694=CARTESIAN_POINT('Ctrl Pts',(-5.5,-2.4,0.400003240415656));
#11695=CARTESIAN_POINT('Ctrl Pts',(-5.5,-2.4,0.266668826943771));
#11696=CARTESIAN_POINT('Ctrl Pts',(-5.5,-2.4,0.133334413471885));
#11697=CARTESIAN_POINT('Ctrl Pts',(-5.5,-2.4,0.));
#11698=CARTESIAN_POINT('',(-5.25,-2.48200729369358,-0.0427740986872593));
#11699=CARTESIAN_POINT('Origin',(-5.25,-2.48200729369358,-0.0427740986872593));
#11700=CARTESIAN_POINT('Origin',(5.25,-2.81003646846788,0.186129506563704));
#11701=CARTESIAN_POINT('',(0.,0.,0.));
#11702=CARTESIAN_POINT('Origin',(0.,0.,0.));
#11703=CARTESIAN_POINT('',(-0.900000000000003,2.3,0.));
#11704=CARTESIAN_POINT('',(-3.6,2.3,0.));
#11705=CARTESIAN_POINT('',(-0.900000000000003,2.3,0.));
#11706=CARTESIAN_POINT('',(-0.900000000000002,2.65,0.));
#11707=CARTESIAN_POINT('',(-0.900000000000002,2.65,0.));
#11708=CARTESIAN_POINT('',(-0.750000000000002,2.8,0.));
#11709=CARTESIAN_POINT('Origin',(-0.750000000000002,2.65,0.));
#11710=CARTESIAN_POINT('',(0.749999999999997,2.8,0.));
#11711=CARTESIAN_POINT('',(0.749999999999997,2.8,0.));
#11712=CARTESIAN_POINT('',(0.899999999999997,2.65,0.));
#11713=CARTESIAN_POINT('Origin',(0.749999999999997,2.65,0.));
#11714=CARTESIAN_POINT('',(0.899999999999997,2.3,0.));
#11715=CARTESIAN_POINT('',(0.899999999999998,2.3,0.));
#11716=CARTESIAN_POINT('',(3.6,2.3,0.));
#11717=CARTESIAN_POINT('',(3.6,2.3,0.));
#11718=CARTESIAN_POINT('',(3.6,2.65,0.));
#11719=CARTESIAN_POINT('',(3.6,2.65,0.));
#11720=CARTESIAN_POINT('',(3.75,2.8,0.));
#11721=CARTESIAN_POINT('Origin',(3.75,2.65,0.));
#11722=CARTESIAN_POINT('',(5.,2.8,0.));
#11723=CARTESIAN_POINT('',(5.,2.8,0.));
#11724=CARTESIAN_POINT('',(5.15,2.65,0.));
#11725=CARTESIAN_POINT('Origin',(5.,2.65,0.));
#11726=CARTESIAN_POINT('',(5.15,-2.65,0.));
#11727=CARTESIAN_POINT('',(5.15,-2.65,0.));
#11728=CARTESIAN_POINT('',(5.,-2.8,0.));
#11729=CARTESIAN_POINT('Origin',(5.,-2.65,0.));
#11730=CARTESIAN_POINT('',(3.75,-2.80000000000001,0.));
#11731=CARTESIAN_POINT('',(3.75,-2.80000000000001,0.));
#11732=CARTESIAN_POINT('',(3.6,-2.65000000000001,0.));
#11733=CARTESIAN_POINT('Origin',(3.75,-2.65000000000001,0.));
#11734=CARTESIAN_POINT('',(3.6,-2.3,0.));
#11735=CARTESIAN_POINT('',(3.59999999999999,-2.3,0.));
#11736=CARTESIAN_POINT('',(0.899999999999994,-2.3,-4.62592926927149E-18));
#11737=CARTESIAN_POINT('',(0.899999999999994,-2.3,0.));
#11738=CARTESIAN_POINT('',(0.899999999999999,-2.65000000000001,-4.62592926927149E-18));
#11739=CARTESIAN_POINT('',(0.9,-2.65000000000001,-6.93889390390723E-18));
#11740=CARTESIAN_POINT('',(0.749999999999998,-2.80000000000001,0.));
#11741=CARTESIAN_POINT('Origin',(0.749999999999998,-2.65000000000001,0.));
#11742=CARTESIAN_POINT('',(-0.750000000000004,-2.80000000000001,0.));
#11743=CARTESIAN_POINT('',(-0.750000000000004,-2.80000000000001,0.));
#11744=CARTESIAN_POINT('',(-0.900000000000004,-2.65000000000001,0.));
#11745=CARTESIAN_POINT('Origin',(-0.750000000000004,-2.65000000000001,0.));
#11746=CARTESIAN_POINT('',(-0.900000000000004,-2.3,0.));
#11747=CARTESIAN_POINT('',(-0.900000000000004,-2.3,0.));
#11748=CARTESIAN_POINT('',(-3.6,-2.3,0.));
#11749=CARTESIAN_POINT('',(-3.6,-2.3,0.));
#11750=CARTESIAN_POINT('',(-3.6,-2.65,0.));
#11751=CARTESIAN_POINT('',(-3.6,-2.65,0.));
#11752=CARTESIAN_POINT('',(-3.75,-2.8,0.));
#11753=CARTESIAN_POINT('Origin',(-3.75,-2.65,0.));
#11754=CARTESIAN_POINT('',(-5.,-2.8,0.));
#11755=CARTESIAN_POINT('',(-5.,-2.8,0.));
#11756=CARTESIAN_POINT('',(-5.15,-2.65,0.));
#11757=CARTESIAN_POINT('Origin',(-5.,-2.65,0.));
#11758=CARTESIAN_POINT('',(-5.15,2.65,0.));
#11759=CARTESIAN_POINT('',(-5.15,2.65,0.));
#11760=CARTESIAN_POINT('',(-5.,2.8,0.));
#11761=CARTESIAN_POINT('Origin',(-5.,2.65,0.));
#11762=CARTESIAN_POINT('',(-3.75,2.8,0.));
#11763=CARTESIAN_POINT('',(-3.75,2.8,0.));
#11764=CARTESIAN_POINT('',(-3.6,2.65,0.));
#11765=CARTESIAN_POINT('Origin',(-3.75,2.65,0.));
#11766=CARTESIAN_POINT('',(-3.6,2.3,0.));
#11767=CARTESIAN_POINT('',(4.2,-0.15,0.));
#11768=CARTESIAN_POINT('',(4.2,0.15,0.));
#11769=CARTESIAN_POINT('',(4.2,-0.15,0.));
#11770=CARTESIAN_POINT('',(4.,0.349999999999999,0.));
#11771=CARTESIAN_POINT('Origin',(4.,0.15,0.));
#11772=CARTESIAN_POINT('',(2.,0.35,0.));
#11773=CARTESIAN_POINT('',(4.,0.35,0.));
#11774=CARTESIAN_POINT('',(1.8,0.15,0.));
#11775=CARTESIAN_POINT('Origin',(2.,0.15,0.));
#11776=CARTESIAN_POINT('',(1.8,-0.15,0.));
#11777=CARTESIAN_POINT('',(1.8,0.15,0.));
#11778=CARTESIAN_POINT('',(2.,-0.35,0.));
#11779=CARTESIAN_POINT('Origin',(2.,-0.15,0.));
#11780=CARTESIAN_POINT('',(4.,-0.35,0.));
#11781=CARTESIAN_POINT('',(2.,-0.35,0.));
#11782=CARTESIAN_POINT('Origin',(4.,-0.15,0.));
#11783=CARTESIAN_POINT('',(-1.8,-0.149999999999999,-9.25185853854297E-18));
#11784=CARTESIAN_POINT('',(-1.8,0.150000000000001,-4.62592926927149E-18));
#11785=CARTESIAN_POINT('',(-1.8,-0.149999999999999,-6.93889390390723E-18));
#11786=CARTESIAN_POINT('',(-2.,0.350000000000001,0.));
#11787=CARTESIAN_POINT('Origin',(-2.,0.150000000000001,0.));
#11788=CARTESIAN_POINT('',(-4.,0.350000000000002,0.));
#11789=CARTESIAN_POINT('',(-2.,0.350000000000001,0.));
#11790=CARTESIAN_POINT('',(-4.2,0.150000000000002,0.));
#11791=CARTESIAN_POINT('Origin',(-4.,0.150000000000002,0.));
#11792=CARTESIAN_POINT('',(-4.2,-0.149999999999999,0.));
#11793=CARTESIAN_POINT('',(-4.2,0.150000000000002,0.));
#11794=CARTESIAN_POINT('',(-4.,-0.349999999999998,0.));
#11795=CARTESIAN_POINT('Origin',(-4.,-0.149999999999999,0.));
#11796=CARTESIAN_POINT('',(-2.,-0.349999999999999,-4.62592926927149E-18));
#11797=CARTESIAN_POINT('',(-4.,-0.349999999999998,0.));
#11798=CARTESIAN_POINT('Origin',(-2.,-0.149999999999999,0.));
#11799=CARTESIAN_POINT('',(1.2,-0.15,0.));
#11800=CARTESIAN_POINT('',(1.2,0.15,0.));
#11801=CARTESIAN_POINT('',(1.2,-0.15,0.));
#11802=CARTESIAN_POINT('',(1.,0.350000000000001,0.));
#11803=CARTESIAN_POINT('Origin',(1.,0.15,0.));
#11804=CARTESIAN_POINT('',(-1.,0.350000000000001,0.));
#11805=CARTESIAN_POINT('',(1.,0.35,0.));
#11806=CARTESIAN_POINT('',(-1.2,0.150000000000001,0.));
#11807=CARTESIAN_POINT('Origin',(-1.,0.150000000000001,0.));
#11808=CARTESIAN_POINT('',(-1.2,-0.149999999999999,0.));
#11809=CARTESIAN_POINT('',(-1.2,0.150000000000001,0.));
#11810=CARTESIAN_POINT('',(-1.,-0.349999999999999,4.62592926927149E-18));
#11811=CARTESIAN_POINT('Origin',(-1.,-0.149999999999999,0.));
#11812=CARTESIAN_POINT('',(1.,-0.349999999999999,4.62592926927149E-18));
#11813=CARTESIAN_POINT('',(-1.,-0.349999999999999,6.93889390390723E-18));
#11814=CARTESIAN_POINT('Origin',(1.,-0.149999999999999,0.));
#11815=CARTESIAN_POINT('Origin',(0.,0.,0.909999999999999));
#11816=CARTESIAN_POINT('',(0.899999999999997,2.65,0.909999999999999));
#11817=CARTESIAN_POINT('',(0.749999999999997,2.8,0.909999999999999));
#11818=CARTESIAN_POINT('Origin',(0.749999999999997,2.65,0.909999999999999));
#11819=CARTESIAN_POINT('',(-0.750000000000002,2.8,0.909999999999999));
#11820=CARTESIAN_POINT('',(0.749999999999997,2.8,0.909999999999999));
#11821=CARTESIAN_POINT('',(-0.900000000000002,2.65,0.909999999999999));
#11822=CARTESIAN_POINT('Origin',(-0.750000000000002,2.65,0.909999999999999));
#11823=CARTESIAN_POINT('',(-0.900000000000003,2.3,0.909999999999999));
#11824=CARTESIAN_POINT('',(-0.900000000000002,2.65,0.909999999999999));
#11825=CARTESIAN_POINT('',(-3.6,2.3,0.909999999999999));
#11826=CARTESIAN_POINT('',(-0.900000000000003,2.3,0.909999999999999));
#11827=CARTESIAN_POINT('',(-3.6,2.65,0.909999999999999));
#11828=CARTESIAN_POINT('',(-3.6,2.3,0.909999999999999));
#11829=CARTESIAN_POINT('',(-3.75,2.8,0.909999999999999));
#11830=CARTESIAN_POINT('Origin',(-3.75,2.65,0.909999999999999));
#11831=CARTESIAN_POINT('',(-5.,2.8,0.909999999999999));
#11832=CARTESIAN_POINT('',(-3.75,2.8,0.909999999999999));
#11833=CARTESIAN_POINT('',(-5.15,2.65,0.909999999999999));
#11834=CARTESIAN_POINT('Origin',(-5.,2.65,0.909999999999999));
#11835=CARTESIAN_POINT('',(-5.15,-2.65,0.909999999999999));
#11836=CARTESIAN_POINT('',(-5.15,2.65,0.909999999999999));
#11837=CARTESIAN_POINT('',(-5.,-2.8,0.909999999999999));
#11838=CARTESIAN_POINT('Origin',(-5.,-2.65,0.909999999999999));
#11839=CARTESIAN_POINT('',(-3.75000000000001,-2.8,0.909999999999999));
#11840=CARTESIAN_POINT('',(-5.,-2.8,0.909999999999999));
#11841=CARTESIAN_POINT('',(-3.6,-2.65,0.909999999999999));
#11842=CARTESIAN_POINT('Origin',(-3.75,-2.65,0.909999999999999));
#11843=CARTESIAN_POINT('',(-3.6,-2.3,0.909999999999999));
#11844=CARTESIAN_POINT('',(-3.6,-2.65,0.909999999999999));
#11845=CARTESIAN_POINT('',(-0.900000000000004,-2.3,0.909999999999999));
#11846=CARTESIAN_POINT('',(-3.6,-2.3,0.909999999999999));
#11847=CARTESIAN_POINT('',(-0.900000000000004,-2.65000000000001,0.909999999999999));
#11848=CARTESIAN_POINT('',(-0.900000000000004,-2.3,0.909999999999999));
#11849=CARTESIAN_POINT('',(-0.750000000000004,-2.80000000000001,0.909999999999999));
#11850=CARTESIAN_POINT('Origin',(-0.750000000000004,-2.65000000000001,0.909999999999999));
#11851=CARTESIAN_POINT('',(0.749999999999998,-2.80000000000001,0.909999999999999));
#11852=CARTESIAN_POINT('',(-0.750000000000004,-2.80000000000001,0.909999999999999));
#11853=CARTESIAN_POINT('',(0.899999999999999,-2.65,0.909999999999999));
#11854=CARTESIAN_POINT('Origin',(0.749999999999998,-2.65000000000001,0.909999999999999));
#11855=CARTESIAN_POINT('',(0.899999999999994,-2.3,0.909999999999999));
#11856=CARTESIAN_POINT('',(0.9,-2.65000000000001,0.909999999999999));
#11857=CARTESIAN_POINT('',(3.59999999999999,-2.3,0.909999999999999));
#11858=CARTESIAN_POINT('',(0.899999999999994,-2.3,0.909999999999999));
#11859=CARTESIAN_POINT('',(3.6,-2.65000000000001,0.909999999999999));
#11860=CARTESIAN_POINT('',(3.59999999999999,-2.3,0.909999999999999));
#11861=CARTESIAN_POINT('',(3.75,-2.80000000000001,0.909999999999999));
#11862=CARTESIAN_POINT('Origin',(3.75,-2.65000000000001,0.909999999999999));
#11863=CARTESIAN_POINT('',(5.,-2.8,0.909999999999999));
#11864=CARTESIAN_POINT('',(3.75,-2.80000000000001,0.909999999999999));
#11865=CARTESIAN_POINT('',(5.15,-2.65,0.909999999999999));
#11866=CARTESIAN_POINT('Origin',(5.,-2.65,0.909999999999999));
#11867=CARTESIAN_POINT('',(5.15,2.65,0.909999999999999));
#11868=CARTESIAN_POINT('',(5.15,-2.65,0.909999999999999));
#11869=CARTESIAN_POINT('',(5.,2.8,0.909999999999999));
#11870=CARTESIAN_POINT('Origin',(5.,2.65,0.909999999999999));
#11871=CARTESIAN_POINT('',(3.75,2.8,0.909999999999999));
#11872=CARTESIAN_POINT('',(5.,2.8,0.909999999999999));
#11873=CARTESIAN_POINT('',(3.6,2.65,0.909999999999999));
#11874=CARTESIAN_POINT('Origin',(3.75,2.65,0.909999999999999));
#11875=CARTESIAN_POINT('',(3.6,2.3,0.909999999999999));
#11876=CARTESIAN_POINT('',(3.6,2.65,0.909999999999999));
#11877=CARTESIAN_POINT('',(0.899999999999997,2.3,0.909999999999999));
#11878=CARTESIAN_POINT('',(3.6,2.3,0.909999999999999));
#11879=CARTESIAN_POINT('',(0.899999999999998,2.3,0.909999999999999));
#11880=CARTESIAN_POINT('',(2.,0.35,0.909999999999999));
#11881=CARTESIAN_POINT('',(4.,0.349999999999999,0.909999999999999));
#11882=CARTESIAN_POINT('',(4.,0.35,0.909999999999999));
#11883=CARTESIAN_POINT('',(4.2,0.15,0.909999999999999));
#11884=CARTESIAN_POINT('Origin',(4.,0.15,0.909999999999999));
#11885=CARTESIAN_POINT('',(4.2,-0.15,0.909999999999999));
#11886=CARTESIAN_POINT('',(4.2,-0.15,0.909999999999999));
#11887=CARTESIAN_POINT('',(4.,-0.35,0.909999999999999));
#11888=CARTESIAN_POINT('Origin',(4.,-0.15,0.909999999999999));
#11889=CARTESIAN_POINT('',(2.,-0.35,0.909999999999999));
#11890=CARTESIAN_POINT('',(2.,-0.35,0.909999999999999));
#11891=CARTESIAN_POINT('',(1.8,-0.15,0.909999999999999));
#11892=CARTESIAN_POINT('Origin',(2.,-0.15,0.909999999999999));
#11893=CARTESIAN_POINT('',(1.8,0.15,0.909999999999999));
#11894=CARTESIAN_POINT('',(1.8,0.15,0.909999999999999));
#11895=CARTESIAN_POINT('Origin',(2.,0.15,0.909999999999999));
#11896=CARTESIAN_POINT('',(-4.,0.350000000000002,0.909999999999999));
#11897=CARTESIAN_POINT('',(-2.,0.350000000000001,0.909999999999999));
#11898=CARTESIAN_POINT('',(-2.,0.350000000000001,0.909999999999999));
#11899=CARTESIAN_POINT('',(-1.8,0.150000000000001,0.909999999999999));
#11900=CARTESIAN_POINT('Origin',(-2.,0.150000000000001,0.909999999999999));
#11901=CARTESIAN_POINT('',(-1.8,-0.149999999999999,0.909999999999999));
#11902=CARTESIAN_POINT('',(-1.8,-0.149999999999999,0.909999999999999));
#11903=CARTESIAN_POINT('',(-2.,-0.349999999999999,0.909999999999999));
#11904=CARTESIAN_POINT('Origin',(-2.,-0.149999999999999,0.909999999999999));
#11905=CARTESIAN_POINT('',(-4.,-0.349999999999998,0.909999999999999));
#11906=CARTESIAN_POINT('',(-4.,-0.349999999999998,0.909999999999999));
#11907=CARTESIAN_POINT('',(-4.2,-0.149999999999999,0.909999999999999));
#11908=CARTESIAN_POINT('Origin',(-4.,-0.149999999999999,0.909999999999999));
#11909=CARTESIAN_POINT('',(-4.2,0.150000000000002,0.909999999999999));
#11910=CARTESIAN_POINT('',(-4.2,0.150000000000002,0.909999999999999));
#11911=CARTESIAN_POINT('Origin',(-4.,0.150000000000002,0.909999999999999));
#11912=CARTESIAN_POINT('',(-1.,0.350000000000001,0.909999999999999));
#11913=CARTESIAN_POINT('',(1.,0.35,0.909999999999999));
#11914=CARTESIAN_POINT('',(1.,0.35,0.909999999999999));
#11915=CARTESIAN_POINT('',(1.2,0.15,0.909999999999999));
#11916=CARTESIAN_POINT('Origin',(1.,0.15,0.909999999999999));
#11917=CARTESIAN_POINT('',(1.2,-0.149999999999999,0.909999999999999));
#11918=CARTESIAN_POINT('',(1.2,-0.149999999999999,0.909999999999999));
#11919=CARTESIAN_POINT('',(1.,-0.349999999999999,0.909999999999999));
#11920=CARTESIAN_POINT('Origin',(1.,-0.149999999999999,0.909999999999999));
#11921=CARTESIAN_POINT('',(-1.,-0.349999999999999,0.909999999999999));
#11922=CARTESIAN_POINT('',(-1.,-0.349999999999999,0.909999999999999));
#11923=CARTESIAN_POINT('',(-1.2,-0.149999999999999,0.909999999999999));
#11924=CARTESIAN_POINT('Origin',(-1.,-0.149999999999999,0.909999999999999));
#11925=CARTESIAN_POINT('',(-1.2,0.150000000000001,0.909999999999999));
#11926=CARTESIAN_POINT('',(-1.2,0.150000000000001,0.909999999999999));
#11927=CARTESIAN_POINT('Origin',(-1.,0.150000000000001,0.909999999999999));
#11928=CARTESIAN_POINT('Origin',(4.1,-0.15,0.));
#11929=CARTESIAN_POINT('',(4.1,0.15,0.809999999999999));
#11930=CARTESIAN_POINT('',(4.1,-0.15,0.809999999999999));
#11931=CARTESIAN_POINT('',(4.1,-0.15,0.809999999999999));
#11932=CARTESIAN_POINT('',(4.1,0.15,0.1));
#11933=CARTESIAN_POINT('',(4.1,0.15,0.1));
#11934=CARTESIAN_POINT('',(4.1,-0.15,0.1));
#11935=CARTESIAN_POINT('',(4.1,-0.15,0.1));
#11936=CARTESIAN_POINT('',(4.1,-0.15,0.1));
#11937=CARTESIAN_POINT('Origin',(4.,-0.15,0.));
#11938=CARTESIAN_POINT('',(4.,-0.25,0.809999999999999));
#11939=CARTESIAN_POINT('Origin',(4.,-0.15,0.809999999999999));
#11940=CARTESIAN_POINT('',(4.,-0.25,0.1));
#11941=CARTESIAN_POINT('Origin',(4.,-0.15,0.1));
#11942=CARTESIAN_POINT('',(4.,-0.25,0.1));
#11943=CARTESIAN_POINT('Origin',(2.,-0.25,0.));
#11944=CARTESIAN_POINT('',(2.,-0.25,0.809999999999999));
#11945=CARTESIAN_POINT('',(2.,-0.25,0.809999999999999));
#11946=CARTESIAN_POINT('',(2.,-0.25,0.1));
#11947=CARTESIAN_POINT('',(2.,-0.25,0.1));
#11948=CARTESIAN_POINT('',(2.,-0.25,0.1));
#11949=CARTESIAN_POINT('Origin',(2.,-0.15,0.));
#11950=CARTESIAN_POINT('',(1.9,-0.15,0.809999999999999));
#11951=CARTESIAN_POINT('Origin',(2.,-0.15,0.809999999999999));
#11952=CARTESIAN_POINT('',(1.9,-0.15,0.1));
#11953=CARTESIAN_POINT('Origin',(2.,-0.15,0.1));
#11954=CARTESIAN_POINT('',(1.9,-0.15,0.1));
#11955=CARTESIAN_POINT('Origin',(1.9,0.15,0.));
#11956=CARTESIAN_POINT('',(1.9,0.15,0.809999999999999));
#11957=CARTESIAN_POINT('',(1.9,0.15,0.809999999999999));
#11958=CARTESIAN_POINT('',(1.9,0.15,0.1));
#11959=CARTESIAN_POINT('',(1.9,0.15,0.1));
#11960=CARTESIAN_POINT('',(1.9,0.15,0.1));
#11961=CARTESIAN_POINT('Origin',(2.,0.15,0.));
#11962=CARTESIAN_POINT('',(2.,0.25,0.809999999999999));
#11963=CARTESIAN_POINT('Origin',(2.,0.15,0.809999999999999));
#11964=CARTESIAN_POINT('',(2.,0.25,0.1));
#11965=CARTESIAN_POINT('Origin',(2.,0.15,0.1));
#11966=CARTESIAN_POINT('',(2.,0.25,0.1));
#11967=CARTESIAN_POINT('Origin',(4.,0.25,0.));
#11968=CARTESIAN_POINT('',(4.,0.25,0.809999999999999));
#11969=CARTESIAN_POINT('',(4.,0.25,0.809999999999999));
#11970=CARTESIAN_POINT('',(4.,0.25,0.1));
#11971=CARTESIAN_POINT('',(4.,0.25,0.1));
#11972=CARTESIAN_POINT('',(4.,0.25,0.1));
#11973=CARTESIAN_POINT('Origin',(4.,0.15,0.));
#11974=CARTESIAN_POINT('Origin',(4.,0.15,0.809999999999999));
#11975=CARTESIAN_POINT('Origin',(4.,0.15,0.1));
#11976=CARTESIAN_POINT('Origin',(1.1,-0.15,0.));
#11977=CARTESIAN_POINT('',(1.1,0.15,0.809999999999999));
#11978=CARTESIAN_POINT('',(1.1,-0.149999999999999,0.809999999999999));
#11979=CARTESIAN_POINT('',(1.1,-0.15,0.809999999999999));
#11980=CARTESIAN_POINT('',(1.1,0.15,0.1));
#11981=CARTESIAN_POINT('',(1.1,0.15,0.1));
#11982=CARTESIAN_POINT('',(1.1,-0.15,0.1));
#11983=CARTESIAN_POINT('',(1.1,-0.15,0.1));
#11984=CARTESIAN_POINT('',(1.1,-0.15,0.1));
#11985=CARTESIAN_POINT('Origin',(1.,-0.149999999999999,0.));
#11986=CARTESIAN_POINT('',(1.,-0.249999999999999,0.809999999999999));
#11987=CARTESIAN_POINT('Origin',(1.,-0.149999999999999,0.809999999999999));
#11988=CARTESIAN_POINT('',(1.,-0.25,0.1));
#11989=CARTESIAN_POINT('Origin',(1.,-0.149999999999999,0.1));
#11990=CARTESIAN_POINT('',(1.,-0.25,0.1));
#11991=CARTESIAN_POINT('Origin',(-1.,-0.249999999999999,0.));
#11992=CARTESIAN_POINT('',(-1.,-0.249999999999999,0.809999999999999));
#11993=CARTESIAN_POINT('',(-1.,-0.249999999999999,0.809999999999999));
#11994=CARTESIAN_POINT('',(-1.,-0.249999999999999,0.1));
#11995=CARTESIAN_POINT('',(-1.,-0.249999999999999,0.1));
#11996=CARTESIAN_POINT('',(-1.,-0.249999999999999,0.1));
#11997=CARTESIAN_POINT('Origin',(-1.,-0.149999999999999,0.));
#11998=CARTESIAN_POINT('',(-1.1,-0.149999999999999,0.809999999999999));
#11999=CARTESIAN_POINT('Origin',(-1.,-0.149999999999999,0.809999999999999));
#12000=CARTESIAN_POINT('',(-1.1,-0.149999999999999,0.1));
#12001=CARTESIAN_POINT('Origin',(-1.,-0.149999999999999,0.1));
#12002=CARTESIAN_POINT('',(-1.1,-0.149999999999999,0.1));
#12003=CARTESIAN_POINT('Origin',(-1.1,0.150000000000001,0.));
#12004=CARTESIAN_POINT('',(-1.1,0.150000000000001,0.809999999999999));
#12005=CARTESIAN_POINT('',(-1.1,0.150000000000001,0.809999999999999));
#12006=CARTESIAN_POINT('',(-1.1,0.150000000000001,0.1));
#12007=CARTESIAN_POINT('',(-1.1,0.150000000000001,0.1));
#12008=CARTESIAN_POINT('',(-1.1,0.150000000000001,0.1));
#12009=CARTESIAN_POINT('Origin',(-1.,0.150000000000001,0.));
#12010=CARTESIAN_POINT('',(-1.,0.250000000000001,0.809999999999999));
#12011=CARTESIAN_POINT('Origin',(-1.,0.150000000000001,0.809999999999999));
#12012=CARTESIAN_POINT('',(-1.,0.250000000000001,0.1));
#12013=CARTESIAN_POINT('Origin',(-1.,0.150000000000001,0.1));
#12014=CARTESIAN_POINT('',(-1.,0.250000000000001,0.1));
#12015=CARTESIAN_POINT('Origin',(1.,0.25,0.));
#12016=CARTESIAN_POINT('',(1.,0.25,0.809999999999999));
#12017=CARTESIAN_POINT('',(1.,0.25,0.809999999999999));
#12018=CARTESIAN_POINT('',(1.,0.25,0.1));
#12019=CARTESIAN_POINT('',(1.,0.25,0.1));
#12020=CARTESIAN_POINT('',(1.,0.25,0.1));
#12021=CARTESIAN_POINT('Origin',(1.,0.15,0.));
#12022=CARTESIAN_POINT('Origin',(1.,0.15,0.809999999999999));
#12023=CARTESIAN_POINT('Origin',(1.,0.15,0.1));
#12024=CARTESIAN_POINT('Origin',(-1.9,-0.149999999999999,0.));
#12025=CARTESIAN_POINT('',(-1.9,0.150000000000001,0.809999999999999));
#12026=CARTESIAN_POINT('',(-1.9,-0.149999999999999,0.809999999999999));
#12027=CARTESIAN_POINT('',(-1.9,-0.149999999999999,0.809999999999999));
#12028=CARTESIAN_POINT('',(-1.9,0.150000000000001,0.1));
#12029=CARTESIAN_POINT('',(-1.9,0.150000000000001,0.1));
#12030=CARTESIAN_POINT('',(-1.9,-0.149999999999999,0.1));
#12031=CARTESIAN_POINT('',(-1.9,-0.149999999999999,0.1));
#12032=CARTESIAN_POINT('',(-1.9,-0.149999999999999,0.1));
#12033=CARTESIAN_POINT('Origin',(-2.,-0.149999999999999,0.));
#12034=CARTESIAN_POINT('',(-2.,-0.249999999999999,0.809999999999999));
#12035=CARTESIAN_POINT('Origin',(-2.,-0.149999999999999,0.809999999999999));
#12036=CARTESIAN_POINT('',(-2.,-0.249999999999999,0.1));
#12037=CARTESIAN_POINT('Origin',(-2.,-0.149999999999999,0.1));
#12038=CARTESIAN_POINT('',(-2.,-0.249999999999999,0.1));
#12039=CARTESIAN_POINT('Origin',(-4.,-0.249999999999998,0.));
#12040=CARTESIAN_POINT('',(-4.,-0.249999999999998,0.809999999999999));
#12041=CARTESIAN_POINT('',(-4.,-0.249999999999998,0.809999999999999));
#12042=CARTESIAN_POINT('',(-4.,-0.249999999999998,0.1));
#12043=CARTESIAN_POINT('',(-4.,-0.249999999999998,0.1));
#12044=CARTESIAN_POINT('',(-4.,-0.249999999999999,0.1));
#12045=CARTESIAN_POINT('Origin',(-4.,-0.149999999999999,0.));
#12046=CARTESIAN_POINT('',(-4.1,-0.149999999999999,0.809999999999999));
#12047=CARTESIAN_POINT('Origin',(-4.,-0.149999999999999,0.809999999999999));
#12048=CARTESIAN_POINT('',(-4.1,-0.149999999999999,0.1));
#12049=CARTESIAN_POINT('Origin',(-4.,-0.149999999999999,0.1));
#12050=CARTESIAN_POINT('',(-4.1,-0.149999999999999,0.1));
#12051=CARTESIAN_POINT('Origin',(-4.1,0.150000000000002,0.));
#12052=CARTESIAN_POINT('',(-4.1,0.150000000000002,0.809999999999999));
#12053=CARTESIAN_POINT('',(-4.1,0.150000000000002,0.809999999999999));
#12054=CARTESIAN_POINT('',(-4.1,0.150000000000002,0.0999999999999999));
#12055=CARTESIAN_POINT('',(-4.1,0.150000000000002,0.1));
#12056=CARTESIAN_POINT('',(-4.1,0.150000000000002,0.1));
#12057=CARTESIAN_POINT('Origin',(-4.,0.150000000000002,0.));
#12058=CARTESIAN_POINT('',(-4.,0.250000000000002,0.809999999999999));
#12059=CARTESIAN_POINT('Origin',(-4.,0.150000000000002,0.809999999999999));
#12060=CARTESIAN_POINT('',(-4.,0.250000000000002,0.0999999999999999));
#12061=CARTESIAN_POINT('Origin',(-4.,0.150000000000002,0.1));
#12062=CARTESIAN_POINT('',(-4.,0.250000000000002,0.1));
#12063=CARTESIAN_POINT('Origin',(-2.,0.250000000000001,0.));
#12064=CARTESIAN_POINT('',(-2.,0.250000000000001,0.809999999999999));
#12065=CARTESIAN_POINT('',(-2.,0.250000000000001,0.809999999999999));
#12066=CARTESIAN_POINT('',(-2.,0.250000000000001,0.1));
#12067=CARTESIAN_POINT('',(-2.,0.250000000000001,0.1));
#12068=CARTESIAN_POINT('',(-2.,0.250000000000001,0.1));
#12069=CARTESIAN_POINT('Origin',(-2.,0.150000000000001,0.));
#12070=CARTESIAN_POINT('Origin',(-2.,0.150000000000001,0.809999999999999));
#12071=CARTESIAN_POINT('Origin',(-2.,0.150000000000001,0.1));
#12072=CARTESIAN_POINT('Origin',(0.999999999999998,2.4,0.));
#12073=CARTESIAN_POINT('',(0.999999999999997,2.4,0.809999999999999));
#12074=CARTESIAN_POINT('',(0.999999999999997,2.65,0.809999999999999));
#12075=CARTESIAN_POINT('',(0.999999999999998,2.4,0.809999999999999));
#12076=CARTESIAN_POINT('',(0.999999999999997,2.4,0.1));
#12077=CARTESIAN_POINT('',(0.999999999999997,2.4,0.1));
#12078=CARTESIAN_POINT('',(0.999999999999997,2.65,0.1));
#12079=CARTESIAN_POINT('',(0.999999999999998,2.4,0.1));
#12080=CARTESIAN_POINT('',(0.999999999999997,2.65,0.1));
#12081=CARTESIAN_POINT('Origin',(3.5,2.4,0.));
#12082=CARTESIAN_POINT('',(3.5,2.4,0.809999999999999));
#12083=CARTESIAN_POINT('',(3.5,2.4,0.809999999999999));
#12084=CARTESIAN_POINT('',(3.5,2.4,0.0999999999999997));
#12085=CARTESIAN_POINT('',(3.5,2.4,0.1));
#12086=CARTESIAN_POINT('',(3.5,2.4,0.1));
#12087=CARTESIAN_POINT('Origin',(3.5,2.65,0.));
#12088=CARTESIAN_POINT('',(3.5,2.65,0.809999999999999));
#12089=CARTESIAN_POINT('',(3.5,2.65,0.809999999999999));
#12090=CARTESIAN_POINT('',(3.5,2.65,0.0999999999999997));
#12091=CARTESIAN_POINT('',(3.5,2.65,0.1));
#12092=CARTESIAN_POINT('',(3.5,2.65,0.0999999999999993));
#12093=CARTESIAN_POINT('Origin',(3.75,2.65,0.));
#12094=CARTESIAN_POINT('',(3.75,2.9,0.809999999999999));
#12095=CARTESIAN_POINT('Origin',(3.75,2.65,0.809999999999999));
#12096=CARTESIAN_POINT('',(3.75,2.9,0.1));
#12097=CARTESIAN_POINT('',(3.75,2.9,0.1));
#12098=CARTESIAN_POINT('Origin',(3.75,2.65,0.1));
#12099=CARTESIAN_POINT('Origin',(5.,2.9,0.));
#12100=CARTESIAN_POINT('',(5.,2.9,0.809999999999999));
#12101=CARTESIAN_POINT('',(5.,2.9,0.809999999999999));
#12102=CARTESIAN_POINT('',(5.,2.9,0.1));
#12103=CARTESIAN_POINT('',(5.,2.9,0.1));
#12104=CARTESIAN_POINT('',(5.,2.9,0.1));
#12105=CARTESIAN_POINT('Origin',(5.,2.65,0.));
#12106=CARTESIAN_POINT('',(5.25,2.65,0.809999999999999));
#12107=CARTESIAN_POINT('Origin',(5.,2.65,0.809999999999999));
#12108=CARTESIAN_POINT('',(5.25,2.65,0.1));
#12109=CARTESIAN_POINT('',(5.25,2.65,0.1));
#12110=CARTESIAN_POINT('Origin',(5.,2.65,0.1));
#12111=CARTESIAN_POINT('Origin',(5.25,-2.65,0.));
#12112=CARTESIAN_POINT('',(5.25,-2.65,0.809999999999999));
#12113=CARTESIAN_POINT('',(5.25,-2.65,0.809999999999999));
#12114=CARTESIAN_POINT('',(5.25,-2.65,0.1));
#12115=CARTESIAN_POINT('',(5.25,-2.65,0.1));
#12116=CARTESIAN_POINT('',(5.25,-2.65,0.1));
#12117=CARTESIAN_POINT('Origin',(5.,-2.65,0.));
#12118=CARTESIAN_POINT('',(5.,-2.9,0.809999999999999));
#12119=CARTESIAN_POINT('Origin',(5.,-2.65,0.809999999999999));
#12120=CARTESIAN_POINT('',(5.,-2.9,0.0999999999999999));
#12121=CARTESIAN_POINT('',(5.,-2.9,0.1));
#12122=CARTESIAN_POINT('Origin',(5.,-2.65,0.1));
#12123=CARTESIAN_POINT('Origin',(3.75,-2.90000000000001,0.));
#12124=CARTESIAN_POINT('',(3.75,-2.90000000000001,0.809999999999999));
#12125=CARTESIAN_POINT('',(3.75,-2.90000000000001,0.809999999999999));
#12126=CARTESIAN_POINT('',(3.75,-2.90000000000001,0.0999999999999999));
#12127=CARTESIAN_POINT('',(3.75,-2.90000000000001,0.1));
#12128=CARTESIAN_POINT('',(3.75,-2.90000000000001,0.0999999999999998));
#12129=CARTESIAN_POINT('Origin',(3.75,-2.65000000000001,0.));
#12130=CARTESIAN_POINT('',(3.5,-2.65000000000001,0.809999999999999));
#12131=CARTESIAN_POINT('Origin',(3.75,-2.65000000000001,0.809999999999999));
#12132=CARTESIAN_POINT('',(3.5,-2.65000000000001,0.1));
#12133=CARTESIAN_POINT('',(3.5,-2.65000000000001,0.1));
#12134=CARTESIAN_POINT('Origin',(3.75,-2.65000000000001,0.1));
#12135=CARTESIAN_POINT('Origin',(3.5,-2.4,0.));
#12136=CARTESIAN_POINT('',(3.5,-2.4,0.809999999999999));
#12137=CARTESIAN_POINT('',(3.5,-2.4,0.809999999999999));
#12138=CARTESIAN_POINT('',(3.5,-2.4,0.1));
#12139=CARTESIAN_POINT('',(3.5,-2.4,0.1));
#12140=CARTESIAN_POINT('',(3.5,-2.4,0.1));
#12141=CARTESIAN_POINT('Origin',(0.999999999999996,-2.4,0.));
#12142=CARTESIAN_POINT('',(0.999999999999996,-2.4,0.809999999999999));
#12143=CARTESIAN_POINT('',(0.999999999999996,-2.4,0.809999999999999));
#12144=CARTESIAN_POINT('',(0.999999999999996,-2.4,0.0999999999999999));
#12145=CARTESIAN_POINT('',(0.999999999999996,-2.4,0.1));
#12146=CARTESIAN_POINT('',(0.999999999999996,-2.4,0.0999999999999998));
#12147=CARTESIAN_POINT('Origin',(1.,-2.65,0.));
#12148=CARTESIAN_POINT('',(0.999999999999999,-2.65,0.809999999999999));
#12149=CARTESIAN_POINT('',(1.,-2.65,0.809999999999999));
#12150=CARTESIAN_POINT('',(0.999999999999999,-2.65,0.1));
#12151=CARTESIAN_POINT('',(0.999999999999999,-2.65,0.1));
#12152=CARTESIAN_POINT('',(1.,-2.65,0.0999999999999999));
#12153=CARTESIAN_POINT('Origin',(0.749999999999998,-2.65000000000001,0.));
#12154=CARTESIAN_POINT('',(0.749999999999998,-2.90000000000001,0.809999999999999));
#12155=CARTESIAN_POINT('Origin',(0.749999999999998,-2.65000000000001,0.809999999999999));
#12156=CARTESIAN_POINT('',(0.749999999999998,-2.90000000000001,0.0999999999999999));
#12157=CARTESIAN_POINT('',(0.749999999999998,-2.90000000000001,0.1));
#12158=CARTESIAN_POINT('Origin',(0.749999999999998,-2.65000000000001,0.1));
#12159=CARTESIAN_POINT('Origin',(-0.750000000000004,-2.90000000000001,0.));
#12160=CARTESIAN_POINT('',(-0.750000000000004,-2.90000000000001,0.809999999999999));
#12161=CARTESIAN_POINT('',(-0.750000000000004,-2.90000000000001,0.809999999999999));
#12162=CARTESIAN_POINT('',(-0.750000000000004,-2.90000000000001,0.0999999999999999));
#12163=CARTESIAN_POINT('',(-0.750000000000004,-2.90000000000001,0.1));
#12164=CARTESIAN_POINT('',(-0.750000000000004,-2.90000000000001,0.0999999999999998));
#12165=CARTESIAN_POINT('Origin',(-0.750000000000004,-2.65000000000001,0.));
#12166=CARTESIAN_POINT('',(-1.,-2.65000000000001,0.809999999999999));
#12167=CARTESIAN_POINT('Origin',(-0.750000000000004,-2.65000000000001,0.809999999999999));
#12168=CARTESIAN_POINT('',(-1.,-2.65000000000001,0.1));
#12169=CARTESIAN_POINT('',(-1.,-2.65000000000001,0.1));
#12170=CARTESIAN_POINT('Origin',(-0.750000000000004,-2.65000000000001,0.1));
#12171=CARTESIAN_POINT('Origin',(-1.,-2.4,0.));
#12172=CARTESIAN_POINT('',(-1.,-2.4,0.809999999999999));
#12173=CARTESIAN_POINT('',(-1.,-2.4,0.809999999999999));
#12174=CARTESIAN_POINT('',(-1.,-2.4,0.1));
#12175=CARTESIAN_POINT('',(-1.,-2.4,0.1));
#12176=CARTESIAN_POINT('',(-1.,-2.4,0.0999999999999999));
#12177=CARTESIAN_POINT('Origin',(-3.50000000000001,-2.4,0.));
#12178=CARTESIAN_POINT('',(-3.5,-2.4,0.809999999999999));
#12179=CARTESIAN_POINT('',(-3.50000000000001,-2.4,0.809999999999999));
#12180=CARTESIAN_POINT('',(-3.5,-2.4,0.1));
#12181=CARTESIAN_POINT('',(-3.50000000000001,-2.4,0.1));
#12182=CARTESIAN_POINT('',(-3.50000000000001,-2.4,0.1));
#12183=CARTESIAN_POINT('Origin',(-3.5,-2.65,0.));
#12184=CARTESIAN_POINT('',(-3.5,-2.65,0.809999999999999));
#12185=CARTESIAN_POINT('',(-3.5,-2.65,0.809999999999999));
#12186=CARTESIAN_POINT('',(-3.5,-2.65,0.1));
#12187=CARTESIAN_POINT('',(-3.5,-2.65,0.1));
#12188=CARTESIAN_POINT('',(-3.5,-2.65,0.1));
#12189=CARTESIAN_POINT('Origin',(-3.75,-2.65,0.));
#12190=CARTESIAN_POINT('',(-3.75000000000001,-2.9,0.809999999999999));
#12191=CARTESIAN_POINT('Origin',(-3.75,-2.65,0.809999999999999));
#12192=CARTESIAN_POINT('',(-3.75,-2.9,0.0999999999999999));
#12193=CARTESIAN_POINT('',(-3.75,-2.9,0.1));
#12194=CARTESIAN_POINT('Origin',(-3.75,-2.65,0.1));
#12195=CARTESIAN_POINT('Origin',(-5.,-2.9,0.));
#12196=CARTESIAN_POINT('',(-5.,-2.9,0.809999999999999));
#12197=CARTESIAN_POINT('',(-5.,-2.9,0.809999999999999));
#12198=CARTESIAN_POINT('',(-5.,-2.9,0.0999999999999999));
#12199=CARTESIAN_POINT('',(-5.,-2.9,0.1));
#12200=CARTESIAN_POINT('',(-5.,-2.9,0.0999999999999998));
#12201=CARTESIAN_POINT('Origin',(-5.,-2.65,0.));
#12202=CARTESIAN_POINT('',(-5.25,-2.65,0.809999999999999));
#12203=CARTESIAN_POINT('Origin',(-5.,-2.65,0.809999999999999));
#12204=CARTESIAN_POINT('',(-5.25,-2.65,0.1));
#12205=CARTESIAN_POINT('',(-5.25,-2.65,0.1));
#12206=CARTESIAN_POINT('Origin',(-5.,-2.65,0.1));
#12207=CARTESIAN_POINT('Origin',(-5.25,2.65,0.));
#12208=CARTESIAN_POINT('',(-5.25,2.65,0.809999999999999));
#12209=CARTESIAN_POINT('',(-5.25,2.65,0.809999999999999));
#12210=CARTESIAN_POINT('',(-5.25,2.65,0.1));
#12211=CARTESIAN_POINT('',(-5.25,2.65,0.1));
#12212=CARTESIAN_POINT('',(-5.25,2.65,0.1));
#12213=CARTESIAN_POINT('Origin',(-5.,2.65,0.));
#12214=CARTESIAN_POINT('',(-5.,2.9,0.809999999999999));
#12215=CARTESIAN_POINT('Origin',(-5.,2.65,0.809999999999999));
#12216=CARTESIAN_POINT('',(-5.,2.9,0.0999999999999999));
#12217=CARTESIAN_POINT('',(-5.,2.9,0.1));
#12218=CARTESIAN_POINT('Origin',(-5.,2.65,0.1));
#12219=CARTESIAN_POINT('Origin',(-3.75,2.9,0.));
#12220=CARTESIAN_POINT('',(-3.75,2.9,0.809999999999999));
#12221=CARTESIAN_POINT('',(-3.75,2.9,0.809999999999999));
#12222=CARTESIAN_POINT('',(-3.75,2.9,0.0999999999999999));
#12223=CARTESIAN_POINT('',(-3.75,2.9,0.1));
#12224=CARTESIAN_POINT('',(-3.75,2.9,0.0999999999999998));
#12225=CARTESIAN_POINT('Origin',(-3.75,2.65,0.));
#12226=CARTESIAN_POINT('',(-3.5,2.65,0.809999999999999));
#12227=CARTESIAN_POINT('Origin',(-3.75,2.65,0.809999999999999));
#12228=CARTESIAN_POINT('',(-3.5,2.65,0.0999999999999999));
#12229=CARTESIAN_POINT('',(-3.5,2.65,0.1));
#12230=CARTESIAN_POINT('Origin',(-3.75,2.65,0.1));
#12231=CARTESIAN_POINT('Origin',(-3.5,2.4,0.));
#12232=CARTESIAN_POINT('',(-3.5,2.4,0.809999999999999));
#12233=CARTESIAN_POINT('',(-3.5,2.4,0.809999999999999));
#12234=CARTESIAN_POINT('',(-3.5,2.4,0.0999999999999999));
#12235=CARTESIAN_POINT('',(-3.5,2.4,0.1));
#12236=CARTESIAN_POINT('',(-3.5,2.4,0.0999999999999998));
#12237=CARTESIAN_POINT('Origin',(-1.,2.4,0.));
#12238=CARTESIAN_POINT('',(-1.,2.4,0.809999999999999));
#12239=CARTESIAN_POINT('',(-1.,2.4,0.809999999999999));
#12240=CARTESIAN_POINT('',(-1.,2.4,0.1));
#12241=CARTESIAN_POINT('',(-1.,2.4,0.1));
#12242=CARTESIAN_POINT('',(-1.,2.4,0.1));
#12243=CARTESIAN_POINT('Origin',(-1.,2.65,0.));
#12244=CARTESIAN_POINT('',(-1.,2.65,0.809999999999999));
#12245=CARTESIAN_POINT('',(-1.,2.65,0.809999999999999));
#12246=CARTESIAN_POINT('',(-1.,2.65,0.1));
#12247=CARTESIAN_POINT('',(-1.,2.65,0.1));
#12248=CARTESIAN_POINT('',(-1.,2.65,0.0999999999999999));
#12249=CARTESIAN_POINT('Origin',(-0.750000000000002,2.65,0.));
#12250=CARTESIAN_POINT('',(-0.750000000000002,2.9,0.809999999999999));
#12251=CARTESIAN_POINT('Origin',(-0.750000000000002,2.65,0.809999999999999));
#12252=CARTESIAN_POINT('',(-0.750000000000002,2.9,0.1));
#12253=CARTESIAN_POINT('',(-0.750000000000002,2.9,0.1));
#12254=CARTESIAN_POINT('Origin',(-0.750000000000002,2.65,0.1));
#12255=CARTESIAN_POINT('Origin',(0.749999999999997,2.9,0.));
#12256=CARTESIAN_POINT('',(0.749999999999997,2.9,0.809999999999999));
#12257=CARTESIAN_POINT('',(0.749999999999997,2.9,0.809999999999999));
#12258=CARTESIAN_POINT('',(0.749999999999997,2.9,0.1));
#12259=CARTESIAN_POINT('',(0.749999999999997,2.9,0.1));
#12260=CARTESIAN_POINT('',(0.749999999999997,2.9,0.1));
#12261=CARTESIAN_POINT('Origin',(0.749999999999997,2.65,0.));
#12262=CARTESIAN_POINT('Origin',(0.749999999999997,2.65,0.809999999999999));
#12263=CARTESIAN_POINT('Origin',(0.749999999999997,2.65,0.1));
#12264=CARTESIAN_POINT('Origin',(-0.600000000000003,2.3,0.1));
#12265=CARTESIAN_POINT('Origin',(-0.899999999999974,2.29999999999997,0.100000000000031));
#12266=CARTESIAN_POINT('Origin',(-3.59999999999997,2.30000000000002,0.099999999999976));
#12267=CARTESIAN_POINT('Origin',(-3.6,2.,0.1));
#12268=CARTESIAN_POINT('Origin',(-3.6,2.65,0.1));
#12269=CARTESIAN_POINT('Origin',(-3.75,2.65,0.1));
#12270=CARTESIAN_POINT('Origin',(-3.75,2.8,0.1));
#12271=CARTESIAN_POINT('Origin',(-3.35,2.8,0.1));
#12272=CARTESIAN_POINT('Origin',(-5.,2.8,0.1));
#12273=CARTESIAN_POINT('Origin',(-5.,2.65,0.1));
#12274=CARTESIAN_POINT('Origin',(-5.15,2.65,0.1));
#12275=CARTESIAN_POINT('Origin',(-5.15,3.05,0.1));
#12276=CARTESIAN_POINT('Origin',(-5.15,-2.65,0.1));
#12277=CARTESIAN_POINT('Origin',(-5.,-2.65,0.1));
#12278=CARTESIAN_POINT('Origin',(-5.,-2.8,0.1));
#12279=CARTESIAN_POINT('Origin',(-5.4,-2.8,0.1));
#12280=CARTESIAN_POINT('Origin',(-3.75,-2.80000000000001,0.1));
#12281=CARTESIAN_POINT('Origin',(-3.75,-2.65,0.1));
#12282=CARTESIAN_POINT('Origin',(-3.6,-2.65,0.1));
#12283=CARTESIAN_POINT('Origin',(-3.6,-3.05000000000001,0.1));
#12284=CARTESIAN_POINT('Origin',(-3.59999999999997,-2.30000000000002,0.099999999999976));
#12285=CARTESIAN_POINT('Origin',(-3.90000000000001,-2.3,0.1));
#12286=CARTESIAN_POINT('Origin',(-0.899999999999982,-2.29999999999998,0.100000000000023));
#12287=CARTESIAN_POINT('Origin',(-0.900000000000004,-2.,0.1));
#12288=CARTESIAN_POINT('Origin',(-0.900000000000004,-2.65000000000001,0.1));
#12289=CARTESIAN_POINT('Origin',(-0.750000000000004,-2.65000000000001,0.1));
#12290=CARTESIAN_POINT('Origin',(-0.750000000000004,-2.80000000000001,0.1));
#12291=CARTESIAN_POINT('Origin',(-1.15,-2.80000000000001,0.1));
#12292=CARTESIAN_POINT('Origin',(0.749999999999998,-2.80000000000001,0.1));
#12293=CARTESIAN_POINT('Origin',(0.749999999999998,-2.65000000000001,0.1));
#12294=CARTESIAN_POINT('Origin',(0.899999999999998,-2.65,0.1));
#12295=CARTESIAN_POINT('Origin',(0.900000000000006,-3.05000000000001,0.1));
#12296=CARTESIAN_POINT('Origin',(0.899999999999982,-2.29999999999999,0.100000000000013));
#12297=CARTESIAN_POINT('Origin',(0.599999999999996,-2.3,0.1));
#12298=CARTESIAN_POINT('Origin',(3.60000000000003,-2.29999999999998,0.100000000000024));
#12299=CARTESIAN_POINT('Origin',(3.6,-2.,0.1));
#12300=CARTESIAN_POINT('Origin',(3.6,-2.65000000000001,0.1));
#12301=CARTESIAN_POINT('Origin',(3.75,-2.65000000000001,0.1));
#12302=CARTESIAN_POINT('Origin',(3.75,-2.80000000000001,0.1));
#12303=CARTESIAN_POINT('Origin',(3.35,-2.80000000000001,0.1));
#12304=CARTESIAN_POINT('Origin',(5.,-2.8,0.1));
#12305=CARTESIAN_POINT('Origin',(5.,-2.65,0.1));
#12306=CARTESIAN_POINT('Origin',(5.15,-2.65,0.1));
#12307=CARTESIAN_POINT('Origin',(5.15,-3.05,0.1));
#12308=CARTESIAN_POINT('Origin',(5.15,2.65,0.1));
#12309=CARTESIAN_POINT('Origin',(5.,2.65,0.1));
#12310=CARTESIAN_POINT('Origin',(5.,2.8,0.1));
#12311=CARTESIAN_POINT('Origin',(5.4,2.8,0.1));
#12312=CARTESIAN_POINT('Origin',(3.75,2.8,0.1));
#12313=CARTESIAN_POINT('Origin',(3.75,2.65,0.1));
#12314=CARTESIAN_POINT('Origin',(3.6,2.65,0.1));
#12315=CARTESIAN_POINT('Origin',(3.6,3.05,0.1));
#12316=CARTESIAN_POINT('Origin',(3.59999999999998,2.30000000000002,0.0999999999999773));
#12317=CARTESIAN_POINT('Origin',(3.9,2.3,0.1));
#12318=CARTESIAN_POINT('Origin',(0.899999999999982,2.29999999999999,0.100000000000016));
#12319=CARTESIAN_POINT('Origin',(0.899999999999998,2.,0.1));
#12320=CARTESIAN_POINT('Origin',(0.899999999999997,2.65,0.1));
#12321=CARTESIAN_POINT('Origin',(0.749999999999997,2.65,0.1));
#12322=CARTESIAN_POINT('Origin',(0.749999999999997,2.8,0.1));
#12323=CARTESIAN_POINT('Origin',(1.15,2.8,0.1));
#12324=CARTESIAN_POINT('Origin',(-0.750000000000002,2.8,0.1));
#12325=CARTESIAN_POINT('Origin',(-0.750000000000002,2.65,0.1));
#12326=CARTESIAN_POINT('Origin',(-0.900000000000002,2.65,0.1));
#12327=CARTESIAN_POINT('Origin',(-0.900000000000003,3.05,0.1));
#12328=CARTESIAN_POINT('Origin',(0.749999999999997,2.65,0.809999999999999));
#12329=CARTESIAN_POINT('Origin',(0.749999999999997,2.8,0.809999999999999));
#12330=CARTESIAN_POINT('Origin',(0.899999999999997,2.65,0.809999999999999));
#12331=CARTESIAN_POINT('Origin',(1.15,2.8,0.809999999999999));
#12332=CARTESIAN_POINT('Origin',(-0.750000000000002,2.8,0.809999999999999));
#12333=CARTESIAN_POINT('Origin',(-0.750000000000002,2.65,0.809999999999999));
#12334=CARTESIAN_POINT('Origin',(-0.900000000000002,2.65,0.809999999999999));
#12335=CARTESIAN_POINT('Origin',(-0.900000000000003,3.05,0.809999999999999));
#12336=CARTESIAN_POINT('Origin',(-0.899999999999964,2.29999999999996,0.80999999999996));
#12337=CARTESIAN_POINT('Origin',(-0.600000000000003,2.3,0.809999999999999));
#12338=CARTESIAN_POINT('Origin',(-3.59999999999999,2.30000000000001,0.810000000000009));
#12339=CARTESIAN_POINT('Origin',(-3.6,2.,0.809999999999999));
#12340=CARTESIAN_POINT('Origin',(-3.6,2.65,0.809999999999999));
#12341=CARTESIAN_POINT('Origin',(-3.75,2.65,0.809999999999999));
#12342=CARTESIAN_POINT('Origin',(-3.75,2.8,0.809999999999999));
#12343=CARTESIAN_POINT('Origin',(-3.35,2.8,0.809999999999999));
#12344=CARTESIAN_POINT('Origin',(-5.,2.8,0.809999999999999));
#12345=CARTESIAN_POINT('Origin',(-5.,2.65,0.809999999999999));
#12346=CARTESIAN_POINT('Origin',(-5.15,2.65,0.809999999999999));
#12347=CARTESIAN_POINT('Origin',(-5.15,3.05,0.809999999999999));
#12348=CARTESIAN_POINT('Origin',(-5.15,-2.65,0.809999999999999));
#12349=CARTESIAN_POINT('Origin',(-5.,-2.65,0.809999999999999));
#12350=CARTESIAN_POINT('Origin',(-5.,-2.8,0.809999999999999));
#12351=CARTESIAN_POINT('Origin',(-5.4,-2.8,0.809999999999999));
#12352=CARTESIAN_POINT('Origin',(-3.75000000000001,-2.80000000000001,0.809999999999999));
#12353=CARTESIAN_POINT('Origin',(-3.75,-2.65,0.809999999999999));
#12354=CARTESIAN_POINT('Origin',(-3.6,-2.65,0.809999999999999));
#12355=CARTESIAN_POINT('Origin',(-3.6,-3.05000000000001,0.809999999999999));
#12356=CARTESIAN_POINT('Origin',(-3.59999999999999,-2.30000000000001,0.810000000000009));
#12357=CARTESIAN_POINT('Origin',(-3.90000000000001,-2.3,0.809999999999999));
#12358=CARTESIAN_POINT('Origin',(-0.899999999999968,-2.29999999999997,0.809999999999963));
#12359=CARTESIAN_POINT('Origin',(-0.900000000000004,-2.,0.809999999999999));
#12360=CARTESIAN_POINT('Origin',(-0.900000000000004,-2.65000000000001,0.809999999999999));
#12361=CARTESIAN_POINT('Origin',(-0.750000000000004,-2.65000000000001,0.809999999999999));
#12362=CARTESIAN_POINT('Origin',(-0.750000000000004,-2.80000000000001,0.809999999999999));
#12363=CARTESIAN_POINT('Origin',(-1.15,-2.80000000000001,0.809999999999999));
#12364=CARTESIAN_POINT('Origin',(0.749999999999997,-2.80000000000001,0.809999999999999));
#12365=CARTESIAN_POINT('Origin',(0.749999999999998,-2.65000000000001,0.809999999999999));
#12366=CARTESIAN_POINT('Origin',(0.899999999999998,-2.65,0.809999999999999));
#12367=CARTESIAN_POINT('Origin',(0.900000000000006,-3.05000000000001,0.809999999999999));
#12368=CARTESIAN_POINT('Origin',(0.899999999999965,-2.29999999999997,0.80999999999997));
#12369=CARTESIAN_POINT('Origin',(0.599999999999996,-2.3,0.809999999999999));
#12370=CARTESIAN_POINT('Origin',(3.60000000000003,-2.29999999999998,0.809999999999972));
#12371=CARTESIAN_POINT('Origin',(3.6,-2.,0.809999999999999));
#12372=CARTESIAN_POINT('Origin',(3.6,-2.65000000000001,0.809999999999999));
#12373=CARTESIAN_POINT('Origin',(3.75,-2.65000000000001,0.809999999999999));
#12374=CARTESIAN_POINT('Origin',(3.75,-2.80000000000001,0.809999999999999));
#12375=CARTESIAN_POINT('Origin',(3.35,-2.80000000000001,0.809999999999999));
#12376=CARTESIAN_POINT('Origin',(5.,-2.8,0.809999999999999));
#12377=CARTESIAN_POINT('Origin',(5.,-2.65,0.809999999999999));
#12378=CARTESIAN_POINT('Origin',(5.15,-2.65,0.809999999999999));
#12379=CARTESIAN_POINT('Origin',(5.15,-3.05,0.809999999999999));
#12380=CARTESIAN_POINT('Origin',(5.15,2.65,0.809999999999999));
#12381=CARTESIAN_POINT('Origin',(5.,2.65,0.809999999999999));
#12382=CARTESIAN_POINT('Origin',(5.,2.8,0.809999999999999));
#12383=CARTESIAN_POINT('Origin',(5.4,2.8,0.809999999999999));
#12384=CARTESIAN_POINT('Origin',(3.75,2.8,0.809999999999999));
#12385=CARTESIAN_POINT('Origin',(3.75,2.65,0.809999999999999));
#12386=CARTESIAN_POINT('Origin',(3.6,2.65,0.809999999999999));
#12387=CARTESIAN_POINT('Origin',(3.6,3.05,0.809999999999999));
#12388=CARTESIAN_POINT('Origin',(3.60000000000001,2.29999999999999,0.809999999999993));
#12389=CARTESIAN_POINT('Origin',(3.9,2.3,0.809999999999999));
#12390=CARTESIAN_POINT('Origin',(0.899999999999975,2.29999999999998,0.809999999999979));
#12391=CARTESIAN_POINT('Origin',(0.899999999999998,2.,0.809999999999999));
#12392=CARTESIAN_POINT('Origin',(-1.8,-0.549999999999999,0.1));
#12393=CARTESIAN_POINT('Origin',(-1.8,-0.149999999999999,0.1));
#12394=CARTESIAN_POINT('Origin',(-1.8,0.150000000000001,0.1));
#12395=CARTESIAN_POINT('Origin',(-2.,0.150000000000001,0.1));
#12396=CARTESIAN_POINT('Origin',(-2.,0.350000000000001,0.1));
#12397=CARTESIAN_POINT('Origin',(-1.6,0.350000000000001,0.1));
#12398=CARTESIAN_POINT('Origin',(-4.,0.350000000000002,0.1));
#12399=CARTESIAN_POINT('Origin',(-4.,0.150000000000002,0.1));
#12400=CARTESIAN_POINT('Origin',(-4.2,0.150000000000002,0.1));
#12401=CARTESIAN_POINT('Origin',(-4.2,0.550000000000002,0.1));
#12402=CARTESIAN_POINT('Origin',(-4.2,-0.149999999999999,0.1));
#12403=CARTESIAN_POINT('Origin',(-4.,-0.149999999999999,0.1));
#12404=CARTESIAN_POINT('Origin',(-4.,-0.349999999999998,0.1));
#12405=CARTESIAN_POINT('Origin',(-4.4,-0.349999999999998,0.1));
#12406=CARTESIAN_POINT('Origin',(-2.,-0.349999999999999,0.1));
#12407=CARTESIAN_POINT('Origin',(-2.,-0.149999999999999,0.1));
#12408=CARTESIAN_POINT('Origin',(1.2,-0.55,0.1));
#12409=CARTESIAN_POINT('Origin',(1.2,-0.149999999999999,0.1));
#12410=CARTESIAN_POINT('Origin',(1.2,0.15,0.1));
#12411=CARTESIAN_POINT('Origin',(1.,0.15,0.1));
#12412=CARTESIAN_POINT('Origin',(1.,0.35,0.1));
#12413=CARTESIAN_POINT('Origin',(1.4,0.35,0.1));
#12414=CARTESIAN_POINT('Origin',(-1.,0.350000000000001,0.1));
#12415=CARTESIAN_POINT('Origin',(-1.,0.150000000000001,0.1));
#12416=CARTESIAN_POINT('Origin',(-1.2,0.150000000000001,0.1));
#12417=CARTESIAN_POINT('Origin',(-1.2,0.550000000000001,0.1));
#12418=CARTESIAN_POINT('Origin',(-1.2,-0.149999999999999,0.1));
#12419=CARTESIAN_POINT('Origin',(-1.,-0.149999999999999,0.1));
#12420=CARTESIAN_POINT('Origin',(-1.,-0.349999999999999,0.1));
#12421=CARTESIAN_POINT('Origin',(-1.4,-0.349999999999999,0.1));
#12422=CARTESIAN_POINT('Origin',(1.,-0.35,0.1));
#12423=CARTESIAN_POINT('Origin',(1.,-0.149999999999999,0.1));
#12424=CARTESIAN_POINT('Origin',(4.2,-0.55,0.1));
#12425=CARTESIAN_POINT('Origin',(4.2,-0.15,0.1));
#12426=CARTESIAN_POINT('Origin',(4.2,0.15,0.1));
#12427=CARTESIAN_POINT('Origin',(4.,0.15,0.1));
#12428=CARTESIAN_POINT('Origin',(4.,0.35,0.1));
#12429=CARTESIAN_POINT('Origin',(4.4,0.35,0.1));
#12430=CARTESIAN_POINT('Origin',(2.,0.35,0.1));
#12431=CARTESIAN_POINT('Origin',(2.,0.15,0.1));
#12432=CARTESIAN_POINT('Origin',(1.8,0.15,0.1));
#12433=CARTESIAN_POINT('Origin',(1.8,0.55,0.1));
#12434=CARTESIAN_POINT('Origin',(1.8,-0.15,0.1));
#12435=CARTESIAN_POINT('Origin',(2.,-0.15,0.1));
#12436=CARTESIAN_POINT('Origin',(2.,-0.35,0.1));
#12437=CARTESIAN_POINT('Origin',(1.6,-0.35,0.1));
#12438=CARTESIAN_POINT('Origin',(4.,-0.35,0.1));
#12439=CARTESIAN_POINT('Origin',(4.,-0.15,0.1));
#12440=CARTESIAN_POINT('Origin',(-1.6,0.350000000000001,0.809999999999999));
#12441=CARTESIAN_POINT('Origin',(-4.,0.350000000000001,0.809999999999999));
#12442=CARTESIAN_POINT('Origin',(-2.,0.350000000000001,0.809999999999999));
#12443=CARTESIAN_POINT('Origin',(-2.,0.150000000000001,0.809999999999999));
#12444=CARTESIAN_POINT('Origin',(-1.8,0.150000000000001,0.809999999999999));
#12445=CARTESIAN_POINT('Origin',(-1.8,-0.549999999999999,0.809999999999999));
#12446=CARTESIAN_POINT('Origin',(-1.8,-0.149999999999999,0.809999999999999));
#12447=CARTESIAN_POINT('Origin',(-2.,-0.149999999999999,0.809999999999999));
#12448=CARTESIAN_POINT('Origin',(-2.,-0.349999999999999,0.809999999999999));
#12449=CARTESIAN_POINT('Origin',(-4.4,-0.349999999999998,0.809999999999999));
#12450=CARTESIAN_POINT('Origin',(-4.,-0.349999999999998,0.809999999999999));
#12451=CARTESIAN_POINT('Origin',(-4.,-0.149999999999999,0.809999999999999));
#12452=CARTESIAN_POINT('Origin',(-4.2,-0.149999999999999,0.809999999999999));
#12453=CARTESIAN_POINT('Origin',(-4.2,0.550000000000002,0.809999999999999));
#12454=CARTESIAN_POINT('Origin',(-4.2,0.150000000000002,0.809999999999999));
#12455=CARTESIAN_POINT('Origin',(-4.,0.150000000000002,0.809999999999999));
#12456=CARTESIAN_POINT('Origin',(1.4,0.35,0.809999999999999));
#12457=CARTESIAN_POINT('Origin',(-1.,0.350000000000001,0.809999999999999));
#12458=CARTESIAN_POINT('Origin',(1.,0.35,0.809999999999999));
#12459=CARTESIAN_POINT('Origin',(1.,0.15,0.809999999999999));
#12460=CARTESIAN_POINT('Origin',(1.2,0.15,0.809999999999999));
#12461=CARTESIAN_POINT('Origin',(1.2,-0.55,0.809999999999999));
#12462=CARTESIAN_POINT('Origin',(1.2,-0.15,0.809999999999999));
#12463=CARTESIAN_POINT('Origin',(1.,-0.149999999999999,0.809999999999999));
#12464=CARTESIAN_POINT('Origin',(1.,-0.349999999999999,0.809999999999999));
#12465=CARTESIAN_POINT('Origin',(-1.4,-0.349999999999999,0.809999999999999));
#12466=CARTESIAN_POINT('Origin',(-1.,-0.349999999999999,0.809999999999999));
#12467=CARTESIAN_POINT('Origin',(-1.,-0.149999999999999,0.809999999999999));
#12468=CARTESIAN_POINT('Origin',(-1.2,-0.149999999999999,0.809999999999999));
#12469=CARTESIAN_POINT('Origin',(-1.2,0.550000000000001,0.809999999999999));
#12470=CARTESIAN_POINT('Origin',(-1.2,0.150000000000001,0.809999999999999));
#12471=CARTESIAN_POINT('Origin',(-1.,0.150000000000001,0.809999999999999));
#12472=CARTESIAN_POINT('Origin',(4.4,0.35,0.809999999999999));
#12473=CARTESIAN_POINT('Origin',(2.,0.35,0.809999999999999));
#12474=CARTESIAN_POINT('Origin',(4.,0.35,0.809999999999999));
#12475=CARTESIAN_POINT('Origin',(4.,0.15,0.809999999999999));
#12476=CARTESIAN_POINT('Origin',(4.2,0.15,0.809999999999999));
#12477=CARTESIAN_POINT('Origin',(4.2,-0.55,0.809999999999999));
#12478=CARTESIAN_POINT('Origin',(4.2,-0.15,0.809999999999999));
#12479=CARTESIAN_POINT('Origin',(4.,-0.15,0.809999999999999));
#12480=CARTESIAN_POINT('Origin',(4.,-0.35,0.809999999999999));
#12481=CARTESIAN_POINT('Origin',(1.6,-0.35,0.809999999999999));
#12482=CARTESIAN_POINT('Origin',(2.,-0.35,0.809999999999999));
#12483=CARTESIAN_POINT('Origin',(2.,-0.15,0.809999999999999));
#12484=CARTESIAN_POINT('Origin',(1.8,-0.15,0.809999999999999));
#12485=CARTESIAN_POINT('Origin',(1.8,0.55,0.809999999999999));
#12486=CARTESIAN_POINT('Origin',(1.8,0.15,0.809999999999999));
#12487=CARTESIAN_POINT('Origin',(2.,0.15,0.809999999999999));
#12488=CARTESIAN_POINT('',(0.,0.,0.));
#12489=CARTESIAN_POINT('Origin',(1.5,3.15,-3.5));
#12490=CARTESIAN_POINT('',(0.85,-3.15,-3.5));
#12491=CARTESIAN_POINT('',(0.849999999999999,3.15,-3.5));
#12492=CARTESIAN_POINT('',(0.849999999999999,3.15,-3.5));
#12493=CARTESIAN_POINT('',(2.35,3.15,-3.5));
#12494=CARTESIAN_POINT('',(2.35,3.15,-3.5));
#12495=CARTESIAN_POINT('',(2.35,-3.15,-3.5));
#12496=CARTESIAN_POINT('',(2.35,3.15,-3.5));
#12497=CARTESIAN_POINT('',(2.35,-3.15,-3.5));
#12498=CARTESIAN_POINT('Origin',(1.5,3.15,-3.5));
#12499=CARTESIAN_POINT('',(-0.850000000000001,3.15,-3.5));
#12500=CARTESIAN_POINT('',(-0.85,-3.15,-3.5));
#12501=CARTESIAN_POINT('',(-0.85,-3.15,-3.5));
#12502=CARTESIAN_POINT('',(-2.35,-3.15,-3.5));
#12503=CARTESIAN_POINT('',(-0.849999999999999,-3.15,-3.5));
#12504=CARTESIAN_POINT('',(-2.35,3.15,-3.5));
#12505=CARTESIAN_POINT('',(-2.35,3.15,-3.5));
#12506=CARTESIAN_POINT('',(-0.850000000000001,3.15,-3.5));
#12507=CARTESIAN_POINT('Origin',(1.5,3.15,-3.4));
#12508=CARTESIAN_POINT('',(0.849999999999999,3.25,-3.4));
#12509=CARTESIAN_POINT('Origin',(0.849999999999999,3.15,-3.4));
#12510=CARTESIAN_POINT('',(2.35,3.25,-3.4));
#12511=CARTESIAN_POINT('',(2.35,3.25,-3.4));
#12512=CARTESIAN_POINT('Origin',(2.35,3.15,-3.4));
#12513=CARTESIAN_POINT('Origin',(1.5,3.15,-3.4));
#12514=CARTESIAN_POINT('',(-0.850000000000001,3.25,-3.4));
#12515=CARTESIAN_POINT('Origin',(-0.850000000000001,3.15,-3.4));
#12516=CARTESIAN_POINT('',(-2.35,3.25,-3.4));
#12517=CARTESIAN_POINT('Origin',(-2.35,3.15,-3.4));
#12518=CARTESIAN_POINT('',(-0.850000000000001,3.25,-3.4));
#12519=CARTESIAN_POINT('Origin',(1.5,-3.15,-3.4));
#12520=CARTESIAN_POINT('',(0.85,-3.25,-3.4));
#12521=CARTESIAN_POINT('Origin',(0.85,-3.15,-3.4));
#12522=CARTESIAN_POINT('',(2.35,-3.25,-3.4));
#12523=CARTESIAN_POINT('Origin',(2.35,-3.15,-3.4));
#12524=CARTESIAN_POINT('',(2.35,-3.25,-3.4));
#12525=CARTESIAN_POINT('Origin',(1.5,-3.15,-3.4));
#12526=CARTESIAN_POINT('',(-0.85,-3.25,-3.4));
#12527=CARTESIAN_POINT('Origin',(-0.85,-3.15,-3.4));
#12528=CARTESIAN_POINT('',(-2.35,-3.25,-3.4));
#12529=CARTESIAN_POINT('',(-0.85,-3.25,-3.4));
#12530=CARTESIAN_POINT('Origin',(-2.35,-3.15,-3.4));
#12531=CARTESIAN_POINT('Origin',(1.5,3.25,-9.18485099360515E-17));
#12532=CARTESIAN_POINT('',(-0.85,3.25,-2.5));
#12533=CARTESIAN_POINT('',(-0.850000000000001,3.25,-3.4));
#12534=CARTESIAN_POINT('',(-2.35,3.25,-0.0999999999999998));
#12535=CARTESIAN_POINT('',(-2.35,3.25,-0.0999999999999998));
#12536=CARTESIAN_POINT('',(-2.05,3.25,-0.0999999999999998));
#12537=CARTESIAN_POINT('',(-2.05,3.25,-0.0999999999999999));
#12538=CARTESIAN_POINT('',(-2.05,3.25,-0.35));
#12539=CARTESIAN_POINT('',(-2.05,3.25,-0.35));
#12540=CARTESIAN_POINT('',(2.05,3.25,-0.35));
#12541=CARTESIAN_POINT('',(-2.05,3.25,-0.35));
#12542=CARTESIAN_POINT('',(2.05,3.25,-0.1));
#12543=CARTESIAN_POINT('',(2.05,3.25,-0.1));
#12544=CARTESIAN_POINT('',(2.35,3.25,-0.1));
#12545=CARTESIAN_POINT('',(2.35,3.25,-0.1));
#12546=CARTESIAN_POINT('',(2.35,3.25,-0.1));
#12547=CARTESIAN_POINT('',(0.849999999999999,3.25,-2.5));
#12548=CARTESIAN_POINT('',(0.849999999999999,3.25,-2.5));
#12549=CARTESIAN_POINT('',(-0.85,3.25,-2.5));
#12550=CARTESIAN_POINT('Origin',(1.5,-3.25,-3.4));
#12551=CARTESIAN_POINT('',(-0.85,-3.25,-2.5));
#12552=CARTESIAN_POINT('',(-0.85,-3.25,-2.5));
#12553=CARTESIAN_POINT('',(0.85,-3.25,-2.5));
#12554=CARTESIAN_POINT('',(0.85,-3.25,-2.5));
#12555=CARTESIAN_POINT('',(0.85,-3.25,-3.4));
#12556=CARTESIAN_POINT('',(2.35,-3.25,-0.100000000000001));
#12557=CARTESIAN_POINT('',(2.35,-3.25,-3.4));
#12558=CARTESIAN_POINT('',(2.05,-3.25,-0.1));
#12559=CARTESIAN_POINT('',(2.35,-3.25,-0.1));
#12560=CARTESIAN_POINT('',(2.05,-3.25,-0.35));
#12561=CARTESIAN_POINT('',(2.05,-3.25,-0.35));
#12562=CARTESIAN_POINT('',(-2.05,-3.25,-0.349999999999999));
#12563=CARTESIAN_POINT('',(2.05,-3.25,-0.35));
#12564=CARTESIAN_POINT('',(-2.05,-3.25,-0.0999999999999997));
#12565=CARTESIAN_POINT('',(-2.05,-3.25,-0.0999999999999998));
#12566=CARTESIAN_POINT('',(-2.35,-3.25,-0.0999999999999998));
#12567=CARTESIAN_POINT('',(-2.05,-3.25,-0.0999999999999996));
#12568=CARTESIAN_POINT('',(-2.35,-3.25,-3.4));
#12569=CARTESIAN_POINT('Origin',(0.749999999999999,4.25,-2.5));
#12570=CARTESIAN_POINT('',(-0.750000000000001,3.15,-2.5));
#12571=CARTESIAN_POINT('Origin',(-0.850000000000001,3.15,-2.5));
#12572=CARTESIAN_POINT('',(0.749999999999999,3.15,-2.5));
#12573=CARTESIAN_POINT('Origin',(0.849999999999999,3.15,-2.5));
#12574=CARTESIAN_POINT('',(0.75,-3.15,-2.5));
#12575=CARTESIAN_POINT('',(0.749999999999999,3.15,-2.5));
#12576=CARTESIAN_POINT('Origin',(0.849999999999999,-3.15,-2.5));
#12577=CARTESIAN_POINT('',(-0.75,-3.15,-2.5));
#12578=CARTESIAN_POINT('Origin',(-0.85,-3.15,-2.5));
#12579=CARTESIAN_POINT('',(-0.750000000000001,3.15,-2.5));
#12580=CARTESIAN_POINT('Origin',(-0.750000000000001,4.25,-2.5));
#12581=CARTESIAN_POINT('',(-0.750000000000001,3.15,-3.4));
#12582=CARTESIAN_POINT('',(-0.750000000000001,3.15,-3.4));
#12583=CARTESIAN_POINT('',(-0.75,-3.15,-3.4));
#12584=CARTESIAN_POINT('',(-0.75,-3.15,-2.5));
#12585=CARTESIAN_POINT('',(-0.75,-3.15,-3.4));
#12586=CARTESIAN_POINT('Origin',(0.749999999999999,4.25,-3.5));
#12587=CARTESIAN_POINT('',(0.75,-3.15,-3.4));
#12588=CARTESIAN_POINT('',(0.75,-3.15,-3.4));
#12589=CARTESIAN_POINT('',(0.749999999999999,3.15,-3.4));
#12590=CARTESIAN_POINT('',(0.749999999999999,3.15,-2.5));
#12591=CARTESIAN_POINT('',(0.749999999999999,3.15,-3.4));
#12592=CARTESIAN_POINT('Origin',(2.45,0.,-1.50019232895551E-16));
#12593=CARTESIAN_POINT('',(2.45,-3.15,-3.4));
#12594=CARTESIAN_POINT('',(2.45,-3.15,-0.1));
#12595=CARTESIAN_POINT('',(2.45,-3.15,-3.4));
#12596=CARTESIAN_POINT('',(2.45,3.15,-3.4));
#12597=CARTESIAN_POINT('',(2.45,3.15,-3.4));
#12598=CARTESIAN_POINT('',(2.45,3.15,-0.1));
#12599=CARTESIAN_POINT('',(2.45,3.15,-0.1));
#12600=CARTESIAN_POINT('',(2.45,-3.15,-0.1));
#12601=CARTESIAN_POINT('Origin',(-2.45,0.,1.50019232895551E-16));
#12602=CARTESIAN_POINT('',(-2.45,-3.15,-3.4));
#12603=CARTESIAN_POINT('',(-2.45,-3.15,-0.1));
#12604=CARTESIAN_POINT('',(-2.45,-3.15,-3.4));
#12605=CARTESIAN_POINT('',(-2.45,3.15,-0.0999999999999998));
#12606=CARTESIAN_POINT('',(-2.45,-3.15,-0.0999999999999999));
#12607=CARTESIAN_POINT('',(-2.45,3.15,-3.4));
#12608=CARTESIAN_POINT('',(-2.45,3.15,-0.0999999999999998));
#12609=CARTESIAN_POINT('',(-2.45,3.15,-3.4));
#12610=CARTESIAN_POINT('Origin',(1.5,1.5,-9.18485099360515E-17));
#12611=CARTESIAN_POINT('',(-2.35,-3.15,1.40057408283562E-16));
#12612=CARTESIAN_POINT('',(-2.35,3.15,1.29649067427701E-16));
#12613=CARTESIAN_POINT('',(-2.35,-3.15,1.34398044585072E-16));
#12614=CARTESIAN_POINT('',(-2.05,-3.15,1.62011892198214E-16));
#12615=CARTESIAN_POINT('',(-2.05,-3.15,1.25213193591467E-16));
#12616=CARTESIAN_POINT('',(-2.05,3.15,1.3194335194795E-16));
#12617=CARTESIAN_POINT('',(-2.05,3.15,1.32152087495374E-16));
#12618=CARTESIAN_POINT('',(-2.05,3.15,1.1827429968756E-16));
#12619=CARTESIAN_POINT('Origin',(-1.95,3.25,-0.25));
#12620=CARTESIAN_POINT('',(-1.95,-3.15,-0.0999999999999998));
#12621=CARTESIAN_POINT('',(-1.95,3.15,-0.0999999999999998));
#12622=CARTESIAN_POINT('',(-1.95,3.15,-0.0999999999999999));
#12623=CARTESIAN_POINT('',(-1.95,-3.15,-0.25));
#12624=CARTESIAN_POINT('',(-1.95,-3.15,-0.0999999999999998));
#12625=CARTESIAN_POINT('',(-1.95,3.15,-0.25));
#12626=CARTESIAN_POINT('',(-1.95,3.15,-0.25));
#12627=CARTESIAN_POINT('',(-1.95,3.15,-0.25));
#12628=CARTESIAN_POINT('Origin',(-1.53080849893419E-17,0.,-0.25));
#12629=CARTESIAN_POINT('',(1.95,-3.15,-0.25));
#12630=CARTESIAN_POINT('',(1.95,-3.15,-0.25));
#12631=CARTESIAN_POINT('',(1.95,3.15,-0.25));
#12632=CARTESIAN_POINT('',(1.95,-3.15,-0.25));
#12633=CARTESIAN_POINT('',(-1.95,3.15,-0.25));
#12634=CARTESIAN_POINT('',(1.4,1.6,-0.25));
#12635=CARTESIAN_POINT('',(-1.4,1.6,-0.25));
#12636=CARTESIAN_POINT('',(1.4,1.6,-0.25));
#12637=CARTESIAN_POINT('',(1.6,1.4,-0.25));
#12638=CARTESIAN_POINT('Origin',(1.4,1.4,-0.25));
#12639=CARTESIAN_POINT('',(1.6,-1.4,-0.25));
#12640=CARTESIAN_POINT('',(1.6,-1.4,-0.25));
#12641=CARTESIAN_POINT('',(1.4,-1.6,-0.25));
#12642=CARTESIAN_POINT('Origin',(1.4,-1.4,-0.25));
#12643=CARTESIAN_POINT('',(-1.4,-1.6,-0.25));
#12644=CARTESIAN_POINT('',(-1.4,-1.6,-0.25));
#12645=CARTESIAN_POINT('',(-1.6,-1.4,-0.25));
#12646=CARTESIAN_POINT('Origin',(-1.4,-1.4,-0.25));
#12647=CARTESIAN_POINT('',(-1.6,1.4,-0.25));
#12648=CARTESIAN_POINT('',(-1.6,1.4,-0.25));
#12649=CARTESIAN_POINT('Origin',(-1.4,1.4,-0.25));
#12650=CARTESIAN_POINT('Origin',(1.95,-3.25,-0.25));
#12651=CARTESIAN_POINT('',(1.95,3.15,-0.1));
#12652=CARTESIAN_POINT('',(1.95,-3.15,-0.1));
#12653=CARTESIAN_POINT('',(1.95,-3.15,-0.1));
#12654=CARTESIAN_POINT('',(1.95,3.15,-0.1));
#12655=CARTESIAN_POINT('',(1.95,-3.15,-0.25));
#12656=CARTESIAN_POINT('Origin',(1.5,1.5,-9.18485099360515E-17));
#12657=CARTESIAN_POINT('',(2.35,-3.15,-1.50465749139423E-16));
#12658=CARTESIAN_POINT('',(2.35,3.15,-1.40057408283562E-16));
#12659=CARTESIAN_POINT('',(2.35,-3.15,-1.48275832392887E-16));
#12660=CARTESIAN_POINT('',(2.05,3.15,-1.59698927563579E-16));
#12661=CARTESIAN_POINT('',(2.35,3.15,-1.34398044585072E-16));
#12662=CARTESIAN_POINT('',(2.05,-3.15,-1.08813705601592E-16));
#12663=CARTESIAN_POINT('',(2.05,-3.15,-1.32152087495374E-16));
#12664=CARTESIAN_POINT('',(2.35,-3.15,-1.48275832392887E-16));
#12665=CARTESIAN_POINT('Origin',(1.5,-1.5,-9.18485099360515E-17));
#12666=CARTESIAN_POINT('',(-1.4,-1.5,-0.15));
#12667=CARTESIAN_POINT('',(1.4,-1.5,-0.15));
#12668=CARTESIAN_POINT('',(-1.4,-1.5,-0.15));
#12669=CARTESIAN_POINT('',(1.4,-1.5,5.9));
#12670=CARTESIAN_POINT('',(1.4,-1.5,-0.15));
#12671=CARTESIAN_POINT('',(-1.4,-1.5,5.9));
#12672=CARTESIAN_POINT('',(1.4,-1.5,5.9));
#12673=CARTESIAN_POINT('',(-1.4,-1.5,-0.15));
#12674=CARTESIAN_POINT('Origin',(-1.5,0.,9.18485099360515E-17));
#12675=CARTESIAN_POINT('',(-1.5,1.4,-0.15));
#12676=CARTESIAN_POINT('',(-1.5,-1.4,-0.15));
#12677=CARTESIAN_POINT('',(-1.5,1.4,-0.15));
#12678=CARTESIAN_POINT('',(-1.5,-1.4,5.9));
#12679=CARTESIAN_POINT('',(-1.5,-1.4,-0.15));
#12680=CARTESIAN_POINT('',(-1.5,-1.325,5.825));
#12681=CARTESIAN_POINT('Origin',(-1.5,-1.4,5.825));
#12682=CARTESIAN_POINT('',(-1.5,-1.325,5.675));
#12683=CARTESIAN_POINT('',(-1.5,-1.325,5.825));
#12684=CARTESIAN_POINT('',(-1.5,-0.775,5.675));
#12685=CARTESIAN_POINT('Origin',(-1.5,-1.05,5.675));
#12686=CARTESIAN_POINT('',(-1.5,-0.775,5.825));
#12687=CARTESIAN_POINT('',(-1.5,-0.775,5.675));
#12688=CARTESIAN_POINT('',(-1.5,-0.625,5.825));
#12689=CARTESIAN_POINT('Origin',(-1.5,-0.7,5.825));
#12690=CARTESIAN_POINT('',(-1.5,-0.625,5.675));
#12691=CARTESIAN_POINT('',(-1.5,-0.625,5.825));
#12692=CARTESIAN_POINT('',(-1.5,-0.0750000000000002,5.675));
#12693=CARTESIAN_POINT('Origin',(-1.5,-0.35,5.675));
#12694=CARTESIAN_POINT('',(-1.5,-0.0750000000000004,5.825));
#12695=CARTESIAN_POINT('',(-1.5,-0.0750000000000003,5.675));
#12696=CARTESIAN_POINT('',(-1.5,0.0749999999999999,5.825));
#12697=CARTESIAN_POINT('Origin',(-1.5,-1.66533453693773E-16,5.825));
#12698=CARTESIAN_POINT('',(-1.5,0.0749999999999997,5.675));
#12699=CARTESIAN_POINT('',(-1.5,0.0749999999999997,5.825));
#12700=CARTESIAN_POINT('',(-1.5,0.625,5.675));
#12701=CARTESIAN_POINT('Origin',(-1.5,0.35,5.675));
#12702=CARTESIAN_POINT('',(-1.5,0.625,5.825));
#12703=CARTESIAN_POINT('',(-1.5,0.625,5.675));
#12704=CARTESIAN_POINT('',(-1.5,0.775,5.825));
#12705=CARTESIAN_POINT('Origin',(-1.5,0.7,5.825));
#12706=CARTESIAN_POINT('',(-1.5,0.775,5.675));
#12707=CARTESIAN_POINT('',(-1.5,0.775,5.825));
#12708=CARTESIAN_POINT('',(-1.5,1.325,5.675));
#12709=CARTESIAN_POINT('Origin',(-1.5,1.05,5.675));
#12710=CARTESIAN_POINT('',(-1.5,1.325,5.825));
#12711=CARTESIAN_POINT('',(-1.5,1.325,5.675));
#12712=CARTESIAN_POINT('',(-1.5,1.4,5.9));
#12713=CARTESIAN_POINT('Origin',(-1.5,1.4,5.825));
#12714=CARTESIAN_POINT('',(-1.5,1.4,5.9));
#12715=CARTESIAN_POINT('Origin',(1.5,1.5,5.9));
#12716=CARTESIAN_POINT('',(1.4,1.5,-0.15));
#12717=CARTESIAN_POINT('',(-1.4,1.5,-0.15));
#12718=CARTESIAN_POINT('',(1.4,1.5,-0.15));
#12719=CARTESIAN_POINT('',(-1.4,1.5,5.9));
#12720=CARTESIAN_POINT('',(-1.4,1.5,5.9));
#12721=CARTESIAN_POINT('',(1.4,1.5,5.9));
#12722=CARTESIAN_POINT('',(1.4,1.5,5.9));
#12723=CARTESIAN_POINT('',(1.4,1.5,5.9));
#12724=CARTESIAN_POINT('Origin',(1.5,0.,-9.18485099360515E-17));
#12725=CARTESIAN_POINT('',(1.5,-1.4,-0.15));
#12726=CARTESIAN_POINT('',(1.5,1.4,-0.15));
#12727=CARTESIAN_POINT('',(1.5,-1.4,-0.15));
#12728=CARTESIAN_POINT('',(1.5,1.4,5.9));
#12729=CARTESIAN_POINT('',(1.5,1.4,5.9));
#12730=CARTESIAN_POINT('',(1.5,1.325,5.825));
#12731=CARTESIAN_POINT('Origin',(1.5,1.4,5.825));
#12732=CARTESIAN_POINT('',(1.5,1.325,5.675));
#12733=CARTESIAN_POINT('',(1.5,1.325,5.675));
#12734=CARTESIAN_POINT('',(1.5,0.775,5.675));
#12735=CARTESIAN_POINT('Origin',(1.5,1.05,5.675));
#12736=CARTESIAN_POINT('',(1.5,0.775,5.825));
#12737=CARTESIAN_POINT('',(1.5,0.775,5.825));
#12738=CARTESIAN_POINT('',(1.5,0.625,5.825));
#12739=CARTESIAN_POINT('Origin',(1.5,0.7,5.825));
#12740=CARTESIAN_POINT('',(1.5,0.625,5.675));
#12741=CARTESIAN_POINT('',(1.5,0.625,5.675));
#12742=CARTESIAN_POINT('',(1.5,0.0749999999999996,5.675));
#12743=CARTESIAN_POINT('Origin',(1.5,0.35,5.675));
#12744=CARTESIAN_POINT('',(1.5,0.0749999999999998,5.825));
#12745=CARTESIAN_POINT('',(1.5,0.0749999999999997,5.825));
#12746=CARTESIAN_POINT('',(1.5,-0.0750000000000003,5.825));
#12747=CARTESIAN_POINT('Origin',(1.5,-1.66533453693773E-16,5.825));
#12748=CARTESIAN_POINT('',(1.5,-0.0750000000000001,5.675));
#12749=CARTESIAN_POINT('',(1.5,-0.0750000000000003,5.675));
#12750=CARTESIAN_POINT('',(1.5,-0.625,5.675));
#12751=CARTESIAN_POINT('Origin',(1.5,-0.35,5.675));
#12752=CARTESIAN_POINT('',(1.5,-0.625,5.825));
#12753=CARTESIAN_POINT('',(1.5,-0.625,5.825));
#12754=CARTESIAN_POINT('',(1.5,-0.775,5.825));
#12755=CARTESIAN_POINT('Origin',(1.5,-0.7,5.825));
#12756=CARTESIAN_POINT('',(1.5,-0.775,5.675));
#12757=CARTESIAN_POINT('',(1.5,-0.775,5.675));
#12758=CARTESIAN_POINT('',(1.5,-1.325,5.675));
#12759=CARTESIAN_POINT('Origin',(1.5,-1.05,5.675));
#12760=CARTESIAN_POINT('',(1.5,-1.325,5.825));
#12761=CARTESIAN_POINT('',(1.5,-1.325,5.825));
#12762=CARTESIAN_POINT('',(1.5,-1.4,5.9));
#12763=CARTESIAN_POINT('Origin',(1.5,-1.4,5.825));
#12764=CARTESIAN_POINT('',(1.5,-1.4,-0.15));
#12765=CARTESIAN_POINT('Origin',(1.5,-1.4,5.9));
#12766=CARTESIAN_POINT('',(-1.4,-1.4,6.));
#12767=CARTESIAN_POINT('Origin',(-1.4,-1.4,5.9));
#12768=CARTESIAN_POINT('',(1.4,-1.4,6.));
#12769=CARTESIAN_POINT('Origin',(1.4,-1.4,5.9));
#12770=CARTESIAN_POINT('',(1.4,-1.4,6.));
#12771=CARTESIAN_POINT('Origin',(1.5,-1.4,5.825));
#12772=CARTESIAN_POINT('',(-1.4,-1.225,5.825));
#12773=CARTESIAN_POINT('Origin',(-1.4,-1.4,5.825));
#12774=CARTESIAN_POINT('',(1.4,-1.225,5.825));
#12775=CARTESIAN_POINT('Origin',(1.4,-1.4,5.825));
#12776=CARTESIAN_POINT('',(1.4,-1.225,5.825));
#12777=CARTESIAN_POINT('Origin',(1.5,-1.225,5.825));
#12778=CARTESIAN_POINT('',(-1.4,-1.225,5.675));
#12779=CARTESIAN_POINT('',(-1.4,-1.225,5.825));
#12780=CARTESIAN_POINT('',(1.4,-1.225,5.675));
#12781=CARTESIAN_POINT('',(1.4,-1.225,5.825));
#12782=CARTESIAN_POINT('',(1.4,-1.225,5.675));
#12783=CARTESIAN_POINT('Origin',(1.5,-1.05,5.675));
#12784=CARTESIAN_POINT('',(-1.4,-0.875,5.675));
#12785=CARTESIAN_POINT('Origin',(-1.4,-1.05,5.675));
#12786=CARTESIAN_POINT('',(1.4,-0.875,5.675));
#12787=CARTESIAN_POINT('Origin',(1.4,-1.05,5.675));
#12788=CARTESIAN_POINT('',(1.4,-0.875,5.675));
#12789=CARTESIAN_POINT('Origin',(1.5,-0.875,5.675));
#12790=CARTESIAN_POINT('',(-1.4,-0.875,5.825));
#12791=CARTESIAN_POINT('',(-1.4,-0.875,5.675));
#12792=CARTESIAN_POINT('',(1.4,-0.875,5.825));
#12793=CARTESIAN_POINT('',(1.4,-0.875,5.675));
#12794=CARTESIAN_POINT('',(1.4,-0.875,5.825));
#12795=CARTESIAN_POINT('Origin',(1.5,-0.7,5.825));
#12796=CARTESIAN_POINT('',(-1.4,-0.525,5.825));
#12797=CARTESIAN_POINT('Origin',(-1.4,-0.7,5.825));
#12798=CARTESIAN_POINT('',(1.4,-0.525,5.825));
#12799=CARTESIAN_POINT('Origin',(1.4,-0.7,5.825));
#12800=CARTESIAN_POINT('',(1.4,-0.525,5.825));
#12801=CARTESIAN_POINT('Origin',(1.5,-0.525,5.825));
#12802=CARTESIAN_POINT('',(-1.4,-0.525,5.675));
#12803=CARTESIAN_POINT('',(-1.4,-0.525,5.825));
#12804=CARTESIAN_POINT('',(1.4,-0.525,5.675));
#12805=CARTESIAN_POINT('',(1.4,-0.525,5.825));
#12806=CARTESIAN_POINT('',(1.4,-0.525,5.675));
#12807=CARTESIAN_POINT('Origin',(1.5,-0.35,5.675));
#12808=CARTESIAN_POINT('',(-1.4,-0.175,5.675));
#12809=CARTESIAN_POINT('Origin',(-1.4,-0.35,5.675));
#12810=CARTESIAN_POINT('',(1.4,-0.175,5.675));
#12811=CARTESIAN_POINT('Origin',(1.4,-0.35,5.675));
#12812=CARTESIAN_POINT('',(1.4,-0.175,5.675));
#12813=CARTESIAN_POINT('Origin',(1.5,-0.175,5.675));
#12814=CARTESIAN_POINT('',(-1.4,-0.175,5.825));
#12815=CARTESIAN_POINT('',(-1.4,-0.175,5.675));
#12816=CARTESIAN_POINT('',(1.4,-0.175,5.825));
#12817=CARTESIAN_POINT('',(1.4,-0.175,5.675));
#12818=CARTESIAN_POINT('',(1.4,-0.175,5.825));
#12819=CARTESIAN_POINT('Origin',(1.5,-1.66533453693773E-16,5.825));
#12820=CARTESIAN_POINT('',(-1.4,0.175,5.825));
#12821=CARTESIAN_POINT('Origin',(-1.4,-1.66533453693773E-16,5.825));
#12822=CARTESIAN_POINT('',(1.4,0.175,5.825));
#12823=CARTESIAN_POINT('Origin',(1.4,-1.66533453693773E-16,5.825));
#12824=CARTESIAN_POINT('',(1.4,0.175,5.825));
#12825=CARTESIAN_POINT('Origin',(1.5,0.175,5.825));
#12826=CARTESIAN_POINT('',(-1.4,0.175,5.675));
#12827=CARTESIAN_POINT('',(-1.4,0.175,5.825));
#12828=CARTESIAN_POINT('',(1.4,0.175,5.675));
#12829=CARTESIAN_POINT('',(1.4,0.175,5.825));
#12830=CARTESIAN_POINT('',(1.4,0.175,5.675));
#12831=CARTESIAN_POINT('Origin',(1.5,0.35,5.675));
#12832=CARTESIAN_POINT('',(-1.4,0.525,5.675));
#12833=CARTESIAN_POINT('Origin',(-1.4,0.35,5.675));
#12834=CARTESIAN_POINT('',(1.4,0.525,5.675));
#12835=CARTESIAN_POINT('Origin',(1.4,0.35,5.675));
#12836=CARTESIAN_POINT('',(1.4,0.525,5.675));
#12837=CARTESIAN_POINT('Origin',(1.5,0.525,5.675));
#12838=CARTESIAN_POINT('',(-1.4,0.525,5.825));
#12839=CARTESIAN_POINT('',(-1.4,0.525,5.675));
#12840=CARTESIAN_POINT('',(1.4,0.525,5.825));
#12841=CARTESIAN_POINT('',(1.4,0.525,5.675));
#12842=CARTESIAN_POINT('',(1.4,0.525,5.825));
#12843=CARTESIAN_POINT('Origin',(1.5,0.7,5.825));
#12844=CARTESIAN_POINT('',(-1.4,0.875,5.825));
#12845=CARTESIAN_POINT('Origin',(-1.4,0.7,5.825));
#12846=CARTESIAN_POINT('',(1.4,0.875,5.825));
#12847=CARTESIAN_POINT('Origin',(1.4,0.7,5.825));
#12848=CARTESIAN_POINT('',(1.4,0.875,5.825));
#12849=CARTESIAN_POINT('Origin',(1.5,0.875,5.825));
#12850=CARTESIAN_POINT('',(-1.4,0.875,5.675));
#12851=CARTESIAN_POINT('',(-1.4,0.875,5.825));
#12852=CARTESIAN_POINT('',(1.4,0.875,5.675));
#12853=CARTESIAN_POINT('',(1.4,0.875,5.825));
#12854=CARTESIAN_POINT('',(1.4,0.875,5.675));
#12855=CARTESIAN_POINT('Origin',(1.5,1.05,5.675));
#12856=CARTESIAN_POINT('',(-1.4,1.225,5.675));
#12857=CARTESIAN_POINT('Origin',(-1.4,1.05,5.675));
#12858=CARTESIAN_POINT('',(1.4,1.225,5.675));
#12859=CARTESIAN_POINT('Origin',(1.4,1.05,5.675));
#12860=CARTESIAN_POINT('',(1.4,1.225,5.675));
#12861=CARTESIAN_POINT('Origin',(1.5,1.225,5.675));
#12862=CARTESIAN_POINT('',(-1.4,1.225,5.825));
#12863=CARTESIAN_POINT('',(-1.4,1.225,5.675));
#12864=CARTESIAN_POINT('',(1.4,1.225,5.825));
#12865=CARTESIAN_POINT('',(1.4,1.225,5.675));
#12866=CARTESIAN_POINT('',(1.4,1.225,5.825));
#12867=CARTESIAN_POINT('Origin',(1.5,1.4,5.825));
#12868=CARTESIAN_POINT('',(-1.4,1.4,6.));
#12869=CARTESIAN_POINT('Origin',(-1.4,1.4,5.825));
#12870=CARTESIAN_POINT('',(1.4,1.4,6.));
#12871=CARTESIAN_POINT('Origin',(1.4,1.4,5.825));
#12872=CARTESIAN_POINT('',(1.4,1.4,6.));
#12873=CARTESIAN_POINT('Origin',(1.5,1.4,5.9));
#12874=CARTESIAN_POINT('Origin',(-1.4,1.4,5.9));
#12875=CARTESIAN_POINT('Origin',(1.4,1.4,5.9));
#12876=CARTESIAN_POINT('Origin',(-2.05,3.15,-0.65));
#12877=CARTESIAN_POINT('Origin',(-2.05,3.15,-0.1));
#12878=CARTESIAN_POINT('Origin',(-2.05,3.15,-0.350000000000006));
#12879=CARTESIAN_POINT('Origin',(-2.35,3.15,-0.35));
#12880=CARTESIAN_POINT('Origin',(2.05000000000001,3.14999999999999,-0.350000000000015));
#12881=CARTESIAN_POINT('Origin',(2.05,3.15,0.4));
#12882=CARTESIAN_POINT('Origin',(2.05,3.15,-0.1));
#12883=CARTESIAN_POINT('Origin',(2.05,-3.15,-0.65));
#12884=CARTESIAN_POINT('Origin',(2.05,-3.15,-0.1));
#12885=CARTESIAN_POINT('Origin',(2.05,-3.15,-0.350000000000006));
#12886=CARTESIAN_POINT('Origin',(2.35,-3.15,-0.35));
#12887=CARTESIAN_POINT('Origin',(-2.05000000000004,-3.14999999999997,-0.350000000000038));
#12888=CARTESIAN_POINT('Origin',(-2.05,-3.15,0.4));
#12889=CARTESIAN_POINT('Origin',(-2.05,-3.15,-0.0999999999999998));
#12890=CARTESIAN_POINT('Origin',(-1.65,-3.15,-0.0999999999999999));
#12891=CARTESIAN_POINT('Origin',(-2.35,-3.15,-0.0999999999999998));
#12892=CARTESIAN_POINT('Origin',(-2.05,-3.15,-0.0999999999999999));
#12893=CARTESIAN_POINT('Origin',(-2.05,-3.15,-0.0999999999999998));
#12894=CARTESIAN_POINT('Origin',(-2.05,-3.15,-0.0999999999999998));
#12895=CARTESIAN_POINT('Origin',(-2.05,3.55,-0.0999999999999999));
#12896=CARTESIAN_POINT('Origin',(-2.05,3.15,-0.0999999999999999));
#12897=CARTESIAN_POINT('Origin',(-2.05,3.15,-0.0999999999999999));
#12898=CARTESIAN_POINT('Origin',(-2.05,3.15,-0.0999999999999999));
#12899=CARTESIAN_POINT('Origin',(-1.65,3.15,-0.0999999999999999));
#12900=CARTESIAN_POINT('Origin',(-2.35,3.15,-0.0999999999999999));
#12901=CARTESIAN_POINT('Origin',(2.85,3.15,-0.1));
#12902=CARTESIAN_POINT('Origin',(2.35,3.15,-0.1));
#12903=CARTESIAN_POINT('Origin',(2.05,3.15,-0.1));
#12904=CARTESIAN_POINT('Origin',(2.05,3.15,-0.1));
#12905=CARTESIAN_POINT('Origin',(2.05,3.15,-0.1));
#12906=CARTESIAN_POINT('Origin',(2.05,-3.55,-0.1));
#12907=CARTESIAN_POINT('Origin',(2.05,-3.15,-0.1));
#12908=CARTESIAN_POINT('Origin',(2.05,-3.15,-0.1));
#12909=CARTESIAN_POINT('Origin',(2.05,-3.15,-0.1));
#12910=CARTESIAN_POINT('Origin',(2.85,-3.15,-0.1));
#12911=CARTESIAN_POINT('Origin',(2.35,-3.15,-0.1));
#12912=CARTESIAN_POINT('Origin',(1.4,-1.4,-0.65));
#12913=CARTESIAN_POINT('Origin',(1.4,-1.4,-0.15));
#12914=CARTESIAN_POINT('Origin',(1.4,-1.4,5.9));
#12915=CARTESIAN_POINT('Origin',(1.4,-1.4,5.9));
#12916=CARTESIAN_POINT('Origin',(1.4,-1.4,5.9));
#12917=CARTESIAN_POINT('Ctrl Pts',(1.5,-1.4,5.9));
#12918=CARTESIAN_POINT('Ctrl Pts',(1.5,-1.325,5.9));
#12919=CARTESIAN_POINT('Ctrl Pts',(1.5,-1.325,5.825));
#12920=CARTESIAN_POINT('Ctrl Pts',(1.5,-1.4,6.));
#12921=CARTESIAN_POINT('Ctrl Pts',(1.5,-1.225,6.));
#12922=CARTESIAN_POINT('Ctrl Pts',(1.5,-1.225,5.825));
#12923=CARTESIAN_POINT('Ctrl Pts',(1.4,-1.4,6.));
#12924=CARTESIAN_POINT('Ctrl Pts',(1.4,-1.225,6.));
#12925=CARTESIAN_POINT('Ctrl Pts',(1.4,-1.225,5.825));
#12926=CARTESIAN_POINT('Origin',(1.4,-1.325,5.825));
#12927=CARTESIAN_POINT('Origin',(1.4,-1.325,6.225));
#12928=CARTESIAN_POINT('Origin',(1.4,-1.325,5.675));
#12929=CARTESIAN_POINT('Origin',(1.4,-1.05,5.675));
#12930=CARTESIAN_POINT('Origin',(1.4,-0.775,5.675));
#12931=CARTESIAN_POINT('Origin',(1.4,-0.775,5.275));
#12932=CARTESIAN_POINT('Origin',(1.4,-0.775,5.825));
#12933=CARTESIAN_POINT('Ctrl Pts',(1.5,-0.774999999999999,5.825));
#12934=CARTESIAN_POINT('Ctrl Pts',(1.5,-0.774999999999999,5.9));
#12935=CARTESIAN_POINT('Ctrl Pts',(1.5,-0.7,5.9));
#12936=CARTESIAN_POINT('Ctrl Pts',(1.5,-0.625,5.9));
#12937=CARTESIAN_POINT('Ctrl Pts',(1.5,-0.625,5.825));
#12938=CARTESIAN_POINT('Ctrl Pts',(1.5,-0.875000000000001,5.825));
#12939=CARTESIAN_POINT('Ctrl Pts',(1.5,-0.875000000000001,6.));
#12940=CARTESIAN_POINT('Ctrl Pts',(1.5,-0.7,6.));
#12941=CARTESIAN_POINT('Ctrl Pts',(1.5,-0.524999999999999,6.));
#12942=CARTESIAN_POINT('Ctrl Pts',(1.5,-0.524999999999999,5.825));
#12943=CARTESIAN_POINT('Ctrl Pts',(1.4,-0.875000000000001,5.825));
#12944=CARTESIAN_POINT('Ctrl Pts',(1.4,-0.875000000000001,6.));
#12945=CARTESIAN_POINT('Ctrl Pts',(1.4,-0.7,6.));
#12946=CARTESIAN_POINT('Ctrl Pts',(1.4,-0.524999999999999,6.));
#12947=CARTESIAN_POINT('Ctrl Pts',(1.4,-0.524999999999999,5.825));
#12948=CARTESIAN_POINT('Origin',(1.4,-0.625,5.825));
#12949=CARTESIAN_POINT('Origin',(1.4,-0.625,6.225));
#12950=CARTESIAN_POINT('Origin',(1.4,-0.625,5.675));
#12951=CARTESIAN_POINT('Origin',(1.4,-0.35,5.675));
#12952=CARTESIAN_POINT('Origin',(1.4,-0.0749999999999998,5.675));
#12953=CARTESIAN_POINT('Origin',(1.4,-0.0750000000000003,5.275));
#12954=CARTESIAN_POINT('Origin',(1.4,-0.0750000000000003,5.825));
#12955=CARTESIAN_POINT('Ctrl Pts',(1.5,-0.0749999999999997,5.825));
#12956=CARTESIAN_POINT('Ctrl Pts',(1.5,-0.0749999999999997,5.9));
#12957=CARTESIAN_POINT('Ctrl Pts',(1.5,-1.57676633092797E-16,5.9));
#12958=CARTESIAN_POINT('Ctrl Pts',(1.5,0.0749999999999993,5.9));
#12959=CARTESIAN_POINT('Ctrl Pts',(1.5,0.0749999999999993,5.825));
#12960=CARTESIAN_POINT('Ctrl Pts',(1.5,-0.175000000000001,5.825));
#12961=CARTESIAN_POINT('Ctrl Pts',(1.5,-0.175000000000001,6.));
#12962=CARTESIAN_POINT('Ctrl Pts',(1.5,-1.45867538958161E-16,6.));
#12963=CARTESIAN_POINT('Ctrl Pts',(1.5,0.175000000000001,6.));
#12964=CARTESIAN_POINT('Ctrl Pts',(1.5,0.175000000000001,5.825));
#12965=CARTESIAN_POINT('Ctrl Pts',(1.4,-0.175000000000001,5.825));
#12966=CARTESIAN_POINT('Ctrl Pts',(1.4,-0.175000000000001,6.));
#12967=CARTESIAN_POINT('Ctrl Pts',(1.4,-1.45867538958161E-16,6.));
#12968=CARTESIAN_POINT('Ctrl Pts',(1.4,0.175000000000001,6.));
#12969=CARTESIAN_POINT('Ctrl Pts',(1.4,0.175000000000001,5.825));
#12970=CARTESIAN_POINT('Origin',(1.4,0.075,5.825));
#12971=CARTESIAN_POINT('Origin',(1.4,0.0749999999999997,6.225));
#12972=CARTESIAN_POINT('Origin',(1.4,0.0749999999999997,5.675));
#12973=CARTESIAN_POINT('Origin',(1.4,0.35,5.675));
#12974=CARTESIAN_POINT('Origin',(1.4,0.625,5.675));
#12975=CARTESIAN_POINT('Origin',(1.4,0.625,5.275));
#12976=CARTESIAN_POINT('Origin',(1.4,0.625,5.825));
#12977=CARTESIAN_POINT('Ctrl Pts',(1.5,0.624999999999999,5.825));
#12978=CARTESIAN_POINT('Ctrl Pts',(1.5,0.624999999999999,5.9));
#12979=CARTESIAN_POINT('Ctrl Pts',(1.5,0.7,5.9));
#12980=CARTESIAN_POINT('Ctrl Pts',(1.5,0.775000000000001,5.9));
#12981=CARTESIAN_POINT('Ctrl Pts',(1.5,0.775000000000001,5.825));
#12982=CARTESIAN_POINT('Ctrl Pts',(1.5,0.524999999999999,5.825));
#12983=CARTESIAN_POINT('Ctrl Pts',(1.5,0.524999999999999,6.));
#12984=CARTESIAN_POINT('Ctrl Pts',(1.5,0.7,6.));
#12985=CARTESIAN_POINT('Ctrl Pts',(1.5,0.875000000000001,6.));
#12986=CARTESIAN_POINT('Ctrl Pts',(1.5,0.875000000000001,5.825));
#12987=CARTESIAN_POINT('Ctrl Pts',(1.4,0.524999999999999,5.825));
#12988=CARTESIAN_POINT('Ctrl Pts',(1.4,0.524999999999999,6.));
#12989=CARTESIAN_POINT('Ctrl Pts',(1.4,0.7,6.));
#12990=CARTESIAN_POINT('Ctrl Pts',(1.4,0.875000000000001,6.));
#12991=CARTESIAN_POINT('Ctrl Pts',(1.4,0.875000000000001,5.825));
#12992=CARTESIAN_POINT('Origin',(1.4,0.775,5.825));
#12993=CARTESIAN_POINT('Origin',(1.4,0.775,6.225));
#12994=CARTESIAN_POINT('Origin',(1.4,0.775,5.675));
#12995=CARTESIAN_POINT('Origin',(1.4,1.05,5.675));
#12996=CARTESIAN_POINT('Origin',(1.4,1.325,5.675));
#12997=CARTESIAN_POINT('Origin',(1.4,1.325,5.275));
#12998=CARTESIAN_POINT('Origin',(1.4,1.325,5.825));
#12999=CARTESIAN_POINT('Ctrl Pts',(1.5,1.325,5.825));
#13000=CARTESIAN_POINT('Ctrl Pts',(1.5,1.325,5.9));
#13001=CARTESIAN_POINT('Ctrl Pts',(1.5,1.4,5.9));
#13002=CARTESIAN_POINT('Ctrl Pts',(1.5,1.225,5.825));
#13003=CARTESIAN_POINT('Ctrl Pts',(1.5,1.225,6.));
#13004=CARTESIAN_POINT('Ctrl Pts',(1.5,1.4,6.));
#13005=CARTESIAN_POINT('Ctrl Pts',(1.4,1.225,5.825));
#13006=CARTESIAN_POINT('Ctrl Pts',(1.4,1.225,6.));
#13007=CARTESIAN_POINT('Ctrl Pts',(1.4,1.4,6.));
#13008=CARTESIAN_POINT('Origin',(1.4,1.4,5.9));
#13009=CARTESIAN_POINT('Origin',(1.4,1.4,5.9));
#13010=CARTESIAN_POINT('Origin',(1.4,1.4,5.9));
#13011=CARTESIAN_POINT('Origin',(1.4,1.4,6.3));
#13012=CARTESIAN_POINT('Origin',(1.4,1.4,-0.150000000000001));
#13013=CARTESIAN_POINT('Origin',(-1.4,-1.4,-0.65));
#13014=CARTESIAN_POINT('Origin',(-1.4,-1.4,-0.15));
#13015=CARTESIAN_POINT('Origin',(-1.4,-1.4,5.9));
#13016=CARTESIAN_POINT('Origin',(-1.4,-1.4,5.9));
#13017=CARTESIAN_POINT('Origin',(-1.4,-1.4,5.9));
#13018=CARTESIAN_POINT('Ctrl Pts',(-1.4,-1.4,6.));
#13019=CARTESIAN_POINT('Ctrl Pts',(-1.4,-1.225,6.));
#13020=CARTESIAN_POINT('Ctrl Pts',(-1.4,-1.225,5.825));
#13021=CARTESIAN_POINT('Ctrl Pts',(-1.5,-1.4,6.));
#13022=CARTESIAN_POINT('Ctrl Pts',(-1.5,-1.225,6.));
#13023=CARTESIAN_POINT('Ctrl Pts',(-1.5,-1.225,5.825));
#13024=CARTESIAN_POINT('Ctrl Pts',(-1.5,-1.4,5.9));
#13025=CARTESIAN_POINT('Ctrl Pts',(-1.5,-1.325,5.9));
#13026=CARTESIAN_POINT('Ctrl Pts',(-1.5,-1.325,5.825));
#13027=CARTESIAN_POINT('Origin',(-1.4,-1.325,5.825));
#13028=CARTESIAN_POINT('Origin',(-1.4,-1.325,6.225));
#13029=CARTESIAN_POINT('Origin',(-1.4,-1.325,5.675));
#13030=CARTESIAN_POINT('Origin',(-1.4,-1.05,5.675));
#13031=CARTESIAN_POINT('Origin',(-1.4,-0.775,5.675));
#13032=CARTESIAN_POINT('Origin',(-1.4,-0.775,5.275));
#13033=CARTESIAN_POINT('Origin',(-1.4,-0.775,5.825));
#13034=CARTESIAN_POINT('Ctrl Pts',(-1.4,-0.875000000000001,5.825));
#13035=CARTESIAN_POINT('Ctrl Pts',(-1.4,-0.875000000000001,6.));
#13036=CARTESIAN_POINT('Ctrl Pts',(-1.4,-0.7,6.));
#13037=CARTESIAN_POINT('Ctrl Pts',(-1.4,-0.524999999999999,6.));
#13038=CARTESIAN_POINT('Ctrl Pts',(-1.4,-0.524999999999999,5.825));
#13039=CARTESIAN_POINT('Ctrl Pts',(-1.5,-0.875000000000001,5.825));
#13040=CARTESIAN_POINT('Ctrl Pts',(-1.5,-0.875000000000001,6.));
#13041=CARTESIAN_POINT('Ctrl Pts',(-1.5,-0.7,6.));
#13042=CARTESIAN_POINT('Ctrl Pts',(-1.5,-0.524999999999999,6.));
#13043=CARTESIAN_POINT('Ctrl Pts',(-1.5,-0.524999999999999,5.825));
#13044=CARTESIAN_POINT('Ctrl Pts',(-1.5,-0.774999999999999,5.825));
#13045=CARTESIAN_POINT('Ctrl Pts',(-1.5,-0.774999999999999,5.9));
#13046=CARTESIAN_POINT('Ctrl Pts',(-1.5,-0.7,5.9));
#13047=CARTESIAN_POINT('Ctrl Pts',(-1.5,-0.625,5.9));
#13048=CARTESIAN_POINT('Ctrl Pts',(-1.5,-0.625,5.825));
#13049=CARTESIAN_POINT('Origin',(-1.4,-0.625,5.825));
#13050=CARTESIAN_POINT('Origin',(-1.4,-0.625,6.225));
#13051=CARTESIAN_POINT('Origin',(-1.4,-0.625,5.675));
#13052=CARTESIAN_POINT('Origin',(-1.4,-0.35,5.675));
#13053=CARTESIAN_POINT('Origin',(-1.4,-0.0749999999999998,5.675));
#13054=CARTESIAN_POINT('Origin',(-1.4,-0.0750000000000003,5.275));
#13055=CARTESIAN_POINT('Origin',(-1.4,-0.0750000000000003,5.825));
#13056=CARTESIAN_POINT('Ctrl Pts',(-1.4,-0.175000000000001,5.825));
#13057=CARTESIAN_POINT('Ctrl Pts',(-1.4,-0.175000000000001,6.));
#13058=CARTESIAN_POINT('Ctrl Pts',(-1.4,-1.88730176928319E-16,6.));
#13059=CARTESIAN_POINT('Ctrl Pts',(-1.4,0.175,6.));
#13060=CARTESIAN_POINT('Ctrl Pts',(-1.4,0.175000000000001,5.825));
#13061=CARTESIAN_POINT('Ctrl Pts',(-1.5,-0.175000000000001,5.825));
#13062=CARTESIAN_POINT('Ctrl Pts',(-1.5,-0.175000000000001,6.));
#13063=CARTESIAN_POINT('Ctrl Pts',(-1.5,-1.88730176928319E-16,6.));
#13064=CARTESIAN_POINT('Ctrl Pts',(-1.5,0.175,6.));
#13065=CARTESIAN_POINT('Ctrl Pts',(-1.5,0.175000000000001,5.825));
#13066=CARTESIAN_POINT('Ctrl Pts',(-1.5,-0.0749999999999997,5.825));
#13067=CARTESIAN_POINT('Ctrl Pts',(-1.5,-0.0749999999999997,5.9));
#13068=CARTESIAN_POINT('Ctrl Pts',(-1.5,-1.76046335080007E-16,5.9));
#13069=CARTESIAN_POINT('Ctrl Pts',(-1.5,0.0749999999999993,5.9));
#13070=CARTESIAN_POINT('Ctrl Pts',(-1.5,0.0749999999999993,5.825));
#13071=CARTESIAN_POINT('Origin',(-1.4,0.075,5.825));
#13072=CARTESIAN_POINT('Origin',(-1.4,0.0749999999999997,6.225));
#13073=CARTESIAN_POINT('Origin',(-1.4,0.0749999999999997,5.675));
#13074=CARTESIAN_POINT('Origin',(-1.4,0.35,5.675));
#13075=CARTESIAN_POINT('Origin',(-1.4,0.625,5.675));
#13076=CARTESIAN_POINT('Origin',(-1.4,0.625,5.275));
#13077=CARTESIAN_POINT('Origin',(-1.4,0.625,5.825));
#13078=CARTESIAN_POINT('Ctrl Pts',(-1.4,0.524999999999999,5.825));
#13079=CARTESIAN_POINT('Ctrl Pts',(-1.4,0.524999999999999,6.));
#13080=CARTESIAN_POINT('Ctrl Pts',(-1.4,0.7,6.));
#13081=CARTESIAN_POINT('Ctrl Pts',(-1.4,0.875000000000001,6.));
#13082=CARTESIAN_POINT('Ctrl Pts',(-1.4,0.875000000000001,5.825));
#13083=CARTESIAN_POINT('Ctrl Pts',(-1.5,0.524999999999999,5.825));
#13084=CARTESIAN_POINT('Ctrl Pts',(-1.5,0.524999999999999,6.));
#13085=CARTESIAN_POINT('Ctrl Pts',(-1.5,0.7,6.));
#13086=CARTESIAN_POINT('Ctrl Pts',(-1.5,0.875000000000001,6.));
#13087=CARTESIAN_POINT('Ctrl Pts',(-1.5,0.875000000000001,5.825));
#13088=CARTESIAN_POINT('Ctrl Pts',(-1.5,0.624999999999999,5.825));
#13089=CARTESIAN_POINT('Ctrl Pts',(-1.5,0.624999999999999,5.9));
#13090=CARTESIAN_POINT('Ctrl Pts',(-1.5,0.7,5.9));
#13091=CARTESIAN_POINT('Ctrl Pts',(-1.5,0.775000000000001,5.9));
#13092=CARTESIAN_POINT('Ctrl Pts',(-1.5,0.775000000000001,5.825));
#13093=CARTESIAN_POINT('Origin',(-1.4,0.775,5.825));
#13094=CARTESIAN_POINT('Origin',(-1.4,0.775,6.225));
#13095=CARTESIAN_POINT('Origin',(-1.4,0.775,5.675));
#13096=CARTESIAN_POINT('Origin',(-1.4,1.05,5.675));
#13097=CARTESIAN_POINT('Origin',(-1.4,1.325,5.675));
#13098=CARTESIAN_POINT('Origin',(-1.4,1.325,5.275));
#13099=CARTESIAN_POINT('Origin',(-1.4,1.325,5.825));
#13100=CARTESIAN_POINT('Ctrl Pts',(-1.4,1.225,5.825));
#13101=CARTESIAN_POINT('Ctrl Pts',(-1.4,1.225,6.));
#13102=CARTESIAN_POINT('Ctrl Pts',(-1.4,1.4,6.));
#13103=CARTESIAN_POINT('Ctrl Pts',(-1.5,1.225,5.825));
#13104=CARTESIAN_POINT('Ctrl Pts',(-1.5,1.225,6.));
#13105=CARTESIAN_POINT('Ctrl Pts',(-1.5,1.4,6.));
#13106=CARTESIAN_POINT('Ctrl Pts',(-1.5,1.325,5.825));
#13107=CARTESIAN_POINT('Ctrl Pts',(-1.5,1.325,5.9));
#13108=CARTESIAN_POINT('Ctrl Pts',(-1.5,1.4,5.9));
#13109=CARTESIAN_POINT('Origin',(-1.4,1.4,5.9));
#13110=CARTESIAN_POINT('Origin',(-1.4,1.4,5.9));
#13111=CARTESIAN_POINT('Origin',(-1.4,1.4,5.9));
#13112=CARTESIAN_POINT('Origin',(-1.4,1.4,6.3));
#13113=CARTESIAN_POINT('Origin',(-1.4,1.4,-0.150000000000001));
#13114=CARTESIAN_POINT('Origin',(2.35,-3.15,-3.8));
#13115=CARTESIAN_POINT('Origin',(2.35,-3.15,-3.4));
#13116=CARTESIAN_POINT('Origin',(2.35,-3.15,-0.100000000000001));
#13117=CARTESIAN_POINT('Origin',(2.35,-3.15,-0.1));
#13118=CARTESIAN_POINT('Origin',(2.35,-3.15,-0.1));
#13119=CARTESIAN_POINT('Origin',(2.35,-3.55,-0.1));
#13120=CARTESIAN_POINT('Origin',(2.35,3.15,-0.1));
#13121=CARTESIAN_POINT('Origin',(2.35,3.15,-0.1));
#13122=CARTESIAN_POINT('Origin',(2.35,3.15,-0.1));
#13123=CARTESIAN_POINT('Origin',(2.35,3.15,0.3));
#13124=CARTESIAN_POINT('Origin',(2.35,3.15,-3.4));
#13125=CARTESIAN_POINT('Origin',(2.35,3.15,-3.4));
#13126=CARTESIAN_POINT('Origin',(2.35,3.15,-3.4));
#13127=CARTESIAN_POINT('Origin',(2.35,3.55,-3.4));
#13128=CARTESIAN_POINT('Origin',(2.35,-3.15,-3.4));
#13129=CARTESIAN_POINT('Origin',(2.35,-3.15,-3.4));
#13130=CARTESIAN_POINT('Origin',(-2.35,-3.15,-3.8));
#13131=CARTESIAN_POINT('Origin',(-2.35,-3.15,-0.100000000000001));
#13132=CARTESIAN_POINT('Origin',(-2.35,-3.15,-3.4));
#13133=CARTESIAN_POINT('Origin',(-2.35,-3.15,-0.0999999999999998));
#13134=CARTESIAN_POINT('Origin',(-2.35,-3.15,-0.0999999999999998));
#13135=CARTESIAN_POINT('Origin',(-2.35,-3.55,-0.0999999999999999));
#13136=CARTESIAN_POINT('Origin',(-2.35,3.15,-0.0999999999999999));
#13137=CARTESIAN_POINT('Origin',(-2.35,3.15,-0.0999999999999999));
#13138=CARTESIAN_POINT('Origin',(-2.35,3.15,-0.0999999999999999));
#13139=CARTESIAN_POINT('Origin',(-2.35,3.15,0.3));
#13140=CARTESIAN_POINT('Origin',(-2.35,3.15,-3.4));
#13141=CARTESIAN_POINT('Origin',(-2.35,3.15,-3.4));
#13142=CARTESIAN_POINT('Origin',(-2.35,3.15,-3.4));
#13143=CARTESIAN_POINT('Origin',(-2.35,3.55,-3.4));
#13144=CARTESIAN_POINT('Origin',(-2.35,-3.15,-3.4));
#13145=CARTESIAN_POINT('Origin',(-2.35,-3.15,-3.4));
#13146=CARTESIAN_POINT('Origin',(1.8,1.6,-0.15));
#13147=CARTESIAN_POINT('Origin',(-1.4,1.6,-0.15));
#13148=CARTESIAN_POINT('Origin',(1.4,1.6,-0.15));
#13149=CARTESIAN_POINT('Origin',(-1.4,1.4,-0.15));
#13150=CARTESIAN_POINT('Origin',(-1.6,1.4,-0.15));
#13151=CARTESIAN_POINT('Origin',(-1.6,1.8,-0.15));
#13152=CARTESIAN_POINT('Origin',(-1.6,-1.4,-0.15));
#13153=CARTESIAN_POINT('Origin',(-1.4,-1.4,-0.15));
#13154=CARTESIAN_POINT('Origin',(-1.4,-1.6,-0.15));
#13155=CARTESIAN_POINT('Origin',(-1.8,-1.6,-0.15));
#13156=CARTESIAN_POINT('Origin',(1.4,-1.6,-0.15));
#13157=CARTESIAN_POINT('Origin',(1.4,-1.4,-0.15));
#13158=CARTESIAN_POINT('Origin',(1.6,-1.4,-0.15));
#13159=CARTESIAN_POINT('Origin',(1.6,-1.8,-0.15));
#13160=CARTESIAN_POINT('Origin',(1.6,1.4,-0.15));
#13161=CARTESIAN_POINT('Origin',(1.4,1.4,-0.15));
#13162=CARTESIAN_POINT('Origin',(0.85,-3.15,-3.8));
#13163=CARTESIAN_POINT('Origin',(0.85,-3.15,-3.4));
#13164=CARTESIAN_POINT('Origin',(0.85,-3.15,-3.4));
#13165=CARTESIAN_POINT('Origin',(0.85,-3.15,-3.4));
#13166=CARTESIAN_POINT('Origin',(0.849999999999999,3.55,-3.4));
#13167=CARTESIAN_POINT('Origin',(0.849999999999999,3.15,-3.4));
#13168=CARTESIAN_POINT('Origin',(0.849999999999999,3.15,-3.4));
#13169=CARTESIAN_POINT('Origin',(0.849999999999999,3.15,-3.4));
#13170=CARTESIAN_POINT('Origin',(0.849999999999999,3.15,-1.7));
#13171=CARTESIAN_POINT('Origin',(-0.850000000000001,3.15,-3.8));
#13172=CARTESIAN_POINT('Origin',(-0.850000000000001,3.15,-3.4));
#13173=CARTESIAN_POINT('Origin',(-0.850000000000001,3.15,-3.4));
#13174=CARTESIAN_POINT('Origin',(-0.850000000000001,3.15,-3.4));
#13175=CARTESIAN_POINT('Origin',(-0.85,-3.55,-3.4));
#13176=CARTESIAN_POINT('Origin',(-0.85,-3.15,-3.4));
#13177=CARTESIAN_POINT('Origin',(-0.85,-3.15,-3.4));
#13178=CARTESIAN_POINT('Origin',(-0.85,-3.15,-3.4));
#13179=CARTESIAN_POINT('Origin',(-0.85,-3.15,-1.7));
#13180=CARTESIAN_POINT('Origin',(0.75,-3.25,-3.10159295503333));
#13181=CARTESIAN_POINT('',(0.75,-3.15,-3.10159295503333));
#13182=CARTESIAN_POINT('',(0.75,-3.15,-2.5));
#13183=CARTESIAN_POINT('',(0.75,-3.15,-3.10159295503333));
#13184=CARTESIAN_POINT('',(0.749999999999999,3.15,-3.10159295503333));
#13185=CARTESIAN_POINT('',(0.75,-3.15,-3.10159295503333));
#13186=CARTESIAN_POINT('',(0.749999999999999,3.15,-2.5));
#13187=CARTESIAN_POINT('',(0.749999999999999,3.15,-3.10159295503333));
#13188=CARTESIAN_POINT('',(0.75,-3.15,-2.5));
#13189=CARTESIAN_POINT('Origin',(0.75,3.25,-3.10159295503333));
#13190=CARTESIAN_POINT('',(0.649999999999999,3.25,-3.00159295503333));
#13191=CARTESIAN_POINT('',(0.649999999999999,3.25,-2.5));
#13192=CARTESIAN_POINT('',(0.649999999999999,3.25,-3.00159295503333));
#13193=CARTESIAN_POINT('',(-0.650000000000001,3.25,-3.00159295503333));
#13194=CARTESIAN_POINT('',(0.649999999999999,3.25,-3.00159295503333));
#13195=CARTESIAN_POINT('',(-0.650000000000001,3.25,-2.5));
#13196=CARTESIAN_POINT('',(-0.650000000000001,3.25,-3.00159295503333));
#13197=CARTESIAN_POINT('',(0.649999999999999,3.25,-2.5));
#13198=CARTESIAN_POINT('Origin',(-0.75,3.25,-3.10159295503333));
#13199=CARTESIAN_POINT('',(-0.75,-3.15,-3.10159295503333));
#13200=CARTESIAN_POINT('',(-0.75,-3.15,-2.5));
#13201=CARTESIAN_POINT('',(-0.75,-3.15,-3.10159295503333));
#13202=CARTESIAN_POINT('',(-0.75,3.15,-2.5));
#13203=CARTESIAN_POINT('',(-0.75,3.15,-2.5));
#13204=CARTESIAN_POINT('',(-0.75,3.15,-3.10159295503333));
#13205=CARTESIAN_POINT('',(-0.75,3.15,-3.10159295503333));
#13206=CARTESIAN_POINT('',(-0.75,3.15,-3.10159295503333));
#13207=CARTESIAN_POINT('Origin',(-0.750000000000001,-3.25,-3.10159295503333));
#13208=CARTESIAN_POINT('',(-0.65,-3.25,-3.00159295503333));
#13209=CARTESIAN_POINT('',(-0.65,-3.25,-2.5));
#13210=CARTESIAN_POINT('',(-0.65,-3.25,-3.00159295503333));
#13211=CARTESIAN_POINT('',(0.65,-3.25,-3.00159295503333));
#13212=CARTESIAN_POINT('',(-0.65,-3.25,-3.00159295503333));
#13213=CARTESIAN_POINT('',(0.65,-3.25,-2.5));
#13214=CARTESIAN_POINT('',(0.65,-3.25,-3.00159295503333));
#13215=CARTESIAN_POINT('',(-0.65,-3.25,-2.5));
#13216=CARTESIAN_POINT('Origin',(0.749999999999999,4.25,-2.5));
#13217=CARTESIAN_POINT('Origin',(-0.65,-3.15,-2.5));
#13218=CARTESIAN_POINT('Origin',(0.65,-3.15,-2.5));
#13219=CARTESIAN_POINT('Origin',(0.649999999999999,3.15,-2.5));
#13220=CARTESIAN_POINT('Origin',(-0.65,3.15,-2.5));
#13221=CARTESIAN_POINT('Origin',(0.749999999999999,4.25,-3.10159295503333));
#13222=CARTESIAN_POINT('',(-0.75,-3.15,-3.10159295503333));
#13223=CARTESIAN_POINT('',(0.749999999999999,3.15,-3.10159295503333));
#13224=CARTESIAN_POINT('Origin',(0.649999999999999,3.15,-3.50159295503333));
#13225=CARTESIAN_POINT('Origin',(0.64999999999994,3.14999999999994,-3.00159295503327));
#13226=CARTESIAN_POINT('Origin',(1.15,3.15,-3.00159295503333));
#13227=CARTESIAN_POINT('Origin',(-0.649999999999922,3.14999999999992,-3.00159295503325));
#13228=CARTESIAN_POINT('Origin',(-0.65,3.15,-3.50159295503333));
#13229=CARTESIAN_POINT('Origin',(-0.649999999999999,-3.15,-3.50159295503333));
#13230=CARTESIAN_POINT('Origin',(-0.649999999999955,-3.14999999999996,-3.00159295503329));
#13231=CARTESIAN_POINT('Origin',(-1.15,-3.15,-3.00159295503333));
#13232=CARTESIAN_POINT('Origin',(0.64999999999994,-3.14999999999994,-3.00159295503327));
#13233=CARTESIAN_POINT('Origin',(0.65,-3.15,-3.50159295503333));
#13234=CARTESIAN_POINT('',(0.,0.,0.));
#13235=CARTESIAN_POINT('Origin',(0.25,0.,-1.53080849893419E-17));
#13236=CARTESIAN_POINT('',(0.25,1.,1.8564392985138));
#13237=CARTESIAN_POINT('',(0.25,0.750772212328634,1.71402341984445));
#13238=CARTESIAN_POINT('',(0.25,1.,1.8564392985138));
#13239=CARTESIAN_POINT('',(0.25,1.,3.39840704496667));
#13240=CARTESIAN_POINT('',(0.25,1.,3.39840704496667));
#13241=CARTESIAN_POINT('',(0.25,-0.999999999999998,3.39840704496667));
#13242=CARTESIAN_POINT('',(0.25,-0.999999999999999,3.39840704496667));
#13243=CARTESIAN_POINT('',(0.25,-0.999999999999998,1.8564392985138));
#13244=CARTESIAN_POINT('',(0.25,-0.999999999999999,1.8564392985138));
#13245=CARTESIAN_POINT('',(0.25,-0.750772212328634,1.71402341984445));
#13246=CARTESIAN_POINT('',(0.25,-0.750772212328634,1.71402341984445));
#13247=CARTESIAN_POINT('',(0.25,-0.65,1.54037479141955));
#13248=CARTESIAN_POINT('Origin',(0.25,-0.85,1.54037479141955));
#13249=CARTESIAN_POINT('',(0.25,-0.65,-4.8006063048903E-16));
#13250=CARTESIAN_POINT('',(0.25,-0.65,-1.18676344957187E-16));
#13251=CARTESIAN_POINT('',(0.25,0.65,4.81539905958941E-16));
#13252=CARTESIAN_POINT('Origin',(0.25,0.,-1.53080849893419E-17));
#13253=CARTESIAN_POINT('',(0.25,0.65,1.54037479141955));
#13254=CARTESIAN_POINT('',(0.25,0.65,1.54037479141955));
#13255=CARTESIAN_POINT('Origin',(0.25,0.85,1.54037479141955));
#13256=CARTESIAN_POINT('',(0.25,0.5,8.37434925740626E-17));
#13257=CARTESIAN_POINT('',(0.25,-0.5,-1.74496743053276E-16));
#13258=CARTESIAN_POINT('Origin',(0.25,0.,-1.53080849893419E-17));
#13259=CARTESIAN_POINT('',(0.25,-0.5,0.8));
#13260=CARTESIAN_POINT('',(0.25,-0.5,-1.46431920572816E-16));
#13261=CARTESIAN_POINT('',(0.25,0.5,0.8));
#13262=CARTESIAN_POINT('Origin',(0.25,-9.79717439317882E-17,0.8));
#13263=CARTESIAN_POINT('',(0.25,0.5,0.8));
#13264=CARTESIAN_POINT('Origin',(-0.25,0.,1.53080849893419E-17));
#13265=CARTESIAN_POINT('',(-0.25,-0.999999999999998,1.8564392985138));
#13266=CARTESIAN_POINT('',(-0.25,-0.999999999999998,3.39840704496667));
#13267=CARTESIAN_POINT('',(-0.25,-0.999999999999999,1.8564392985138));
#13268=CARTESIAN_POINT('',(-0.25,1.,3.39840704496667));
#13269=CARTESIAN_POINT('',(-0.25,-0.999999999999999,3.39840704496667));
#13270=CARTESIAN_POINT('',(-0.25,1.,1.8564392985138));
#13271=CARTESIAN_POINT('',(-0.25,1.,3.39840704496667));
#13272=CARTESIAN_POINT('',(-0.25,0.750772212328634,1.71402341984445));
#13273=CARTESIAN_POINT('',(-0.25,1.,1.8564392985138));
#13274=CARTESIAN_POINT('',(-0.25,0.65,1.54037479141955));
#13275=CARTESIAN_POINT('Origin',(-0.25,0.85,1.54037479141955));
#13276=CARTESIAN_POINT('',(-0.25,0.65,1.04120768787383E-16));
#13277=CARTESIAN_POINT('',(-0.25,0.65,1.54037479141955));
#13278=CARTESIAN_POINT('',(-0.25,-0.65,-4.18016487079798E-16));
#13279=CARTESIAN_POINT('Origin',(-0.25,0.,1.53080849893419E-17));
#13280=CARTESIAN_POINT('',(-0.25,-0.65,1.54037479141955));
#13281=CARTESIAN_POINT('',(-0.25,-0.65,7.65404249467096E-18));
#13282=CARTESIAN_POINT('',(-0.25,-0.750772212328634,1.71402341984445));
#13283=CARTESIAN_POINT('Origin',(-0.25,-0.85,1.54037479141955));
#13284=CARTESIAN_POINT('',(-0.25,-0.750772212328634,1.71402341984445));
#13285=CARTESIAN_POINT('',(-0.25,-0.5,-1.12452599644043E-16));
#13286=CARTESIAN_POINT('',(-0.25,0.5,2.61435867715082E-16));
#13287=CARTESIAN_POINT('Origin',(-0.25,0.,1.53080849893419E-17));
#13288=CARTESIAN_POINT('',(-0.25,0.5,0.8));
#13289=CARTESIAN_POINT('',(-0.25,0.5,0.8));
#13290=CARTESIAN_POINT('',(-0.25,-0.5,0.8));
#13291=CARTESIAN_POINT('Origin',(-0.25,-9.79717439317882E-17,0.8));
#13292=CARTESIAN_POINT('',(-0.25,-0.5,-4.78571087365869E-17));
#13293=CARTESIAN_POINT('Origin',(0.25,0.4,0.8));
#13294=CARTESIAN_POINT('',(-0.15,0.4,1.72148346418018E-16));
#13295=CARTESIAN_POINT('',(-0.15,0.4,0.8));
#13296=CARTESIAN_POINT('',(-0.15,0.4,0.8));
#13297=CARTESIAN_POINT('',(0.15,0.4,3.28592347261526E-17));
#13298=CARTESIAN_POINT('',(0.15,0.4,-1.98947258016862E-17));
#13299=CARTESIAN_POINT('',(0.15,0.4,0.8));
#13300=CARTESIAN_POINT('',(0.15,0.4,0.8));
#13301=CARTESIAN_POINT('',(0.15,0.4,0.8));
#13302=CARTESIAN_POINT('Origin',(0.25,-9.79717439317882E-17,0.8));
#13303=CARTESIAN_POINT('',(-0.15,-0.4,0.8));
#13304=CARTESIAN_POINT('Origin',(-0.15,-9.79717439317882E-17,0.8));
#13305=CARTESIAN_POINT('',(0.15,-0.4,0.8));
#13306=CARTESIAN_POINT('Origin',(0.15,-9.79717439317882E-17,0.8));
#13307=CARTESIAN_POINT('',(0.15,-0.4,0.8));
#13308=CARTESIAN_POINT('Origin',(0.25,-0.4,-6.4293956955236E-17));
#13309=CARTESIAN_POINT('',(-0.15,-0.4,1.43938663372638E-17));
#13310=CARTESIAN_POINT('',(-0.15,-0.4,-4.60247662854325E-17));
#13311=CARTESIAN_POINT('',(0.15,-0.4,-5.65882126307471E-17));
#13312=CARTESIAN_POINT('',(0.15,-0.4,-1.11944258372551E-16));
#13313=CARTESIAN_POINT('',(0.15,-0.4,-9.49101269339199E-17));
#13314=CARTESIAN_POINT('Origin',(0.25,0.,-1.53080849893419E-17));
#13315=CARTESIAN_POINT('Origin',(-0.15,0.,9.18485099360515E-18));
#13316=CARTESIAN_POINT('Origin',(0.15,0.,-9.18485099360515E-18));
#13317=CARTESIAN_POINT('Origin',(0.25,-1.1,1.8564392985138));
#13318=CARTESIAN_POINT('',(-0.15,-1.1,1.8564392985138));
#13319=CARTESIAN_POINT('',(-0.15,-1.1,3.39840704496667));
#13320=CARTESIAN_POINT('',(-0.15,-1.1,1.8564392985138));
#13321=CARTESIAN_POINT('',(0.15,-1.1,1.8564392985138));
#13322=CARTESIAN_POINT('',(0.15,-1.1,1.8564392985138));
#13323=CARTESIAN_POINT('',(0.15,-1.1,3.39840704496667));
#13324=CARTESIAN_POINT('',(0.15,-1.1,1.8564392985138));
#13325=CARTESIAN_POINT('',(0.15,-1.1,3.39840704496667));
#13326=CARTESIAN_POINT('Origin',(0.25,-0.999999999999999,1.8564392985138));
#13327=CARTESIAN_POINT('',(-0.15,-1.04961389383568,1.76961498430135));
#13328=CARTESIAN_POINT('Origin',(-0.15,-0.999999999999999,1.8564392985138));
#13329=CARTESIAN_POINT('',(0.15,-1.04961389383568,1.76961498430135));
#13330=CARTESIAN_POINT('',(0.15,-1.04961389383568,1.76961498430135));
#13331=CARTESIAN_POINT('Origin',(0.15,-0.999999999999999,1.8564392985138));
#13332=CARTESIAN_POINT('Origin',(0.25,-0.800386106164317,1.627199105632));
#13333=CARTESIAN_POINT('',(-0.15,-0.800386106164317,1.627199105632));
#13334=CARTESIAN_POINT('',(-0.15,-0.800386106164317,1.627199105632));
#13335=CARTESIAN_POINT('',(0.15,-0.800386106164317,1.627199105632));
#13336=CARTESIAN_POINT('',(0.15,-0.800386106164317,1.627199105632));
#13337=CARTESIAN_POINT('',(0.15,-0.800386106164317,1.627199105632));
#13338=CARTESIAN_POINT('Origin',(0.25,-0.85,1.54037479141955));
#13339=CARTESIAN_POINT('',(-0.15,-0.75,1.54037479141955));
#13340=CARTESIAN_POINT('Origin',(-0.15,-0.85,1.54037479141955));
#13341=CARTESIAN_POINT('',(0.15,-0.75,1.54037479141955));
#13342=CARTESIAN_POINT('',(0.15,-0.75,1.54037479141955));
#13343=CARTESIAN_POINT('Origin',(0.15,-0.85,1.54037479141955));
#13344=CARTESIAN_POINT('Origin',(0.25,-0.75,-6.12323399573677E-17));
#13345=CARTESIAN_POINT('',(-0.15,-0.75,-4.01461419333099E-16));
#13346=CARTESIAN_POINT('',(-0.15,-0.75,-1.62011973264501E-17));
#13347=CARTESIAN_POINT('',(0.15,-0.75,-4.50339759966935E-16));
#13348=CARTESIAN_POINT('',(0.15,-0.75,-1.46957615897682E-16));
#13349=CARTESIAN_POINT('',(0.15,-0.75,-1.38034729278141E-16));
#13350=CARTESIAN_POINT('Origin',(0.25,0.,-1.53080849893419E-17));
#13351=CARTESIAN_POINT('',(-0.15,0.75,1.78082087223176E-16));
#13352=CARTESIAN_POINT('Origin',(-0.15,0.,9.18485099360515E-18));
#13353=CARTESIAN_POINT('',(0.15,0.75,4.08087631597713E-16));
#13354=CARTESIAN_POINT('',(0.15,0.75,1.7892000258081E-16));
#13355=CARTESIAN_POINT('Origin',(0.15,0.,-9.18485099360515E-18));
#13356=CARTESIAN_POINT('Origin',(0.25,0.75,1.54037479141955));
#13357=CARTESIAN_POINT('',(-0.15,0.75,1.54037479141955));
#13358=CARTESIAN_POINT('',(-0.15,0.75,1.54037479141955));
#13359=CARTESIAN_POINT('',(0.15,0.75,1.54037479141955));
#13360=CARTESIAN_POINT('',(0.15,0.75,1.54037479141955));
#13361=CARTESIAN_POINT('',(0.15,0.75,1.54037479141955));
#13362=CARTESIAN_POINT('Origin',(0.25,0.85,1.54037479141955));
#13363=CARTESIAN_POINT('',(-0.15,0.800386106164317,1.627199105632));
#13364=CARTESIAN_POINT('Origin',(-0.15,0.85,1.54037479141955));
#13365=CARTESIAN_POINT('',(0.15,0.800386106164317,1.627199105632));
#13366=CARTESIAN_POINT('',(0.15,0.800386106164317,1.627199105632));
#13367=CARTESIAN_POINT('Origin',(0.15,0.85,1.54037479141955));
#13368=CARTESIAN_POINT('Origin',(0.25,1.04961389383568,1.76961498430135));
#13369=CARTESIAN_POINT('',(-0.15,1.04961389383568,1.76961498430135));
#13370=CARTESIAN_POINT('',(-0.15,1.04961389383568,1.76961498430135));
#13371=CARTESIAN_POINT('',(0.15,1.04961389383568,1.76961498430135));
#13372=CARTESIAN_POINT('',(0.15,1.04961389383568,1.76961498430135));
#13373=CARTESIAN_POINT('',(0.15,1.04961389383568,1.76961498430135));
#13374=CARTESIAN_POINT('Origin',(0.25,1.,1.8564392985138));
#13375=CARTESIAN_POINT('',(-0.15,1.1,1.8564392985138));
#13376=CARTESIAN_POINT('Origin',(-0.15,1.,1.8564392985138));
#13377=CARTESIAN_POINT('',(0.15,1.1,1.8564392985138));
#13378=CARTESIAN_POINT('',(0.15,1.1,1.8564392985138));
#13379=CARTESIAN_POINT('Origin',(0.15,1.,1.8564392985138));
#13380=CARTESIAN_POINT('Origin',(0.25,1.1,3.39840704496667));
#13381=CARTESIAN_POINT('',(-0.15,1.1,3.39840704496667));
#13382=CARTESIAN_POINT('',(-0.15,1.1,3.39840704496667));
#13383=CARTESIAN_POINT('',(0.15,1.1,3.39840704496667));
#13384=CARTESIAN_POINT('',(0.15,1.1,3.39840704496667));
#13385=CARTESIAN_POINT('',(0.15,1.1,3.39840704496667));
#13386=CARTESIAN_POINT('Origin',(0.25,1.,3.39840704496667));
#13387=CARTESIAN_POINT('',(-0.15,1.,3.49840704496667));
#13388=CARTESIAN_POINT('Origin',(-0.15,1.,3.39840704496667));
#13389=CARTESIAN_POINT('',(0.15,1.,3.49840704496667));
#13390=CARTESIAN_POINT('',(0.15,1.,3.49840704496667));
#13391=CARTESIAN_POINT('Origin',(0.15,1.,3.39840704496667));
#13392=CARTESIAN_POINT('Origin',(0.25,-0.999999999999999,3.49840704496667));
#13393=CARTESIAN_POINT('',(-0.15,-0.999999999999999,3.49840704496667));
#13394=CARTESIAN_POINT('',(-0.15,-0.999999999999999,3.49840704496667));
#13395=CARTESIAN_POINT('',(0.15,-0.999999999999999,3.49840704496667));
#13396=CARTESIAN_POINT('',(0.15,-0.999999999999999,3.49840704496667));
#13397=CARTESIAN_POINT('',(0.15,-0.999999999999999,3.49840704496667));
#13398=CARTESIAN_POINT('Origin',(0.25,-0.999999999999999,3.39840704496667));
#13399=CARTESIAN_POINT('Origin',(-0.15,-0.999999999999999,3.39840704496667));
#13400=CARTESIAN_POINT('Origin',(0.15,-0.999999999999999,3.39840704496667));
#13401=CARTESIAN_POINT('Origin',(0.15,1.34729725684979,2.05489487385653));
#13402=CARTESIAN_POINT('Origin',(0.15,1.,1.8564392985138));
#13403=CARTESIAN_POINT('Origin',(0.15,0.750772212328634,1.71402341984445));
#13404=CARTESIAN_POINT('Origin',(0.15,0.85,1.54037479141955));
#13405=CARTESIAN_POINT('Origin',(0.15,0.65,1.54037479141955));
#13406=CARTESIAN_POINT('Origin',(0.15,0.65,1.94037479141955));
#13407=CARTESIAN_POINT('Origin',(0.15,0.65,8.88178419700125E-16));
#13408=CARTESIAN_POINT('Origin',(0.15,0.,-9.18485099360515E-18));
#13409=CARTESIAN_POINT('Origin',(0.15,-0.65,-8.75158810201227E-16));
#13410=CARTESIAN_POINT('Origin',(0.15,-0.65,-0.4));
#13411=CARTESIAN_POINT('Origin',(0.15,-0.65,1.54037479141955));
#13412=CARTESIAN_POINT('Origin',(0.15,-0.85,1.54037479141955));
#13413=CARTESIAN_POINT('Origin',(0.15,-0.750772212328634,1.71402341984445));
#13414=CARTESIAN_POINT('Origin',(0.15,-0.403474955478849,1.51556784450171));
#13415=CARTESIAN_POINT('Origin',(0.15,-0.999999999999999,1.8564392985138));
#13416=CARTESIAN_POINT('Origin',(0.15,-0.999999999999999,1.8564392985138));
#13417=CARTESIAN_POINT('Origin',(0.15,-0.999999999999999,1.8564392985138));
#13418=CARTESIAN_POINT('Origin',(0.15,-0.999999999999999,1.4564392985138));
#13419=CARTESIAN_POINT('Origin',(0.15,-0.999999999999999,3.39840704496667));
#13420=CARTESIAN_POINT('Origin',(0.15,-0.999999999999999,3.39840704496667));
#13421=CARTESIAN_POINT('Origin',(0.15,-0.999999999999999,3.39840704496667));
#13422=CARTESIAN_POINT('Origin',(0.15,-1.4,3.39840704496667));
#13423=CARTESIAN_POINT('Origin',(0.15,1.,3.39840704496667));
#13424=CARTESIAN_POINT('Origin',(0.15,1.,3.39840704496667));
#13425=CARTESIAN_POINT('Origin',(0.15,1.,3.39840704496667));
#13426=CARTESIAN_POINT('Origin',(0.15,1.,3.79840704496667));
#13427=CARTESIAN_POINT('Origin',(0.15,1.,1.8564392985138));
#13428=CARTESIAN_POINT('Origin',(0.15,1.,1.8564392985138));
#13429=CARTESIAN_POINT('Origin',(-0.15,-0.999999999999999,1.4564392985138));
#13430=CARTESIAN_POINT('Origin',(-0.15,-0.999999999999999,3.39840704496667));
#13431=CARTESIAN_POINT('Origin',(-0.15,-0.999999999999999,1.8564392985138));
#13432=CARTESIAN_POINT('Origin',(-0.15,-0.999999999999999,3.39840704496667));
#13433=CARTESIAN_POINT('Origin',(-0.15,-0.999999999999999,3.39840704496667));
#13434=CARTESIAN_POINT('Origin',(-0.15,-1.4,3.39840704496667));
#13435=CARTESIAN_POINT('Origin',(-0.15,1.,3.39840704496667));
#13436=CARTESIAN_POINT('Origin',(-0.15,1.,3.39840704496667));
#13437=CARTESIAN_POINT('Origin',(-0.15,1.,3.39840704496667));
#13438=CARTESIAN_POINT('Origin',(-0.15,1.,3.79840704496667));
#13439=CARTESIAN_POINT('Origin',(-0.15,1.,1.8564392985138));
#13440=CARTESIAN_POINT('Origin',(-0.15,1.,1.8564392985138));
#13441=CARTESIAN_POINT('Origin',(-0.15,1.,1.8564392985138));
#13442=CARTESIAN_POINT('Origin',(-0.15,1.34729725684979,2.05489487385653));
#13443=CARTESIAN_POINT('Origin',(-0.15,0.750772212328634,1.71402341984445));
#13444=CARTESIAN_POINT('Origin',(-0.15,0.85,1.54037479141955));
#13445=CARTESIAN_POINT('Origin',(-0.15,0.65,1.54037479141955));
#13446=CARTESIAN_POINT('Origin',(-0.15,0.65,1.94037479141955));
#13447=CARTESIAN_POINT('Origin',(-0.15,0.65,0.));
#13448=CARTESIAN_POINT('Origin',(-0.15,0.,9.18485099360515E-18));
#13449=CARTESIAN_POINT('Origin',(-0.15,-0.65,-8.92871356514335E-16));
#13450=CARTESIAN_POINT('Origin',(-0.15,-0.65,-0.4));
#13451=CARTESIAN_POINT('Origin',(-0.15,-0.65,1.54037479141955));
#13452=CARTESIAN_POINT('Origin',(-0.15,-0.85,1.54037479141955));
#13453=CARTESIAN_POINT('Origin',(-0.15,-0.750772212328634,1.71402341984445));
#13454=CARTESIAN_POINT('Origin',(-0.15,-0.403474955478849,1.51556784450171));
#13455=CARTESIAN_POINT('Origin',(-0.15,-0.999999999999999,1.8564392985138));
#13456=CARTESIAN_POINT('Origin',(-0.15,-0.999999999999999,1.8564392985138));
#13457=CARTESIAN_POINT('Origin',(0.15,0.,-9.18485099360515E-18));
#13458=CARTESIAN_POINT('Origin',(0.15,0.5,0.));
#13459=CARTESIAN_POINT('Origin',(0.15,-0.5,1.29593027084539E-16));
#13460=CARTESIAN_POINT('Origin',(0.15,-0.5,-0.4));
#13461=CARTESIAN_POINT('Origin',(0.15,-0.5,0.8));
#13462=CARTESIAN_POINT('Origin',(0.15,-9.79717439317882E-17,0.8));
#13463=CARTESIAN_POINT('Origin',(0.15,0.5,0.8));
#13464=CARTESIAN_POINT('Origin',(0.15,0.5,1.2));
#13465=CARTESIAN_POINT('Origin',(-0.15,0.,9.18485099360515E-18));
#13466=CARTESIAN_POINT('Origin',(-0.15,-0.5,-5.55111512312578E-17));
#13467=CARTESIAN_POINT('Origin',(-0.15,0.5,3.14496182765523E-16));
#13468=CARTESIAN_POINT('Origin',(-0.15,0.5,1.2));
#13469=CARTESIAN_POINT('Origin',(-0.15,0.5,0.8));
#13470=CARTESIAN_POINT('Origin',(-0.15,-9.79717439317882E-17,0.8));
#13471=CARTESIAN_POINT('Origin',(-0.15,-0.5,0.8));
#13472=CARTESIAN_POINT('Origin',(-0.15,-0.5,-0.4));
#13473=CARTESIAN_POINT('',(0.,0.,0.));
#13474=CARTESIAN_POINT('',(0.,0.,-4.60159295503333));
#13475=CARTESIAN_POINT('',(3.,5.82867087928207E-16,-6.6));
#13476=CARTESIAN_POINT('',(1.6,3.33066907387655E-17,-9.7971745913961E-17));
#13477=CARTESIAN_POINT('',(0.,5.55111512312578E-16,-6.6));
#13478=CARTESIAN_POINT('',(-3.,7.7715611723761E-16,-6.6));
#13479=UNCERTAINTY_MEASURE_WITH_UNIT(LENGTH_MEASURE(0.01),#13491,
'DISTANCE_ACCURACY_VALUE',
'Maximum model space distance between geometric entities at asserted c
onnectivities');
#13480=UNCERTAINTY_MEASURE_WITH_UNIT(LENGTH_MEASURE(0.01),#13491,
'DISTANCE_ACCURACY_VALUE',
'Maximum model space distance between geometric entities at asserted c
onnectivities');
#13481=UNCERTAINTY_MEASURE_WITH_UNIT(LENGTH_MEASURE(0.01),#13491,
'DISTANCE_ACCURACY_VALUE',
'Maximum model space distance between geometric entities at asserted c
onnectivities');
#13482=UNCERTAINTY_MEASURE_WITH_UNIT(LENGTH_MEASURE(0.01),#13491,
'DISTANCE_ACCURACY_VALUE',
'Maximum model space distance between geometric entities at asserted c
onnectivities');
#13483=UNCERTAINTY_MEASURE_WITH_UNIT(LENGTH_MEASURE(0.01),#13491,
'DISTANCE_ACCURACY_VALUE',
'Maximum model space distance between geometric entities at asserted c
onnectivities');
#13484=UNCERTAINTY_MEASURE_WITH_UNIT(LENGTH_MEASURE(0.01),#13491,
'DISTANCE_ACCURACY_VALUE',
'Maximum model space distance between geometric entities at asserted c
onnectivities');
#13485=(
GEOMETRIC_REPRESENTATION_CONTEXT(3)
GLOBAL_UNCERTAINTY_ASSIGNED_CONTEXT((#13479))
GLOBAL_UNIT_ASSIGNED_CONTEXT((#13491,#13493,#13494))
REPRESENTATION_CONTEXT('','3D')
);
#13486=(
GEOMETRIC_REPRESENTATION_CONTEXT(3)
GLOBAL_UNCERTAINTY_ASSIGNED_CONTEXT((#13480))
GLOBAL_UNIT_ASSIGNED_CONTEXT((#13491,#13493,#13494))
REPRESENTATION_CONTEXT('','3D')
);
#13487=(
GEOMETRIC_REPRESENTATION_CONTEXT(3)
GLOBAL_UNCERTAINTY_ASSIGNED_CONTEXT((#13481))
GLOBAL_UNIT_ASSIGNED_CONTEXT((#13491,#13493,#13494))
REPRESENTATION_CONTEXT('','3D')
);
#13488=(
GEOMETRIC_REPRESENTATION_CONTEXT(3)
GLOBAL_UNCERTAINTY_ASSIGNED_CONTEXT((#13482))
GLOBAL_UNIT_ASSIGNED_CONTEXT((#13491,#13493,#13494))
REPRESENTATION_CONTEXT('','3D')
);
#13489=(
GEOMETRIC_REPRESENTATION_CONTEXT(3)
GLOBAL_UNCERTAINTY_ASSIGNED_CONTEXT((#13483))
GLOBAL_UNIT_ASSIGNED_CONTEXT((#13491,#13493,#13494))
REPRESENTATION_CONTEXT('','3D')
);
#13490=(
GEOMETRIC_REPRESENTATION_CONTEXT(3)
GLOBAL_UNCERTAINTY_ASSIGNED_CONTEXT((#13484))
GLOBAL_UNIT_ASSIGNED_CONTEXT((#13491,#13493,#13494))
REPRESENTATION_CONTEXT('','3D')
);
#13491=(
LENGTH_UNIT()
NAMED_UNIT(*)
SI_UNIT(.MILLI.,.METRE.)
);
#13492=(
LENGTH_UNIT()
NAMED_UNIT(*)
SI_UNIT($,.METRE.)
);
#13493=(
NAMED_UNIT(*)
PLANE_ANGLE_UNIT()
SI_UNIT($,.RADIAN.)
);
#13494=(
NAMED_UNIT(*)
SI_UNIT($,.STERADIAN.)
SOLID_ANGLE_UNIT()
);
#13495=SHAPE_DEFINITION_REPRESENTATION(#13500,#13511);
#13496=SHAPE_DEFINITION_REPRESENTATION(#13501,#13512);
#13497=SHAPE_DEFINITION_REPRESENTATION(#13502,#13513);
#13498=SHAPE_DEFINITION_REPRESENTATION(#13503,#13514);
#13499=SHAPE_DEFINITION_REPRESENTATION(#13504,#13515);
#13500=PRODUCT_DEFINITION_SHAPE('',$,#13517);
#13501=PRODUCT_DEFINITION_SHAPE('',$,#13518);
#13502=PRODUCT_DEFINITION_SHAPE('',$,#13519);
#13503=PRODUCT_DEFINITION_SHAPE('',$,#13520);
#13504=PRODUCT_DEFINITION_SHAPE('',$,#13521);
#13505=PRODUCT_DEFINITION_SHAPE($,$,#29);
#13506=PRODUCT_DEFINITION_SHAPE($,$,#30);
#13507=PRODUCT_DEFINITION_SHAPE($,$,#31);
#13508=PRODUCT_DEFINITION_SHAPE($,$,#32);
#13509=PRODUCT_DEFINITION_SHAPE($,$,#33);
#13510=PRODUCT_DEFINITION_SHAPE($,$,#34);
#13511=SHAPE_REPRESENTATION('',(#7333,#8255,#8256,#8257,#8258,#8259,#8260),
#13485);
#13512=SHAPE_REPRESENTATION('',(#7334),#13486);
#13513=SHAPE_REPRESENTATION('',(#7459),#13487);
#13514=SHAPE_REPRESENTATION('',(#7838),#13488);
#13515=SHAPE_REPRESENTATION('',(#8134),#13489);
#13516=PRODUCT_DEFINITION_CONTEXT('part definition',#13533,'design');
#13517=PRODUCT_DEFINITION('SS12F15 v4','SS12F15 v4',#13522,#13516);
#13518=PRODUCT_DEFINITION('Metal part','Metal part',#13523,#13516);
#13519=PRODUCT_DEFINITION('Plastic part','Plastic part',#13524,#13516);
#13520=PRODUCT_DEFINITION('Handle','Handle',#13525,#13516);
#13521=PRODUCT_DEFINITION('Pin','Pin',#13526,#13516);
#13522=PRODUCT_DEFINITION_FORMATION('',$,#13535);
#13523=PRODUCT_DEFINITION_FORMATION('',$,#13536);
#13524=PRODUCT_DEFINITION_FORMATION('',$,#13537);
#13525=PRODUCT_DEFINITION_FORMATION('',$,#13538);
#13526=PRODUCT_DEFINITION_FORMATION('',$,#13539);
#13527=PRODUCT_RELATED_PRODUCT_CATEGORY('SS12F15 v4','SS12F15 v4',(#13535));
#13528=PRODUCT_RELATED_PRODUCT_CATEGORY('Metal part','Metal part',(#13536));
#13529=PRODUCT_RELATED_PRODUCT_CATEGORY('Plastic part','Plastic part',(#13537));
#13530=PRODUCT_RELATED_PRODUCT_CATEGORY('Handle','Handle',(#13538));
#13531=PRODUCT_RELATED_PRODUCT_CATEGORY('Pin','Pin',(#13539));
#13532=APPLICATION_PROTOCOL_DEFINITION('international standard',
'automotive_design',2009,#13533);
#13533=APPLICATION_CONTEXT(
'Core Data for Automotive Mechanical Design Process');
#13534=PRODUCT_CONTEXT('part definition',#13533,'mechanical');
#13535=PRODUCT('SS12F15 v4','SS12F15 v4','STEP AP242',(#13534));
#13536=PRODUCT('Metal part','Metal part','NONE',(#13534));
#13537=PRODUCT('Plastic part','Plastic part','NONE',(#13534));
#13538=PRODUCT('Handle','Handle','NONE',(#13534));
#13539=PRODUCT('Pin','Pin','NONE',(#13534));
#13540=PRESENTATION_STYLE_ASSIGNMENT((#13544));
#13541=PRESENTATION_STYLE_ASSIGNMENT((#13545));
#13542=PRESENTATION_STYLE_ASSIGNMENT((#13546));
#13543=PRESENTATION_STYLE_ASSIGNMENT((#13547));
#13544=SURFACE_STYLE_USAGE(.BOTH.,#13548);
#13545=SURFACE_STYLE_USAGE(.BOTH.,#13549);
#13546=SURFACE_STYLE_USAGE(.BOTH.,#13550);
#13547=SURFACE_STYLE_USAGE(.BOTH.,#13551);
#13548=SURFACE_SIDE_STYLE('',(#13552));
#13549=SURFACE_SIDE_STYLE('',(#13553));
#13550=SURFACE_SIDE_STYLE('',(#13554));
#13551=SURFACE_SIDE_STYLE('',(#13555));
#13552=SURFACE_STYLE_FILL_AREA(#13556);
#13553=SURFACE_STYLE_FILL_AREA(#13557);
#13554=SURFACE_STYLE_FILL_AREA(#13558);
#13555=SURFACE_STYLE_FILL_AREA(#13559);
#13556=FILL_AREA_STYLE('Steel - Satin',(#13560));
#13557=FILL_AREA_STYLE('Opaque(36,36,36)',(#13561));
#13558=FILL_AREA_STYLE('Opaque(255,153,51)',(#13562));
#13559=FILL_AREA_STYLE('Opaque(216,216,216)',(#13563));
#13560=FILL_AREA_STYLE_COLOUR('Steel - Satin',#13564);
#13561=FILL_AREA_STYLE_COLOUR('Opaque(36,36,36)',#13565);
#13562=FILL_AREA_STYLE_COLOUR('Opaque(255,153,51)',#13566);
#13563=FILL_AREA_STYLE_COLOUR('Opaque(216,216,216)',#13567);
#13564=COLOUR_RGB('Steel - Satin',0.627450980392157,0.627450980392157,0.627450980392157);
#13565=COLOUR_RGB('Opaque(36,36,36)',0.141176470588235,0.141176470588235,
0.141176470588235);
#13566=COLOUR_RGB('Opaque(255,153,51)',1.,0.6,0.2);
#13567=COLOUR_RGB('Opaque(216,216,216)',0.847058823529412,0.847058823529412,
0.847058823529412);
ENDSEC;
END-ISO-10303-21;
