#VRML V2.0 utf8
# 3D model generated by easyeda2kicad.py (https://github.com/uPesy/easyeda2kicad.py)

Shape{
    appearance Appearance {
        material  Material 	{
            diffuseColor 0.25098039215686274 0.25098039215686274 0.25098039215686274
            specularColor 0.12549019607843137 0.12549019607843137 0.12549019607843137
            ambientIntensity 0.251
            transparency 0.0
            shininess 0.5
        }
    }
    geometry IndexedFaceSet {
        ccw TRUE
        solid FALSE
        coord DEF co Coordinate {
            point [
                0.9435 0.5552 0.5143, 0.9435 0.5539 0.5141, 0.9435 0.5631 0.5141, 0.9646 -0.7677 0.3642, 0.9646 -0.2371 0.3642, 0.9455 -0.2371 0.4996, 0.9389 0.6138 0.5469, 0.9429 0.6146 0.5186, 0.9368 0.6181 0.5616, 0.9435 0.6181 0.5141, 0.9434 0.6146 0.5145, 0.9435 0.6064 0.5141, 0.9411 0.5995 0.531, 0.9429 0.5995 0.5186, 0.9411 0.6064 0.531, 0.9429 0.6064 0.5186, 0.9411 0.6127 0.531, 0.9405 0.6127 0.5352, 0.9405 0.6064 0.5352, 0.9389 0.6064 0.5469, 0.9405 0.5995 0.5352, 0.9389 0.5995 0.5469, 0.9434 0.6064 0.5145, 0.9434 0.5947 0.5145, 0.9435 0.5922 0.5141, 0.9383 0.5947 0.5512, 0.9339 0.6317 0.5827, 0.9339 0.6181 0.5827, 0.9353 0.6355 0.5727, 0.9353 0.6408 0.5727, 0.9301 0.6267 0.6094, 0.9368 0.74 0.5616, 0.9301 0.7332 0.6097, 0.9301 0.6181 0.6097, 0.9301 0.6216 0.6094, 0.9314 0.6181 0.6005, 0.9383 0.668 0.5512, 0.9383 0.6731 0.5512, 0.9418 0.6507 0.5264, 0.9423 0.6488 0.5226, 0.9434 0.6539 0.5145, 0.9427 0.6462 0.5196, 0.9428 0.6459 0.5193, 0.9392 0.6479 0.5446, 0.9397 0.6501 0.5413, 0.9383 0.6322 0.5512, 0.9384 0.6384 0.5504, 0.939 0.6462 0.5463, 0.9402 0.6514 0.5377, 0.9408 0.6518 0.5333, 0.9412 0.6517 0.5306, 0.9431 0.6423 0.5168, 0.9433 0.6381 0.5152, 0.9434 0.6318 0.5145, 0.9386 0.6428 0.5487, 0.942 0.6782 0.5245, 0.942 0.6627 0.5245, 0.9434 0.682 0.5145, 0.9434 0.6592 0.5145, 0.9435 0.7466 0.5141, 0.9434 0.6872 0.5145, 0.9434 0.6216 0.5145, 0.9383 0.6216 0.5512, 0.9455 -0.7487 0.4996, 0.9435 -0.2371 0.5141, 0.9435 -0.7466 0.5141, 0.9368 -0.2371 0.5616, 0.9368 -0.74 0.5616, 0.9301 -0.2371 0.6097, 0.9238 -0.2371 0.6541, 0.9301 -0.6885 0.6097, 0.9238 -0.6296 0.6541, 0.9301 0.5461 0.6097, 0.9301 0.5359 0.6097, 0.9301 0.5373 0.6096, 0.9302 0.5409 0.6085, 0.9309 0.5409 0.6036, 0.9368 0.5461 0.5616, 0.9347 0.5332 0.5764, 0.9346 0.5374 0.5772, 0.9328 0.5181 0.5903, 0.9344 0.5409 0.5788, 0.9327 0.5181 0.5906, 0.9313 0.5215 0.601, 0.9317 0.5198 0.5984, 0.9321 0.5186 0.5951, 0.935 0.5409 0.5742, 0.9351 0.5402 0.5739, 0.9352 0.5243 0.573, 0.935 0.5208 0.5747, 0.9368 0.5148 0.5616, 0.9346 0.5179 0.5771, 0.9346 0.5175 0.5775, 0.9309 0.5402 0.6039, 0.9307 0.5364 0.6053, 0.9343 0.5225 0.5795, 0.9345 0.5249 0.5778, 0.9306 0.5321 0.6057, 0.9306 0.5305 0.6057, 0.9307 0.5273 0.605, 0.9342 0.5218 0.5802, 0.9334 0.5187 0.5858, 0.9338 0.5199 0.5828, 0.9347 0.5275 0.5767, 0.9348 0.5313 0.5763, 0.9353 0.5363 0.5726, 0.9353 0.5306 0.5721, 0.9353 0.5283 0.5722, 0.9309 0.5244 0.6036, 0.9312 0.522 0.6017, 0.93 0.5325 0.61, 0.9238 0.5461 0.6541, 0.93 0.5321 0.61, 0.9238 0.5148 0.6541, 0.9301 0.529 0.6097, 0.9301 0.5148 0.6097, 0.9303 0.5235 0.6082, 0.9301 0.5275 0.6096, 0.9312 0.516 0.6014, 0.9308 0.5185 0.6046, 0.9306 0.5198 0.6058, 0.9341 0.5153 0.5806, 0.934 0.5148 0.582, 0.9368 0.5125 0.5616, 0.9301 0.5125 0.6097, 0.9318 0.5141 0.5974, 0.9316 0.5148 0.5988, 0.9336 0.5138 0.5845, 0.9328 0.5131 0.5903, 0.9324 0.5132 0.5927, 0.9301 0.5674 0.6094, 0.9301 0.5717 0.6097, 0.9301 0.5631 0.6097, 0.9329 0.5531 0.5892, 0.9347 0.5531 0.5769, 0.9329 0.5631 0.5892, 0.9347 0.5631 0.5769, 0.9329 0.5663 0.5892, 0.9347 0.5682 0.5769, 0.9323 0.5663 0.5934, 0.9307 0.5674 0.6052, 0.9323 0.5631 0.5934, 0.9307 0.5631 0.6052, 0.9323 0.5531 0.5934, 0.9307 0.5531 0.6052, 0.9368 0.5717 0.5616, 0.9353 0.5682 0.5727, 0.9368 0.5631 0.5616, 0.9353 0.5631 0.5727, 0.9353 0.5483 0.5727, 0.9301 0.5483 0.6094, 0.9301 0.5631 0.6094, 0.9353 0.5854 0.5727, 0.9353 0.5752 0.5727, 0.9301 0.5858 0.6094, 0.9301 0.5922 0.6097, 0.9301 0.5752 0.6094, 0.9336 0.6043 0.5846, 0.9341 0.6024 0.5809, 0.9368 0.6064 0.5616, 0.9308 0.5998 0.6045, 0.931 0.6015 0.6029, 0.9301 0.6064 0.6097, 0.933 0.6053 0.5889, 0.9302 0.592 0.6087, 0.9302 0.5922 0.6086, 0.9304 0.5964 0.6069, 0.9349 0.5959 0.575, 0.9368 0.5922 0.5616, 0.9351 0.5922 0.5736, 0.9352 0.5916 0.5734, 0.9345 0.5998 0.5778, 0.9346 0.5995 0.5775, 0.9315 0.6037 0.5996, 0.932 0.6049 0.5959, 0.9326 0.6054 0.5915, 0.9353 0.6075 0.5727, 0.9353 0.6127 0.5727, 0.9339 0.6163 0.5827, 0.9419 0.5172 0.5253, 0.9417 0.5182 0.5268, 0.9406 0.519 0.5344, 0.9434 0.5291 0.5148, 0.9435 0.5274 0.5141, 0.9434 0.5331 0.5145, 0.9402 0.5293 0.5374, 0.9402 0.5277 0.5375, 0.9413 0.5252 0.53, 0.9432 0.5307 0.5159, 0.9435 0.5148 0.5141, 0.943 0.5172 0.5178, 0.9428 0.5167 0.5194, 0.9415 0.5195 0.528, 0.9414 0.5214 0.529, 0.9404 0.5222 0.5364, 0.9402 0.5251 0.5373, 0.9434 0.5203 0.5148, 0.9435 0.522 0.5142, 0.9435 0.5221 0.5141, 0.9432 0.5187 0.5159, 0.9432 0.5182 0.5164, 0.9425 0.5164 0.5215, 0.9422 0.5166 0.5236, 0.9429 0.5331 0.5185, 0.9429 0.5329 0.5185, 0.943 0.5322 0.5174, 0.94 0.519 0.5388, 0.9399 0.5203 0.5396, 0.9397 0.5239 0.5408, 0.9413 0.5453 0.5295, 0.9412 0.5447 0.5304, 0.9411 0.5377 0.5313, 0.941 0.5442 0.5318, 0.9405 0.5372 0.5352, 0.9408 0.544 0.5336, 0.9411 0.5331 0.5311, 0.9408 0.5329 0.5332, 0.9406 0.5324 0.5348, 0.9405 0.5319 0.5357, 0.9414 0.5461 0.5287, 0.9426 0.544 0.5201, 0.9415 0.5461 0.5286, 0.9428 0.5458 0.519, 0.9428 0.5461 0.5189, 0.9397 0.5281 0.5413, 0.9397 0.5281 0.5413, 0.9397 0.5314 0.5409, 0.9398 0.5332 0.5403, 0.9399 0.5347 0.5393, 0.9401 0.5456 0.538, 0.9404 0.5312 0.5365, 0.9403 0.5303 0.537, 0.9405 0.5442 0.5352, 0.9403 0.5448 0.5367, 0.9403 0.5365 0.5372, 0.9401 0.5355 0.5386, 0.9435 0.5248 0.5138, 0.9455 0.5148 0.4996, 0.9435 0.5272 0.5141, 0.9455 0.5461 0.4996, 0.9433 0.544 0.5154, 0.9434 0.5377 0.5145, 0.9434 0.5461 0.5146, 0.9435 0.5461 0.5141, 0.9435 0.5473 0.5142, 0.9435 0.5481 0.5141, 0.9435 0.5512 0.5138, 0.9455 0.5631 0.4996, 0.9398 0.5606 0.5401, 0.9405 0.5606 0.5356, 0.94 0.547 0.5392, 0.9399 0.5481 0.5399, 0.9401 0.5461 0.5384, 0.9427 0.5617 0.5197, 0.9429 0.5611 0.5183, 0.9431 0.5602 0.5171, 0.9397 0.5506 0.5408, 0.9397 0.5543 0.5413, 0.9397 0.5571 0.5411, 0.9418 0.5603 0.5259, 0.942 0.5612 0.5247, 0.9422 0.5617 0.5233, 0.9424 0.5619 0.5216, 0.9432 0.5589 0.5159, 0.9433 0.5577 0.5152, 0.9402 0.5539 0.5375, 0.9402 0.5525 0.5374, 0.9407 0.5488 0.534, 0.9403 0.5513 0.5371, 0.9403 0.5502 0.5366, 0.9408 0.5488 0.5334, 0.9409 0.549 0.5327, 0.941 0.5494 0.5321, 0.941 0.5498 0.5316, 0.9412 0.5515 0.5306, 0.9403 0.5569 0.5372, 0.9414 0.5543 0.5293, 0.9404 0.5595 0.5362, 0.9415 0.5561 0.5286, 0.9417 0.5592 0.5269, 0.9404 0.5495 0.536, 0.9405 0.5491 0.5354, 0.9406 0.5489 0.5347, 0.943 0.5487 0.5179, 0.9418 0.5511 0.526, 0.9416 0.5483 0.5272, 0.943 0.5516 0.5176, 0.943 0.5518 0.5176, 0.942 0.5541 0.5247, 0.943 0.5542 0.5179, 0.9425 0.5571 0.5211, 0.9424 0.5571 0.5217, 0.9429 0.5554 0.5183, 0.9429 0.5558 0.5185, 0.9428 0.5564 0.519, 0.9427 0.5568 0.5196, 0.9426 0.557 0.5203, 0.9423 0.5569 0.5224, 0.9422 0.5565 0.523, 0.9422 0.5559 0.5236, 0.9398 0.5849 0.5407, 0.9398 0.5897 0.5407, 0.9383 0.6064 0.5512, 0.9383 0.6138 0.5512, 0.9425 0.5764 0.521, 0.9428 0.577 0.5188, 0.9428 0.5771 0.5188, 0.9407 0.5717 0.5343, 0.9425 0.5777 0.5209, 0.9427 0.5773 0.5197, 0.9424 0.5717 0.5219, 0.9398 0.5643 0.5407, 0.9398 0.5695 0.5407, 0.9435 0.5745 0.5141, 0.9434 0.5747 0.5145, 0.9443 0.5717 0.5081, 0.9443 0.5717 0.5081, 0.9435 0.5717 0.5141, 0.9441 0.5726 0.5097, 0.9446 0.5652 0.5066, 0.9451 0.5652 0.5025, 0.9446 0.5662 0.5063, 0.9446 0.5679 0.506, 0.9446 0.569 0.5062, 0.9451 0.5717 0.5029, 0.9452 0.5701 0.5023, 0.9455 0.5717 0.4996, 0.9452 0.5682 0.5021, 0.9452 0.5672 0.5021, 0.9446 0.57 0.5065, 0.9445 0.5709 0.5071, 0.944 0.5777 0.5105, 0.9446 0.5756 0.5064, 0.9455 0.5922 0.4996, 0.9435 0.5791 0.5141, 0.9449 0.5739 0.5044, 0.9449 0.5736 0.5041, 0.9451 0.5719 0.503, 0.9295 0.4096 0.6135, 0.9301 0.4153 0.6097, 0.9301 0.4769 0.6097, 0.9306 0.4214 0.6057, 0.932 0.4301 0.5957, 0.9368 0.4596 0.5616, 0.9368 0.4769 0.5616, 0.936 0.4573 0.5674, 0.935 0.4519 0.5748, 0.9341 0.4447 0.5808, 0.9335 0.4356 0.5851, 0.9336 0.4369 0.5846, 0.9287 0.3855 0.6192, 0.9289 0.3964 0.6181, 0.9238 0.4769 0.6541, 0.9289 0.3725 0.6177, 0.9296 0.3603 0.613, 0.9301 0.3549 0.6097, 0.9301 0.3539 0.6091, 0.9354 -0.7385 0.572, 0.9368 0.2942 0.5616, 0.9359 0.2954 0.5681, 0.9346 0.2996 0.5775, 0.9335 0.3059 0.5856, 0.9319 0.3258 0.5968, 0.9317 0.3362 0.5981, 0.9309 0.3477 0.6038, 0.9317 0.3393 0.5979, 0.9318 0.3423 0.5976, 0.9332 0.3077 0.5872, 0.9324 0.3161 0.5931, 0.9426 0.3128 0.5204, 0.9416 0.3046 0.5274, 0.9404 0.2986 0.5359, 0.9433 0.3223 0.5158, 0.9435 0.326 0.5141, 0.9434 0.3257 0.5149, 0.9391 0.2948 0.5456, 0.9376 0.2935 0.5558, 0.9373 0.2936 0.5583, 0.9454 0.3374 0.5006, 0.9449 0.3323 0.5044, 0.9442 0.3283 0.5092, 0.9455 0.4769 0.4996, 0.9455 0.3616 0.4996, 0.9646 0.4769 0.3642, 0.9458 0.3571 0.4979, 0.9459 0.3507 0.4971, 0.9459 0.3497 0.4971, 0.9457 0.3435 0.4981, 0.9455 0.3398 0.4996, 0.9435 0.4769 0.5141, 0.9435 0.3754 0.5141, 0.9435 0.3754 0.514, 0.9443 0.3723 0.5082, 0.945 0.3683 0.5037, 0.9455 0.363 0.5001, 0.9413 0.4091 0.5295, 0.9412 0.4109 0.5303, 0.9391 0.414 0.5451, 0.9418 0.4519 0.5261, 0.9427 0.4448 0.5201, 0.9398 0.3705 0.5407, 0.9372 0.4058 0.559, 0.9392 0.3659 0.5449, 0.9388 0.3603 0.5478, 0.9415 0.4075 0.5284, 0.9408 0.4572 0.5333, 0.938 0.4452 0.5531, 0.9373 0.4439 0.5581, 0.9368 0.4419 0.5616, 0.9368 0.3108 0.5616, 0.9371 0.4605 0.5594, 0.9383 0.4617 0.5509, 0.9396 0.4605 0.5416, 0.9412 0.4129 0.5305, 0.9412 0.4132 0.5305, 0.9412 0.414 0.5303, 0.939 0.3124 0.5459, 0.9398 0.3155 0.5407, 0.9401 0.3289 0.5379, 0.9404 0.3202 0.5359, 0.9409 0.326 0.5323, 0.9389 0.3386 0.5466, 0.9395 0.3332 0.5429, 0.9376 0.3101 0.5563, 0.9381 0.3105 0.5523, 0.9386 0.3444 0.5488, 0.9385 0.3507 0.5496, 0.9385 0.3539 0.5494, 0.9423 0.4048 0.5224, 0.9422 0.4048 0.5234, 0.9418 0.3771 0.5258, 0.9419 0.4054 0.5254, 0.9417 0.4064 0.5272, 0.9403 0.44 0.5368, 0.9397 0.4429 0.5409, 0.9391 0.4447 0.5455, 0.9384 0.4453 0.5506, 0.9434 0.4109 0.5146, 0.9433 0.4092 0.5152, 0.9432 0.4075 0.5164, 0.9431 0.4069 0.5171, 0.9428 0.4057 0.5187, 0.9426 0.405 0.5205, 0.9426 0.3769 0.5204, 0.9422 0.3771 0.5232, 0.9432 0.4367 0.5162, 0.9435 0.428 0.5143, 0.9435 0.4124 0.5143, 0.9412 0.4145 0.5302, 0.9412 0.4264 0.5302, 0.9411 0.4311 0.5312, 0.9408 0.4358 0.5333, 0.9404 0.4397 0.5365, 0.9333 0.417 0.5867, 0.9323 0.411 0.5937, 0.9344 0.3505 0.5785, 0.9322 0.4104 0.5943, 0.9315 0.403 0.5994, 0.9333 0.3545 0.5868, 0.9343 0.3486 0.5795, 0.934 0.3427 0.5817, 0.9356 0.4291 0.5705, 0.9355 0.4248 0.571, 0.9355 0.4227 0.571, 0.9345 0.4211 0.5783, 0.9367 0.4414 0.5626, 0.9362 0.4379 0.5663, 0.9358 0.4337 0.5689, 0.9341 0.3272 0.5808, 0.9346 0.3213 0.5777, 0.9339 0.3337 0.5823, 0.9351 0.3169 0.5737, 0.9359 0.3132 0.5685, 0.9323 0.3604 0.5938, 0.9311 0.3947 0.6025, 0.9316 0.3675 0.5989, 0.9309 0.3858 0.6036, 0.9311 0.3761 0.6023, 0.9339 0.3365 0.5824, 0.9367 0.3109 0.5627, 0.9455 0.7487 0.4996, 0.9455 0.6181 0.4996, 0.9455 0.6064 0.4996, 0.9238 0.727 0.6541, 0.9238 0.6181 0.6541, 0.9238 0.6064 0.6541, 0.9238 0.5922 0.6541, 0.9238 0.5717 0.6541, 0.9238 0.5631 0.6541, 0.9646 0.7677 0.3642, 0.9646 0.6181 0.3642, 0.9646 0.6064 0.3642, 0.9646 0.5922 0.3642, 0.9646 0.5717 0.3642, 0.9646 0.5631 0.3642, 0.9646 0.5461 0.3642, 0.9646 0.5148 0.3642, 0.9646 0.5125 0.3642, 0.9455 0.5125 0.4996, 0.9435 0.5125 0.5141, 0.9429 0.512 0.5186, 0.9434 0.512 0.5145, 0.9434 0.492 0.5145, 0.9389 0.5111 0.5469, 0.9383 0.492 0.5512, 0.9383 0.5111 0.5512, 0.9411 0.4968 0.531, 0.9429 0.4968 0.5186, 0.9411 0.5101 0.531, 0.9405 0.5101 0.5352, 0.9405 0.4968 0.5352, 0.9389 0.4968 0.5469, 0.9301 0.4968 0.6094, 0.9347 0.4968 0.5769, 0.9347 0.5116 0.5769, 0.9353 0.5116 0.5727, 0.9353 0.492 0.5727, 0.9301 0.492 0.6094, 0.9238 0.5125 0.6541, 0.9189 0.7221 0.689, 0.9189 0.6181 0.689, 0.9189 0.6064 0.689, 0.9189 0.5922 0.689, 0.9189 0.5717 0.689, 0.9189 0.5631 0.689, 0.9189 0.5461 0.689, 0.9189 0.5148 0.689, 0.9189 0.5125 0.689, 0.9189 0.4769 0.689, 0.9189 -0.2371 0.689, 0.9189 -0.5833 0.689, -0.6496 0.4724 0.0394, -0.9189 0.7221 0.0394, 0.6496 0.4724 0.0394, 0.9189 0.7221 0.0394, 0.6496 -0.4724 0.0394, 0.9189 -0.7221 0.0394, -0.6496 -0.4724 0.0394, -0.9189 -0.7221 0.0394, -0.9646 0.7677 0.3642, -0.8307 0.7677 0.3642, -0.8307 0.7622 0.3248, -0.6693 0.7622 0.3248, -0.1693 0.7622 0.3248, -0.1693 0.7677 0.3642, 0.1693 0.7677 0.3642, 0.1693 0.7622 0.3248, 0.3307 0.7622 0.3248, -0.3307 0.7622 0.3248, -0.3307 0.7677 0.3642, -0.6693 0.7677 0.3642, 0.8307 0.7677 0.3642, 0.8307 0.7622 0.3248, 0.6693 0.7622 0.3248, 0.6693 0.7677 0.3642, 0.3307 0.7677 0.3642, 0.1693 0.7627 0.3996, 0.6693 0.7627 0.3996, 0.8307 0.7627 0.3996, -0.3307 0.7627 0.3996, -0.6693 0.7627 0.3996, -0.1693 0.7627 0.3996, 0.3307 0.7627 0.3996, -0.8307 0.7627 0.3996, -0.9189 0.7221 0.689, 0.8307 -0.7677 0.3642, 0.8307 -0.7622 0.3248, -0.3307 -0.7622 0.3248, -0.3307 -0.7677 0.3642, -0.6693 -0.7677 0.3642, 0.6693 -0.7677 0.3642, 0.3307 -0.7677 0.3642, 0.6693 -0.7622 0.3248, 0.3307 -0.7622 0.3248, 0.1693 -0.7622 0.3248, -0.8307 -0.7677 0.3642, -0.9646 -0.7677 0.3642, -0.8307 -0.7622 0.3248, -0.6693 -0.7622 0.3248, -0.1693 -0.7622 0.3248, -0.1693 -0.7677 0.3642, 0.1693 -0.7677 0.3642, -0.1693 -0.7627 0.3996, -0.9354 -0.7385 0.572, -0.8307 -0.7627 0.3996, -0.6693 -0.7627 0.3996, 0.3307 -0.7627 0.3996, 0.6693 -0.7627 0.3996, 0.1693 -0.7627 0.3996, -0.3307 -0.7627 0.3996, 0.8307 -0.7627 0.3996, -0.9189 -0.5833 0.689, -0.7247 -0.4376 0.689, -0.7463 -0.4286 0.689, -0.7648 -0.4144 0.689, -0.7791 -0.3959 0.689, -0.788 -0.3743 0.689, -0.6383 -0.4144 0.689, -0.624 -0.3959 0.689, -0.6151 -0.3743 0.689, -0.6568 -0.4286 0.689, -0.6784 -0.4376 0.689, -0.7015 -0.4406 0.689, -0.6383 -0.2878 0.689, -0.624 -0.3064 0.689, -0.6151 -0.3279 0.689, -0.612 -0.3511 0.689, -0.791 -0.3511 0.689, -0.788 -0.3279 0.689, -0.7791 -0.3064 0.689, -0.7648 -0.2878 0.689, -0.7463 -0.2736 0.689, -0.7247 -0.2647 0.689, -0.7015 -0.2616 0.689, -0.6784 -0.2647 0.689, -0.6568 -0.2736 0.689
            ]
        }
        coordIndex [
            0,1,2,-1,3,4,5,-1,6,7,8,-1,8,7,9,-1,9,7,10,-1,9,10,11,-1,12,13,14,-1,14,13,15,-1,14,15,16,-1,16,15,7,-1,16,7,17,-1,17,7,6,-1,17,6,18,-1,18,6,19,-1,18,19,20,-1,20,19,21,-1,10,22,11,-1,11,22,23,-1,11,23,24,-1,24,23,25,-1,26,27,28,-1,28,27,8,-1,28,8,29,-1,30,29,31,-1,31,32,30,-1,30,32,33,-1,30,33,34,-1,34,33,35,-1,8,36,37,-1,38,39,40,-1,40,39,41,-1,40,41,42,-1,43,44,36,-1,8,45,46,-1,43,36,47,-1,44,48,36,-1,36,48,49,-1,36,49,40,-1,40,49,50,-1,40,50,38,-1,42,51,40,-1,40,51,52,-1,40,52,53,-1,8,46,36,-1,36,46,54,-1,36,54,47,-1,55,56,57,-1,57,56,58,-1,57,58,59,-1,29,8,31,-1,31,8,37,-1,31,37,59,-1,59,37,60,-1,59,60,57,-1,58,40,59,-1,59,40,53,-1,59,53,9,-1,9,53,61,-1,9,61,8,-1,8,61,62,-1,8,62,45,-1,3,5,63,-1,63,5,64,-1,63,64,65,-1,65,64,66,-1,65,66,67,-1,68,69,70,-1,70,69,71,-1,72,73,74,-1,74,75,72,-1,72,75,76,-1,72,76,77,-1,78,79,80,-1,80,79,81,-1,80,81,82,-1,83,84,81,-1,81,84,85,-1,81,85,82,-1,81,86,77,-1,77,86,87,-1,88,89,90,-1,90,89,91,-1,90,91,92,-1,77,76,81,-1,81,76,93,-1,81,93,94,-1,80,95,96,-1,94,97,81,-1,81,97,98,-1,81,98,99,-1,95,80,100,-1,100,80,101,-1,100,101,102,-1,96,103,80,-1,80,103,104,-1,80,104,78,-1,87,105,77,-1,77,105,106,-1,77,106,90,-1,90,106,107,-1,90,107,88,-1,99,108,81,-1,81,108,109,-1,81,109,83,-1,110,111,112,-1,112,111,113,-1,112,113,114,-1,115,116,117,-1,118,119,115,-1,115,119,120,-1,115,120,116,-1,92,121,90,-1,90,121,122,-1,90,122,123,-1,124,125,115,-1,115,125,126,-1,115,126,118,-1,122,127,123,-1,123,127,128,-1,123,128,124,-1,124,128,129,-1,124,129,125,-1,130,131,132,-1,133,134,135,-1,135,134,136,-1,135,136,137,-1,137,136,138,-1,137,138,139,-1,139,138,140,-1,139,140,141,-1,141,140,142,-1,141,142,143,-1,143,142,144,-1,130,140,131,-1,131,140,138,-1,131,138,145,-1,145,138,146,-1,145,146,147,-1,147,146,148,-1,147,148,77,-1,77,148,149,-1,77,149,72,-1,72,149,150,-1,72,150,132,-1,132,150,151,-1,132,151,130,-1,152,153,145,-1,154,155,131,-1,145,153,131,-1,131,153,156,-1,131,156,154,-1,157,158,159,-1,160,161,162,-1,157,159,163,-1,154,164,155,-1,155,164,165,-1,155,165,162,-1,162,165,166,-1,162,166,160,-1,159,167,168,-1,168,167,169,-1,168,169,170,-1,158,171,159,-1,159,171,172,-1,159,172,167,-1,161,173,162,-1,162,173,174,-1,162,174,175,-1,176,159,177,-1,177,159,8,-1,177,8,178,-1,178,8,27,-1,35,33,176,-1,176,33,162,-1,176,162,159,-1,159,162,175,-1,159,175,163,-1,179,180,181,-1,182,183,184,-1,185,186,187,-1,182,184,188,-1,189,190,191,-1,180,192,181,-1,181,192,193,-1,181,193,194,-1,194,193,187,-1,194,187,195,-1,195,187,186,-1,196,189,197,-1,197,189,198,-1,196,199,189,-1,189,199,200,-1,189,200,190,-1,201,202,90,-1,203,204,184,-1,184,204,205,-1,184,205,188,-1,179,181,202,-1,202,181,206,-1,202,206,90,-1,90,206,207,-1,90,207,208,-1,209,210,211,-1,211,210,212,-1,211,212,213,-1,213,212,214,-1,215,216,187,-1,187,216,217,-1,187,217,218,-1,219,220,221,-1,221,220,222,-1,221,222,223,-1,208,224,90,-1,90,224,225,-1,90,225,226,-1,227,228,229,-1,218,230,187,-1,187,230,231,-1,187,231,185,-1,214,232,213,-1,213,232,233,-1,213,233,234,-1,234,233,229,-1,234,229,235,-1,235,229,228,-1,236,237,238,-1,238,237,239,-1,238,239,183,-1,219,209,220,-1,220,209,211,-1,220,211,240,-1,240,211,241,-1,240,241,242,-1,242,241,243,-1,242,243,244,-1,244,243,245,-1,246,245,239,-1,239,245,243,-1,239,243,183,-1,183,243,241,-1,183,241,184,-1,246,239,1,-1,1,239,247,-1,1,247,2,-1,248,249,2,-1,250,251,77,-1,226,227,90,-1,90,227,229,-1,90,229,77,-1,77,229,252,-1,77,252,250,-1,253,254,2,-1,2,254,255,-1,251,256,77,-1,77,256,257,-1,77,257,147,-1,147,257,258,-1,147,258,248,-1,259,260,249,-1,249,260,261,-1,249,261,2,-1,2,261,262,-1,2,262,253,-1,255,263,2,-1,2,263,264,-1,2,264,0,-1,265,266,267,-1,267,266,268,-1,267,268,269,-1,267,270,265,-1,265,270,271,-1,265,271,272,-1,272,273,265,-1,265,273,274,-1,265,274,275,-1,275,274,276,-1,275,276,277,-1,277,276,278,-1,277,278,249,-1,249,278,279,-1,249,279,259,-1,280,281,269,-1,269,281,282,-1,269,282,267,-1,283,284,223,-1,223,284,285,-1,223,285,221,-1,283,286,284,-1,284,286,287,-1,284,287,288,-1,288,287,289,-1,288,290,291,-1,289,292,288,-1,288,292,293,-1,288,293,294,-1,294,295,288,-1,288,295,296,-1,288,296,290,-1,291,297,288,-1,288,297,298,-1,288,298,299,-1,300,301,168,-1,301,24,168,-1,168,24,25,-1,168,25,159,-1,159,25,302,-1,159,302,8,-1,8,302,303,-1,8,303,6,-1,304,305,306,-1,170,152,168,-1,168,152,145,-1,168,145,300,-1,300,145,307,-1,300,307,308,-1,308,307,304,-1,308,304,309,-1,309,304,306,-1,310,311,2,-1,248,2,147,-1,147,2,311,-1,147,311,145,-1,145,311,312,-1,145,312,307,-1,313,314,310,-1,315,316,317,-1,317,316,318,-1,317,318,313,-1,313,310,317,-1,317,310,2,-1,317,2,319,-1,319,2,247,-1,319,247,320,-1,319,321,317,-1,317,321,322,-1,317,322,323,-1,324,325,326,-1,326,325,327,-1,326,327,247,-1,247,327,328,-1,247,328,320,-1,323,329,317,-1,317,329,330,-1,317,330,315,-1,331,332,333,-1,331,333,334,-1,332,335,333,-1,333,335,336,-1,333,336,326,-1,326,336,337,-1,326,337,324,-1,338,339,340,-1,340,339,341,-1,340,341,342,-1,343,344,345,-1,345,344,340,-1,345,340,346,-1,346,340,347,-1,342,348,340,-1,340,348,349,-1,340,349,347,-1,350,351,352,-1,350,352,353,-1,353,352,69,-1,353,69,354,-1,354,69,355,-1,355,69,68,-1,355,68,356,-1,357,67,70,-1,70,67,66,-1,70,66,68,-1,68,66,358,-1,358,359,68,-1,68,359,360,-1,68,360,361,-1,68,362,356,-1,356,362,363,-1,356,363,364,-1,364,363,365,-1,364,365,366,-1,361,367,68,-1,68,367,368,-1,68,368,362,-1,369,370,64,-1,64,370,371,-1,369,64,372,-1,372,64,373,-1,372,373,374,-1,371,375,64,-1,64,375,376,-1,64,376,66,-1,66,376,377,-1,66,377,358,-1,378,379,64,-1,64,379,380,-1,64,380,373,-1,381,382,383,-1,383,382,384,-1,384,385,383,-1,383,385,386,-1,383,386,387,-1,378,64,388,-1,388,64,5,-1,388,5,387,-1,387,5,4,-1,387,4,383,-1,389,390,381,-1,381,390,391,-1,381,391,392,-1,392,393,381,-1,381,393,394,-1,381,394,382,-1,395,396,397,-1,398,399,389,-1,400,401,402,-1,402,401,403,-1,395,397,404,-1,398,389,405,-1,406,407,401,-1,401,407,408,-1,401,408,409,-1,343,410,344,-1,344,410,411,-1,344,411,389,-1,389,411,412,-1,389,412,405,-1,396,413,397,-1,397,413,414,-1,397,414,415,-1,416,417,418,-1,418,417,419,-1,418,419,420,-1,421,409,422,-1,422,409,423,-1,422,423,418,-1,418,423,424,-1,418,424,416,-1,421,425,409,-1,409,425,426,-1,409,426,401,-1,401,426,427,-1,401,427,403,-1,428,429,430,-1,430,429,431,-1,430,431,397,-1,397,431,432,-1,397,432,404,-1,433,434,397,-1,397,434,435,-1,397,435,401,-1,401,435,436,-1,401,436,406,-1,437,438,390,-1,390,438,439,-1,390,439,440,-1,440,441,390,-1,390,441,442,-1,390,442,443,-1,443,442,428,-1,443,428,444,-1,444,428,430,-1,399,445,389,-1,389,445,446,-1,389,446,390,-1,390,446,447,-1,390,447,437,-1,415,448,397,-1,397,448,449,-1,397,449,450,-1,450,451,397,-1,397,451,452,-1,397,452,433,-1,453,454,455,-1,454,456,455,-1,455,456,457,-1,455,457,458,-1,408,455,409,-1,409,455,459,-1,409,459,460,-1,461,462,408,-1,408,462,463,-1,408,463,455,-1,455,463,464,-1,455,464,453,-1,465,466,408,-1,408,466,467,-1,408,467,461,-1,468,469,470,-1,470,469,471,-1,470,471,472,-1,458,457,473,-1,473,457,474,-1,473,474,475,-1,475,474,476,-1,475,476,477,-1,460,478,409,-1,409,478,470,-1,409,470,479,-1,479,470,472,-1,480,59,481,-1,481,59,9,-1,481,9,482,-1,482,9,11,-1,482,11,333,-1,333,11,24,-1,333,24,334,-1,334,24,301,-1,32,483,33,-1,33,483,484,-1,33,484,162,-1,162,484,485,-1,162,485,155,-1,155,485,486,-1,155,486,131,-1,131,486,487,-1,131,487,132,-1,132,487,488,-1,132,488,72,-1,72,488,111,-1,72,111,73,-1,73,111,110,-1,489,480,490,-1,490,480,481,-1,490,481,491,-1,491,481,482,-1,491,482,492,-1,492,482,333,-1,492,333,493,-1,493,333,326,-1,493,326,494,-1,494,326,247,-1,494,247,495,-1,495,247,239,-1,495,239,496,-1,496,239,237,-1,496,237,497,-1,497,237,498,-1,497,498,383,-1,236,198,237,-1,237,198,189,-1,237,189,498,-1,498,189,499,-1,500,501,499,-1,499,501,502,-1,191,201,189,-1,189,201,90,-1,189,90,499,-1,499,90,123,-1,499,123,500,-1,500,123,503,-1,383,498,381,-1,381,498,499,-1,381,499,389,-1,389,499,502,-1,389,502,344,-1,344,502,504,-1,344,504,123,-1,123,504,505,-1,123,505,503,-1,506,507,508,-1,508,507,500,-1,508,500,509,-1,509,500,503,-1,509,503,510,-1,510,503,511,-1,512,124,340,-1,512,513,124,-1,124,513,514,-1,124,514,123,-1,123,514,515,-1,123,515,344,-1,344,515,516,-1,344,516,340,-1,340,516,517,-1,340,517,512,-1,117,114,115,-1,115,114,113,-1,115,113,124,-1,124,113,518,-1,124,518,340,-1,340,518,352,-1,340,352,338,-1,338,352,351,-1,483,519,484,-1,484,519,520,-1,484,520,485,-1,485,520,521,-1,485,521,486,-1,486,521,522,-1,486,522,487,-1,487,522,523,-1,487,523,488,-1,488,523,524,-1,488,524,111,-1,111,524,525,-1,111,525,113,-1,113,525,526,-1,113,526,518,-1,518,526,527,-1,518,527,352,-1,352,527,528,-1,352,528,69,-1,69,528,529,-1,69,529,71,-1,71,529,530,-1,531,532,533,-1,533,532,534,-1,533,534,535,-1,535,534,536,-1,535,536,537,-1,537,536,538,-1,537,538,531,-1,531,538,532,-1,539,540,541,-1,539,541,532,-1,532,541,542,-1,532,542,534,-1,543,544,545,-1,546,547,534,-1,545,546,543,-1,543,546,534,-1,543,534,548,-1,548,534,542,-1,548,542,549,-1,549,542,550,-1,551,489,552,-1,552,489,534,-1,552,534,553,-1,553,534,547,-1,553,547,554,-1,554,547,555,-1,556,545,544,-1,557,519,558,-1,558,519,489,-1,558,489,551,-1,549,550,559,-1,559,550,560,-1,544,561,556,-1,556,561,519,-1,556,519,562,-1,562,519,557,-1,562,557,555,-1,555,557,554,-1,540,539,563,-1,563,539,564,-1,563,564,560,-1,560,564,519,-1,560,519,559,-1,559,519,561,-1,3,565,566,-1,567,568,569,-1,570,571,572,-1,572,571,573,-1,3,566,536,-1,536,566,572,-1,536,572,538,-1,538,572,573,-1,538,573,574,-1,575,576,577,-1,577,576,538,-1,577,538,578,-1,569,578,567,-1,567,578,538,-1,567,538,579,-1,579,538,574,-1,579,574,580,-1,580,574,581,-1,582,580,581,-1,576,575,583,-1,583,575,584,-1,583,584,585,-1,571,570,586,-1,586,570,587,-1,581,588,582,-1,582,588,583,-1,582,583,589,-1,589,583,585,-1,589,585,568,-1,568,585,569,-1,565,3,590,-1,590,3,357,-1,590,357,587,-1,587,357,583,-1,587,583,586,-1,586,583,588,-1,536,534,3,-1,3,534,489,-1,532,538,539,-1,539,538,576,-1,564,539,591,-1,591,539,576,-1,591,576,583,-1,591,592,593,-1,593,594,591,-1,591,594,595,-1,591,595,596,-1,597,530,598,-1,598,530,599,-1,597,600,530,-1,530,600,601,-1,530,601,591,-1,591,601,602,-1,591,602,592,-1,603,604,519,-1,519,604,605,-1,519,605,530,-1,530,605,606,-1,530,606,599,-1,596,607,591,-1,591,607,608,-1,591,608,564,-1,564,608,609,-1,609,610,564,-1,564,610,611,-1,564,611,612,-1,612,613,564,-1,564,613,614,-1,564,614,519,-1,519,614,615,-1,519,615,603,-1,
        ]
    }
}
Shape{
    appearance Appearance {
        material  Material 	{
            diffuseColor 0.0 0.0 0.0
            specularColor 0.0 0.0 0.0
            ambientIntensity 0.0
            transparency 0.0
            shininess 0.5
        }
    }
    geometry IndexedFaceSet {
        ccw TRUE
        solid FALSE
        coord DEF co Coordinate {
            point [
                -0.612 -0.3511 0.6886, -0.612 -0.3511 0.689, -0.6151 -0.3279 0.6886, -0.6151 -0.3279 0.689, -0.624 -0.3064 0.6886, -0.624 -0.3064 0.689, -0.6383 -0.2878 0.6886, -0.6383 -0.2878 0.689, -0.6568 -0.2736 0.6886, -0.6568 -0.2736 0.689, -0.6784 -0.2647 0.6886, -0.6784 -0.2647 0.689, -0.7015 -0.2616 0.6886, -0.7015 -0.2616 0.689, -0.7247 -0.2647 0.6886, -0.7247 -0.2647 0.689, -0.7463 -0.2736 0.6886, -0.7463 -0.2736 0.689, -0.7648 -0.2878 0.6886, -0.7648 -0.2878 0.689, -0.7791 -0.3064 0.6886, -0.7791 -0.3064 0.689, -0.788 -0.3279 0.6886, -0.788 -0.3279 0.689, -0.791 -0.3511 0.6886, -0.791 -0.3511 0.689, -0.788 -0.3743 0.6886, -0.788 -0.3743 0.689, -0.7791 -0.3959 0.6886, -0.7791 -0.3959 0.689, -0.7648 -0.4144 0.6886, -0.7648 -0.4144 0.689, -0.7463 -0.4286 0.6886, -0.7463 -0.4286 0.689, -0.7247 -0.4376 0.6886, -0.7247 -0.4376 0.689, -0.7015 -0.4406 0.6886, -0.7015 -0.4406 0.689, -0.6784 -0.4376 0.6886, -0.6784 -0.4376 0.689, -0.6568 -0.4286 0.6886, -0.6568 -0.4286 0.689, -0.6383 -0.4144 0.6886, -0.6383 -0.4144 0.689, -0.624 -0.3959 0.6886, -0.624 -0.3959 0.689, -0.6151 -0.3743 0.6886, -0.6151 -0.3743 0.689, -0.7015 -0.3511 0.6886
            ]
        }
        coordIndex [
            0,1,2,-1,2,1,3,-1,2,3,4,-1,4,3,5,-1,4,5,6,-1,6,5,7,-1,6,7,8,-1,8,7,9,-1,8,9,10,-1,10,9,11,-1,10,11,12,-1,12,11,13,-1,12,13,14,-1,14,13,15,-1,14,15,16,-1,16,15,17,-1,16,17,18,-1,18,17,19,-1,18,19,20,-1,20,19,21,-1,20,21,22,-1,22,21,23,-1,22,23,24,-1,24,23,25,-1,24,25,26,-1,26,25,27,-1,26,27,28,-1,28,27,29,-1,28,29,30,-1,30,29,31,-1,30,31,32,-1,32,31,33,-1,32,33,34,-1,34,33,35,-1,34,35,36,-1,36,35,37,-1,36,37,38,-1,38,37,39,-1,38,39,40,-1,40,39,41,-1,40,41,42,-1,42,41,43,-1,42,43,44,-1,44,43,45,-1,44,45,46,-1,46,45,47,-1,46,47,0,-1,0,47,1,-1,44,46,48,-1,48,46,0,-1,48,0,2,-1,38,40,48,-1,48,40,42,-1,48,42,44,-1,32,34,48,-1,48,34,36,-1,48,36,38,-1,26,28,48,-1,48,28,30,-1,48,30,32,-1,20,22,48,-1,48,22,24,-1,48,24,26,-1,14,16,48,-1,48,16,18,-1,48,18,20,-1,8,10,48,-1,48,10,12,-1,48,12,14,-1,2,4,48,-1,48,4,6,-1,48,6,8,-1,
        ]
    }
}
Shape{
    appearance Appearance {
        material  Material 	{
            diffuseColor 0.25098039215686274 0.25098039215686274 0.25098039215686274
            specularColor 0.12549019607843137 0.12549019607843137 0.12549019607843137
            ambientIntensity 0.251
            transparency 0.0
            shininess 0.5
        }
    }
    geometry IndexedFaceSet {
        ccw TRUE
        solid FALSE
        coord DEF co Coordinate {
            point [
                0.9354 -0.7385 0.572, 0.9189 -0.5833 0.689, -0.9354 -0.7385 0.572, -0.9189 -0.5833 0.689
            ]
        }
        coordIndex [
            0,1,2,-1,2,1,3,-1,
        ]
    }
}
Shape{
    appearance Appearance {
        material  Material 	{
            diffuseColor 1.0 1.0 1.0
            specularColor 0.5019607843137255 0.5019607843137255 0.5019607843137255
            ambientIntensity 1.0
            transparency 0.0
            shininess 0.5
        }
    }
    geometry IndexedFaceSet {
        ccw TRUE
        solid FALSE
        coord DEF co Coordinate {
            point [
                0.1693 -0.7627 0.3996, 0.1693 -0.7957 0.3996, 0.3307 -0.7627 0.3996, 0.3307 -0.7957 0.3996, 0.3307 -1.1811 0.0748, 0.3307 -0.9487 0.0748, 0.1693 -1.1811 0.0748, 0.1693 -0.9487 0.0748, 0.3307 -1.1811 0.0, 0.1693 -1.1811 0.0, 0.3307 -0.9487 0.0, 0.1693 -0.9487 0.0, 0.1693 -0.926 0.0027, 0.3307 -0.926 0.0027, 0.1693 -0.9046 0.0105, 0.3307 -0.9046 0.0105, 0.1693 -0.8855 0.023, 0.3307 -0.8855 0.023, 0.1693 -0.8698 0.0396, 0.3307 -0.8698 0.0396, 0.1693 -0.8584 0.0594, 0.3307 -0.8584 0.0594, 0.1693 -0.8518 0.0813, 0.3307 -0.8518 0.0813, 0.3307 -0.8112 0.3118, 0.1693 -0.8112 0.3118, 0.3307 -0.8101 0.3153, 0.1693 -0.8101 0.3153, 0.3307 -0.8083 0.3185, 0.1693 -0.8083 0.3185, 0.3307 -0.8058 0.3211, 0.1693 -0.8058 0.3211, 0.3307 -0.8027 0.3231, 0.1693 -0.8027 0.3231, 0.3307 -0.7993 0.3244, 0.1693 -0.7993 0.3244, 0.3307 -0.7957 0.3248, 0.1693 -0.7957 0.3248, 0.3307 -0.7622 0.3248, 0.1693 -0.7622 0.3248, 0.1693 -0.8165 0.3972, 0.3307 -0.8165 0.3972, 0.1693 -0.8363 0.39, 0.3307 -0.8363 0.39, 0.1693 -0.8539 0.3784, 0.3307 -0.8539 0.3784, 0.1693 -0.8683 0.3631, 0.3307 -0.8683 0.3631, 0.1693 -0.8788 0.3449, 0.3307 -0.8788 0.3449, 0.1693 -0.8848 0.3248, 0.3307 -0.8848 0.3248, 0.3307 -0.9255 0.0943, 0.1693 -0.9255 0.0943, 0.3307 -0.927 0.0891, 0.1693 -0.927 0.0891, 0.3307 -0.9298 0.0843, 0.1693 -0.9298 0.0843, 0.3307 -0.9335 0.0803, 0.1693 -0.9335 0.0803, 0.3307 -0.9381 0.0773, 0.1693 -0.9381 0.0773, 0.3307 -0.9433 0.0754, 0.1693 -0.9433 0.0754, 0.3307 -0.7677 0.3642, 0.1693 -0.7677 0.3642, 0.8307 -1.1811 0.0748, 0.8307 -0.9487 0.0748, 0.6693 -1.1811 0.0748, 0.6693 -0.9487 0.0748, 0.8307 -1.1811 0.0, 0.6693 -1.1811 0.0, 0.8307 -0.9487 0.0, 0.6693 -0.9487 0.0, 0.6693 -0.926 0.0027, 0.8307 -0.926 0.0027, 0.6693 -0.9046 0.0105, 0.8307 -0.9046 0.0105, 0.6693 -0.8855 0.023, 0.8307 -0.8855 0.023, 0.6693 -0.8698 0.0396, 0.8307 -0.8698 0.0396, 0.6693 -0.8584 0.0594, 0.8307 -0.8584 0.0594, 0.6693 -0.8518 0.0813, 0.8307 -0.8518 0.0813, 0.8307 -0.8112 0.3118, 0.6693 -0.8112 0.3118, 0.8307 -0.8101 0.3153, 0.6693 -0.8101 0.3153, 0.8307 -0.8083 0.3185, 0.6693 -0.8083 0.3185, 0.8307 -0.8058 0.3211, 0.6693 -0.8058 0.3211, 0.8307 -0.8027 0.3231, 0.6693 -0.8027 0.3231, 0.8307 -0.7993 0.3244, 0.6693 -0.7993 0.3244, 0.8307 -0.7957 0.3248, 0.6693 -0.7957 0.3248, 0.8307 -0.7622 0.3248, 0.6693 -0.7622 0.3248, 0.6693 -0.7627 0.3996, 0.6693 -0.7957 0.3996, 0.8307 -0.7627 0.3996, 0.8307 -0.7957 0.3996, 0.6693 -0.8165 0.3972, 0.8307 -0.8165 0.3972, 0.6693 -0.8363 0.39, 0.8307 -0.8363 0.39, 0.6693 -0.8539 0.3784, 0.8307 -0.8539 0.3784, 0.6693 -0.8683 0.3631, 0.8307 -0.8683 0.3631, 0.6693 -0.8788 0.3449, 0.8307 -0.8788 0.3449, 0.6693 -0.8848 0.3248, 0.8307 -0.8848 0.3248, 0.8307 -0.9255 0.0943, 0.6693 -0.9255 0.0943, 0.8307 -0.7677 0.3642, 0.8307 -0.9433 0.0754, 0.8307 -0.9381 0.0773, 0.8307 -0.9335 0.0803, 0.8307 -0.9298 0.0843, 0.8307 -0.927 0.0891, 0.6693 -0.927 0.0891, 0.6693 -0.9298 0.0843, 0.6693 -0.9335 0.0803, 0.6693 -0.9381 0.0773, 0.6693 -0.9433 0.0754, 0.6693 -0.7677 0.3642, -0.1693 -1.1811 0.0748, -0.1693 -0.9487 0.0748, -0.3307 -1.1811 0.0748, -0.3307 -0.9487 0.0748, -0.1693 -1.1811 0.0, -0.3307 -1.1811 0.0, -0.1693 -0.9487 0.0, -0.3307 -0.9487 0.0, -0.3307 -0.926 0.0027, -0.1693 -0.926 0.0027, -0.3307 -0.9046 0.0105, -0.1693 -0.9046 0.0105, -0.3307 -0.8855 0.023, -0.1693 -0.8855 0.023, -0.3307 -0.8698 0.0396, -0.1693 -0.8698 0.0396, -0.3307 -0.8584 0.0594, -0.1693 -0.8584 0.0594, -0.3307 -0.8518 0.0813, -0.1693 -0.8518 0.0813, -0.1693 -0.8112 0.3118, -0.3307 -0.8112 0.3118, -0.1693 -0.8101 0.3153, -0.3307 -0.8101 0.3153, -0.1693 -0.8083 0.3185, -0.3307 -0.8083 0.3185, -0.1693 -0.8058 0.3211, -0.3307 -0.8058 0.3211, -0.1693 -0.8027 0.3231, -0.3307 -0.8027 0.3231, -0.1693 -0.7993 0.3244, -0.3307 -0.7993 0.3244, -0.1693 -0.7957 0.3248, -0.3307 -0.7957 0.3248, -0.1693 -0.7622 0.3248, -0.3307 -0.7622 0.3248, -0.3307 -0.7627 0.3996, -0.3307 -0.7957 0.3996, -0.1693 -0.7627 0.3996, -0.1693 -0.7957 0.3996, -0.3307 -0.8165 0.3972, -0.1693 -0.8165 0.3972, -0.3307 -0.8363 0.39, -0.1693 -0.8363 0.39, -0.3307 -0.8539 0.3784, -0.1693 -0.8539 0.3784, -0.3307 -0.8683 0.3631, -0.1693 -0.8683 0.3631, -0.3307 -0.8788 0.3449, -0.1693 -0.8788 0.3449, -0.3307 -0.8848 0.3248, -0.1693 -0.8848 0.3248, -0.1693 -0.9255 0.0943, -0.3307 -0.9255 0.0943, -0.1693 -0.7677 0.3642, -0.1693 -0.9433 0.0754, -0.1693 -0.9381 0.0773, -0.1693 -0.9335 0.0803, -0.1693 -0.9298 0.0843, -0.1693 -0.927 0.0891, -0.3307 -0.927 0.0891, -0.3307 -0.9298 0.0843, -0.3307 -0.9335 0.0803, -0.3307 -0.9381 0.0773, -0.3307 -0.9433 0.0754, -0.3307 -0.7677 0.3642, -0.6693 -1.1811 0.0748, -0.6693 -0.9487 0.0748, -0.8307 -1.1811 0.0748, -0.8307 -0.9487 0.0748, -0.6693 -1.1811 0.0, -0.8307 -1.1811 0.0, -0.6693 -0.9487 0.0, -0.8307 -0.9487 0.0, -0.8307 -0.926 0.0027, -0.6693 -0.926 0.0027, -0.8307 -0.9046 0.0105, -0.6693 -0.9046 0.0105, -0.8307 -0.8855 0.023, -0.6693 -0.8855 0.023, -0.8307 -0.8698 0.0396, -0.6693 -0.8698 0.0396, -0.8307 -0.8584 0.0594, -0.6693 -0.8584 0.0594, -0.8307 -0.8518 0.0813, -0.6693 -0.8518 0.0813, -0.6693 -0.8112 0.3118, -0.8307 -0.8112 0.3118, -0.6693 -0.8101 0.3153, -0.8307 -0.8101 0.3153, -0.6693 -0.8083 0.3185, -0.8307 -0.8083 0.3185, -0.6693 -0.8058 0.3211, -0.8307 -0.8058 0.3211, -0.6693 -0.8027 0.3231, -0.8307 -0.8027 0.3231, -0.6693 -0.7993 0.3244, -0.8307 -0.7993 0.3244, -0.6693 -0.7957 0.3248, -0.8307 -0.7957 0.3248, -0.6693 -0.7622 0.3248, -0.8307 -0.7622 0.3248, -0.8307 -0.7627 0.3996, -0.8307 -0.7957 0.3996, -0.6693 -0.7627 0.3996, -0.6693 -0.7957 0.3996, -0.8307 -0.8165 0.3972, -0.6693 -0.8165 0.3972, -0.8307 -0.8363 0.39, -0.6693 -0.8363 0.39, -0.8307 -0.8539 0.3784, -0.6693 -0.8539 0.3784, -0.8307 -0.8683 0.3631, -0.6693 -0.8683 0.3631, -0.8307 -0.8788 0.3449, -0.6693 -0.8788 0.3449, -0.8307 -0.8848 0.3248, -0.6693 -0.8848 0.3248, -0.6693 -0.9255 0.0943, -0.8307 -0.9255 0.0943, -0.6693 -0.7677 0.3642, -0.6693 -0.9433 0.0754, -0.6693 -0.9381 0.0773, -0.6693 -0.9335 0.0803, -0.6693 -0.9298 0.0843, -0.6693 -0.927 0.0891, -0.8307 -0.927 0.0891, -0.8307 -0.9298 0.0843, -0.8307 -0.9335 0.0803, -0.8307 -0.9381 0.0773, -0.8307 -0.9433 0.0754, -0.8307 -0.7677 0.3642, 0.3307 0.9487 0.0748, 0.3307 1.1811 0.0748, 0.1693 0.9487 0.0748, 0.1693 1.1811 0.0748, 0.3307 1.1811 0.0, 0.1693 1.1811 0.0, 0.3307 0.9487 0.0, 0.1693 0.9487 0.0, 0.3307 0.8518 0.0813, 0.1693 0.8518 0.0813, 0.1693 0.8584 0.0594, 0.3307 0.8584 0.0594, 0.1693 0.8698 0.0396, 0.3307 0.8698 0.0396, 0.1693 0.8855 0.023, 0.3307 0.8855 0.023, 0.1693 0.9046 0.0105, 0.3307 0.9046 0.0105, 0.1693 0.926 0.0027, 0.3307 0.926 0.0027, 0.3307 0.8112 0.3118, 0.1693 0.8112 0.3118, 0.3307 0.7957 0.3248, 0.1693 0.7957 0.3248, 0.3307 0.7993 0.3244, 0.1693 0.7993 0.3244, 0.3307 0.8027 0.3231, 0.1693 0.8027 0.3231, 0.3307 0.8058 0.3211, 0.1693 0.8058 0.3211, 0.3307 0.8083 0.3185, 0.1693 0.8083 0.3185, 0.3307 0.8101 0.3153, 0.1693 0.8101 0.3153, 0.3307 0.7622 0.3248, 0.1693 0.7622 0.3248, 0.1693 0.7957 0.3996, 0.1693 0.7627 0.3996, 0.3307 0.7957 0.3996, 0.3307 0.7627 0.3996, 0.3307 0.8848 0.3248, 0.1693 0.8848 0.3248, 0.1693 0.8788 0.3449, 0.3307 0.8788 0.3449, 0.1693 0.8683 0.3631, 0.3307 0.8683 0.3631, 0.1693 0.8539 0.3784, 0.3307 0.8539 0.3784, 0.1693 0.8363 0.39, 0.3307 0.8363 0.39, 0.1693 0.8165 0.3972, 0.3307 0.8165 0.3972, 0.3307 0.9255 0.0943, 0.1693 0.9255 0.0943, 0.3307 0.7677 0.3642, 0.3307 0.927 0.0891, 0.3307 0.9298 0.0843, 0.3307 0.9335 0.0803, 0.3307 0.9381 0.0773, 0.3307 0.9433 0.0754, 0.1693 0.9433 0.0754, 0.1693 0.9381 0.0773, 0.1693 0.9335 0.0803, 0.1693 0.9298 0.0843, 0.1693 0.927 0.0891, 0.1693 0.7677 0.3642, 0.8307 0.9487 0.0748, 0.8307 1.1811 0.0748, 0.6693 0.9487 0.0748, 0.6693 1.1811 0.0748, 0.8307 1.1811 0.0, 0.6693 1.1811 0.0, 0.8307 0.9487 0.0, 0.6693 0.9487 0.0, 0.8307 0.8518 0.0813, 0.6693 0.8518 0.0813, 0.6693 0.8584 0.0594, 0.8307 0.8584 0.0594, 0.6693 0.8698 0.0396, 0.8307 0.8698 0.0396, 0.6693 0.8855 0.023, 0.8307 0.8855 0.023, 0.6693 0.9046 0.0105, 0.8307 0.9046 0.0105, 0.6693 0.926 0.0027, 0.8307 0.926 0.0027, 0.8307 0.8112 0.3118, 0.6693 0.8112 0.3118, 0.8307 0.7957 0.3248, 0.6693 0.7957 0.3248, 0.8307 0.7993 0.3244, 0.6693 0.7993 0.3244, 0.8307 0.8027 0.3231, 0.6693 0.8027 0.3231, 0.8307 0.8058 0.3211, 0.6693 0.8058 0.3211, 0.8307 0.8083 0.3185, 0.6693 0.8083 0.3185, 0.8307 0.8101 0.3153, 0.6693 0.8101 0.3153, 0.8307 0.7622 0.3248, 0.6693 0.7622 0.3248, 0.6693 0.7957 0.3996, 0.6693 0.7627 0.3996, 0.8307 0.7957 0.3996, 0.8307 0.7627 0.3996, 0.8307 0.8848 0.3248, 0.6693 0.8848 0.3248, 0.6693 0.8788 0.3449, 0.8307 0.8788 0.3449, 0.6693 0.8683 0.3631, 0.8307 0.8683 0.3631, 0.6693 0.8539 0.3784, 0.8307 0.8539 0.3784, 0.6693 0.8363 0.39, 0.8307 0.8363 0.39, 0.6693 0.8165 0.3972, 0.8307 0.8165 0.3972, 0.8307 0.9255 0.0943, 0.6693 0.9255 0.0943, 0.8307 0.7677 0.3642, 0.8307 0.927 0.0891, 0.8307 0.9298 0.0843, 0.8307 0.9335 0.0803, 0.8307 0.9381 0.0773, 0.8307 0.9433 0.0754, 0.6693 0.9433 0.0754, 0.6693 0.9381 0.0773, 0.6693 0.9335 0.0803, 0.6693 0.9298 0.0843, 0.6693 0.927 0.0891, 0.6693 0.7677 0.3642, -0.1693 0.9487 0.0748, -0.1693 1.1811 0.0748, -0.3307 0.9487 0.0748, -0.3307 1.1811 0.0748, -0.1693 1.1811 0.0, -0.3307 1.1811 0.0, -0.1693 0.9487 0.0, -0.3307 0.9487 0.0, -0.1693 0.8518 0.0813, -0.3307 0.8518 0.0813, -0.3307 0.8584 0.0594, -0.1693 0.8584 0.0594, -0.3307 0.8698 0.0396, -0.1693 0.8698 0.0396, -0.3307 0.8855 0.023, -0.1693 0.8855 0.023, -0.3307 0.9046 0.0105, -0.1693 0.9046 0.0105, -0.3307 0.926 0.0027, -0.1693 0.926 0.0027, -0.1693 0.8112 0.3118, -0.3307 0.8112 0.3118, -0.1693 0.7957 0.3248, -0.3307 0.7957 0.3248, -0.1693 0.7993 0.3244, -0.3307 0.7993 0.3244, -0.1693 0.8027 0.3231, -0.3307 0.8027 0.3231, -0.1693 0.8058 0.3211, -0.3307 0.8058 0.3211, -0.1693 0.8083 0.3185, -0.3307 0.8083 0.3185, -0.1693 0.8101 0.3153, -0.3307 0.8101 0.3153, -0.1693 0.7622 0.3248, -0.3307 0.7622 0.3248, -0.3307 0.7957 0.3996, -0.3307 0.7627 0.3996, -0.1693 0.7957 0.3996, -0.1693 0.7627 0.3996, -0.1693 0.8848 0.3248, -0.3307 0.8848 0.3248, -0.3307 0.8788 0.3449, -0.1693 0.8788 0.3449, -0.3307 0.8683 0.3631, -0.1693 0.8683 0.3631, -0.3307 0.8539 0.3784, -0.1693 0.8539 0.3784, -0.3307 0.8363 0.39, -0.1693 0.8363 0.39, -0.3307 0.8165 0.3972, -0.1693 0.8165 0.3972, -0.1693 0.9255 0.0943, -0.3307 0.9255 0.0943, -0.1693 0.7677 0.3642, -0.1693 0.927 0.0891, -0.1693 0.9298 0.0843, -0.1693 0.9335 0.0803, -0.1693 0.9381 0.0773, -0.1693 0.9433 0.0754, -0.3307 0.9433 0.0754, -0.3307 0.9381 0.0773, -0.3307 0.9335 0.0803, -0.3307 0.9298 0.0843, -0.3307 0.927 0.0891, -0.3307 0.7677 0.3642, -0.6693 0.9487 0.0748, -0.6693 1.1811 0.0748, -0.8307 0.9487 0.0748, -0.8307 1.1811 0.0748, -0.6693 1.1811 0.0, -0.8307 1.1811 0.0, -0.6693 0.9487 0.0, -0.8307 0.9487 0.0, -0.6693 0.8518 0.0813, -0.8307 0.8518 0.0813, -0.8307 0.8584 0.0594, -0.6693 0.8584 0.0594, -0.8307 0.8698 0.0396, -0.6693 0.8698 0.0396, -0.8307 0.8855 0.023, -0.6693 0.8855 0.023, -0.8307 0.9046 0.0105, -0.6693 0.9046 0.0105, -0.8307 0.926 0.0027, -0.6693 0.926 0.0027, -0.6693 0.8112 0.3118, -0.8307 0.8112 0.3118, -0.6693 0.7957 0.3248, -0.8307 0.7957 0.3248, -0.6693 0.7993 0.3244, -0.8307 0.7993 0.3244, -0.6693 0.8027 0.3231, -0.8307 0.8027 0.3231, -0.6693 0.8058 0.3211, -0.8307 0.8058 0.3211, -0.6693 0.8083 0.3185, -0.8307 0.8083 0.3185, -0.6693 0.8101 0.3153, -0.8307 0.8101 0.3153, -0.6693 0.7622 0.3248, -0.8307 0.7622 0.3248, -0.8307 0.7957 0.3996, -0.8307 0.7627 0.3996, -0.6693 0.7957 0.3996, -0.6693 0.7627 0.3996, -0.6693 0.8848 0.3248, -0.8307 0.8848 0.3248, -0.8307 0.8788 0.3449, -0.6693 0.8788 0.3449, -0.8307 0.8683 0.3631, -0.6693 0.8683 0.3631, -0.8307 0.8539 0.3784, -0.6693 0.8539 0.3784, -0.8307 0.8363 0.39, -0.6693 0.8363 0.39, -0.8307 0.8165 0.3972, -0.6693 0.8165 0.3972, -0.6693 0.9255 0.0943, -0.8307 0.9255 0.0943, -0.6693 0.7677 0.3642, -0.6693 0.927 0.0891, -0.6693 0.9298 0.0843, -0.6693 0.9335 0.0803, -0.6693 0.9381 0.0773, -0.6693 0.9433 0.0754, -0.8307 0.9433 0.0754, -0.8307 0.9381 0.0773, -0.8307 0.9335 0.0803, -0.8307 0.9298 0.0843, -0.8307 0.927 0.0891, -0.8307 0.7677 0.3642, -0.6496 0.4724 0.0, -0.6496 -0.4724 0.0, -0.6496 0.4724 0.0394, -0.6496 -0.4724 0.0394, 0.6496 0.4724 0.0, 0.6496 0.4724 0.0394, 0.6496 -0.4724 0.0, 0.6496 -0.4724 0.0394, 0.9386 0.5116 0.5774, 0.9392 0.5116 0.5732, 0.9347 0.5116 0.5769, 0.9353 0.5116 0.5727, 0.9386 0.4968 0.5774, 0.9347 0.4968 0.5769, 0.934 0.4968 0.6099, 0.9301 0.4968 0.6094, 0.934 0.492 0.6099, 0.9301 0.492 0.6094, 0.9392 0.492 0.5732, 0.9353 0.492 0.5727, 0.9392 0.5306 0.5726, 0.9353 0.5306 0.5721, 0.9353 0.5363 0.5726, 0.9392 0.5363 0.5732, 0.9351 0.5402 0.5739, 0.939 0.5402 0.5744, 0.935 0.5409 0.5742, 0.9389 0.5409 0.5748, 0.9383 0.5409 0.5793, 0.9344 0.5409 0.5788, 0.9346 0.5374 0.5772, 0.9385 0.5374 0.5777, 0.9347 0.5332 0.5764, 0.9386 0.5332 0.5769, 0.9348 0.5313 0.5763, 0.9387 0.5313 0.5768, 0.9347 0.5275 0.5767, 0.9386 0.5275 0.5773, 0.9345 0.5249 0.5778, 0.9384 0.5249 0.5783, 0.9343 0.5225 0.5795, 0.9382 0.5225 0.58, 0.9342 0.5218 0.5802, 0.9381 0.5218 0.5807, 0.9338 0.5199 0.5828, 0.9377 0.5199 0.5833, 0.9334 0.5187 0.5858, 0.9373 0.5187 0.5863, 0.9328 0.5181 0.5903, 0.9367 0.5181 0.5908, 0.9327 0.5181 0.5906, 0.9366 0.5181 0.5912, 0.9321 0.5186 0.5951, 0.936 0.5186 0.5956, 0.9317 0.5198 0.5984, 0.9355 0.5198 0.5989, 0.9313 0.5215 0.601, 0.9352 0.5215 0.6016, 0.9312 0.522 0.6017, 0.9351 0.522 0.6022, 0.9309 0.5244 0.6036, 0.9348 0.5244 0.6042, 0.9307 0.5273 0.605, 0.9346 0.5273 0.6056, 0.9306 0.5305 0.6057, 0.9345 0.5305 0.6062, 0.9306 0.5321 0.6057, 0.9345 0.5321 0.6063, 0.9307 0.5364 0.6053, 0.9346 0.5364 0.6058, 0.9309 0.5402 0.6039, 0.9348 0.5402 0.6045, 0.9309 0.5409 0.6036, 0.9348 0.5409 0.6041, 0.9341 0.5409 0.6091, 0.9302 0.5409 0.6085, 0.93 0.5321 0.61, 0.9339 0.5321 0.6106, 0.9339 0.5325 0.6106, 0.9301 0.5373 0.6096, 0.934 0.5373 0.6101, 0.9301 0.5359 0.6097, 0.93 0.5325 0.61, 0.9301 0.529 0.6097, 0.934 0.5275 0.6101, 0.9301 0.5275 0.6096, 0.9303 0.5235 0.6082, 0.9342 0.5235 0.6088, 0.9306 0.5198 0.6058, 0.9345 0.5198 0.6064, 0.9308 0.5185 0.6046, 0.9347 0.5185 0.6052, 0.9312 0.516 0.6014, 0.9351 0.516 0.602, 0.9316 0.5148 0.5988, 0.9357 0.5141 0.598, 0.9318 0.5141 0.5974, 0.9324 0.5132 0.5927, 0.9363 0.5132 0.5933, 0.9328 0.5131 0.5903, 0.9367 0.5131 0.5909, 0.9336 0.5138 0.5845, 0.9375 0.5138 0.585, 0.934 0.5148 0.582, 0.938 0.5153 0.5812, 0.9341 0.5153 0.5806, 0.9346 0.5175 0.5775, 0.9385 0.5175 0.578, 0.9346 0.5179 0.5771, 0.9385 0.5179 0.5776, 0.935 0.5208 0.5747, 0.9389 0.5208 0.5752, 0.9352 0.5243 0.573, 0.9391 0.5243 0.5736, 0.9353 0.5283 0.5722, 0.9392 0.5283 0.5727, 0.9386 0.5682 0.5774, 0.9392 0.5682 0.5732, 0.9347 0.5682 0.5769, 0.9353 0.5682 0.5727, 0.9347 0.5531 0.5769, 0.9386 0.5531 0.5774, 0.9347 0.5631 0.5769, 0.9368 0.5531 0.5898, 0.9329 0.5531 0.5892, 0.9368 0.5663 0.5898, 0.9329 0.5631 0.5892, 0.9329 0.5663 0.5892, 0.9362 0.5663 0.594, 0.9323 0.5663 0.5934, 0.9323 0.5531 0.5934, 0.9362 0.5531 0.594, 0.9323 0.5631 0.5934, 0.9346 0.5531 0.6057, 0.9307 0.5531 0.6052, 0.9346 0.5674 0.6057, 0.9307 0.5631 0.6052, 0.9307 0.5674 0.6052, 0.934 0.5674 0.6099, 0.9301 0.5674 0.6094, 0.9301 0.5483 0.6094, 0.934 0.5483 0.6099, 0.9301 0.5631 0.6094, 0.9392 0.5483 0.5732, 0.9353 0.5483 0.5727, 0.9353 0.5631 0.5727, 0.9368 0.6003 0.5898, 0.9369 0.6053 0.5894, 0.9365 0.6004 0.5919, 0.9365 0.6054 0.5921, 0.9359 0.5999 0.5962, 0.9359 0.6049 0.5965, 0.9355 0.5989 0.599, 0.9354 0.6037 0.6001, 0.9353 0.5975 0.6011, 0.9349 0.6015 0.6034, 0.9351 0.5963 0.6023, 0.9347 0.5998 0.6051, 0.9348 0.5935 0.6041, 0.9343 0.5964 0.6075, 0.9347 0.5902 0.6052, 0.9341 0.592 0.6092, 0.9346 0.5856 0.6057, 0.934 0.5858 0.6099, 0.9346 0.58 0.6057, 0.934 0.5752 0.6099, 0.9386 0.58 0.5774, 0.9392 0.5752 0.5732, 0.9386 0.5854 0.5774, 0.9392 0.5854 0.5732, 0.9385 0.5899 0.5779, 0.9391 0.5916 0.574, 0.9384 0.5931 0.579, 0.9388 0.5959 0.5756, 0.9381 0.5956 0.5805, 0.9385 0.5995 0.5781, 0.938 0.5964 0.5813, 0.9384 0.5998 0.5784, 0.9377 0.5983 0.5837, 0.938 0.6024 0.5814, 0.9373 0.5996 0.5864, 0.9375 0.6043 0.5852, 0.9353 0.5854 0.5727, 0.9353 0.5752 0.5727, 0.9352 0.5916 0.5734, 0.9351 0.5922 0.5736, 0.9349 0.5959 0.575, 0.9346 0.5995 0.5775, 0.9345 0.5998 0.5778, 0.9341 0.6024 0.5809, 0.9336 0.6043 0.5846, 0.933 0.6053 0.5889, 0.9326 0.6054 0.5915, 0.932 0.6049 0.5959, 0.9315 0.6037 0.5996, 0.931 0.6015 0.6029, 0.9308 0.5998 0.6045, 0.9301 0.5858 0.6094, 0.9304 0.5964 0.6069, 0.9302 0.5922 0.6086, 0.9302 0.592 0.6087, 0.9301 0.5752 0.6094, 0.9307 0.5856 0.6052, 0.9307 0.58 0.6052, 0.9347 0.58 0.5769, 0.9347 0.5854 0.5769, 0.9341 0.5964 0.5807, 0.9342 0.5956 0.58, 0.9345 0.5931 0.5784, 0.9346 0.5899 0.5773, 0.9326 0.6004 0.5914, 0.9329 0.6003 0.5893, 0.9334 0.5996 0.5859, 0.9338 0.5983 0.5831, 0.9312 0.5963 0.6017, 0.9314 0.5975 0.6005, 0.9316 0.5989 0.5984, 0.932 0.5999 0.5956, 0.9308 0.5902 0.6047, 0.9309 0.5935 0.6036
            ]
        }
        coordIndex [
            0,1,2,-1,2,1,3,-1,4,5,6,-1,6,5,7,-1,8,4,9,-1,9,4,6,-1,10,8,11,-1,11,8,9,-1,10,11,12,-1,10,12,13,-1,13,12,14,-1,13,14,15,-1,15,14,16,-1,15,16,17,-1,17,16,18,-1,17,18,19,-1,19,18,20,-1,19,20,21,-1,21,20,22,-1,21,22,23,-1,24,23,25,-1,25,23,22,-1,24,25,26,-1,26,25,27,-1,26,27,28,-1,28,27,29,-1,28,29,30,-1,30,29,31,-1,30,31,32,-1,32,31,33,-1,32,33,34,-1,34,33,35,-1,34,35,36,-1,36,35,37,-1,38,36,39,-1,39,36,37,-1,3,1,40,-1,3,40,41,-1,41,40,42,-1,41,42,43,-1,43,42,44,-1,43,44,45,-1,45,44,46,-1,45,46,47,-1,47,46,48,-1,47,48,49,-1,49,48,50,-1,49,50,51,-1,52,51,53,-1,53,51,50,-1,52,53,54,-1,54,53,55,-1,54,55,56,-1,56,55,57,-1,56,57,58,-1,58,57,59,-1,58,59,60,-1,60,59,61,-1,60,61,62,-1,62,61,63,-1,62,63,5,-1,5,63,7,-1,2,3,64,-1,64,3,41,-1,41,43,64,-1,64,43,45,-1,64,45,47,-1,30,32,47,-1,47,32,34,-1,47,34,64,-1,64,34,36,-1,64,36,38,-1,4,8,5,-1,5,8,10,-1,5,10,62,-1,62,10,13,-1,62,13,60,-1,60,13,15,-1,60,15,58,-1,58,15,17,-1,58,17,56,-1,56,17,19,-1,56,19,54,-1,54,19,21,-1,54,21,52,-1,52,21,23,-1,52,23,51,-1,51,23,24,-1,51,24,49,-1,49,24,26,-1,49,26,47,-1,47,26,28,-1,47,28,30,-1,1,0,65,-1,65,46,44,-1,35,33,46,-1,44,42,65,-1,65,42,40,-1,65,40,1,-1,35,46,37,-1,37,46,65,-1,37,65,39,-1,33,31,46,-1,46,31,29,-1,46,29,48,-1,48,29,27,-1,48,27,50,-1,50,27,25,-1,50,25,53,-1,53,25,22,-1,53,22,55,-1,55,22,20,-1,55,20,57,-1,57,20,18,-1,57,18,59,-1,59,18,16,-1,59,16,61,-1,61,16,14,-1,61,14,63,-1,63,14,12,-1,63,12,7,-1,7,12,11,-1,7,11,6,-1,6,11,9,-1,66,67,68,-1,68,67,69,-1,70,66,71,-1,71,66,68,-1,72,70,73,-1,73,70,71,-1,72,73,74,-1,72,74,75,-1,75,74,76,-1,75,76,77,-1,77,76,78,-1,77,78,79,-1,79,78,80,-1,79,80,81,-1,81,80,82,-1,81,82,83,-1,83,82,84,-1,83,84,85,-1,86,85,87,-1,87,85,84,-1,86,87,88,-1,88,87,89,-1,88,89,90,-1,90,89,91,-1,90,91,92,-1,92,91,93,-1,92,93,94,-1,94,93,95,-1,94,95,96,-1,96,95,97,-1,96,97,98,-1,98,97,99,-1,100,98,101,-1,101,98,99,-1,102,103,104,-1,104,103,105,-1,105,103,106,-1,105,106,107,-1,107,106,108,-1,107,108,109,-1,109,108,110,-1,109,110,111,-1,111,110,112,-1,111,112,113,-1,113,112,114,-1,113,114,115,-1,115,114,116,-1,115,116,117,-1,118,117,119,-1,119,117,116,-1,104,105,120,-1,120,105,107,-1,107,109,120,-1,120,109,111,-1,120,111,113,-1,92,94,113,-1,113,94,96,-1,113,96,120,-1,120,96,98,-1,120,98,100,-1,66,70,67,-1,67,70,72,-1,67,72,121,-1,121,72,75,-1,121,75,122,-1,122,75,77,-1,122,77,123,-1,123,77,79,-1,123,79,124,-1,124,79,81,-1,124,81,125,-1,125,81,83,-1,125,83,118,-1,118,83,85,-1,118,85,117,-1,117,85,86,-1,117,86,115,-1,115,86,88,-1,115,88,113,-1,113,88,90,-1,113,90,92,-1,118,119,125,-1,125,119,126,-1,125,126,124,-1,124,126,127,-1,124,127,123,-1,123,127,128,-1,123,128,122,-1,122,128,129,-1,122,129,121,-1,121,129,130,-1,121,130,67,-1,67,130,69,-1,103,102,131,-1,131,112,110,-1,97,95,112,-1,110,108,131,-1,131,108,106,-1,131,106,103,-1,97,112,99,-1,99,112,131,-1,99,131,101,-1,95,93,112,-1,112,93,91,-1,112,91,114,-1,114,91,89,-1,114,89,116,-1,116,89,87,-1,116,87,119,-1,119,87,84,-1,119,84,126,-1,126,84,82,-1,126,82,127,-1,127,82,80,-1,127,80,128,-1,128,80,78,-1,128,78,129,-1,129,78,76,-1,129,76,130,-1,130,76,74,-1,130,74,69,-1,69,74,73,-1,69,73,68,-1,68,73,71,-1,132,133,134,-1,134,133,135,-1,136,132,137,-1,137,132,134,-1,138,136,139,-1,139,136,137,-1,138,139,140,-1,138,140,141,-1,141,140,142,-1,141,142,143,-1,143,142,144,-1,143,144,145,-1,145,144,146,-1,145,146,147,-1,147,146,148,-1,147,148,149,-1,149,148,150,-1,149,150,151,-1,152,151,153,-1,153,151,150,-1,152,153,154,-1,154,153,155,-1,154,155,156,-1,156,155,157,-1,156,157,158,-1,158,157,159,-1,158,159,160,-1,160,159,161,-1,160,161,162,-1,162,161,163,-1,162,163,164,-1,164,163,165,-1,166,164,167,-1,167,164,165,-1,168,169,170,-1,170,169,171,-1,171,169,172,-1,171,172,173,-1,173,172,174,-1,173,174,175,-1,175,174,176,-1,175,176,177,-1,177,176,178,-1,177,178,179,-1,179,178,180,-1,179,180,181,-1,181,180,182,-1,181,182,183,-1,184,183,185,-1,185,183,182,-1,170,171,186,-1,186,171,173,-1,173,175,186,-1,186,175,177,-1,186,177,179,-1,158,160,179,-1,179,160,162,-1,179,162,186,-1,186,162,164,-1,186,164,166,-1,132,136,133,-1,133,136,138,-1,133,138,187,-1,187,138,141,-1,187,141,188,-1,188,141,143,-1,188,143,189,-1,189,143,145,-1,189,145,190,-1,190,145,147,-1,190,147,191,-1,191,147,149,-1,191,149,184,-1,184,149,151,-1,184,151,183,-1,183,151,152,-1,183,152,181,-1,181,152,154,-1,181,154,179,-1,179,154,156,-1,179,156,158,-1,184,185,191,-1,191,185,192,-1,191,192,190,-1,190,192,193,-1,190,193,189,-1,189,193,194,-1,189,194,188,-1,188,194,195,-1,188,195,187,-1,187,195,196,-1,187,196,133,-1,133,196,135,-1,169,168,197,-1,197,178,176,-1,163,161,178,-1,176,174,197,-1,197,174,172,-1,197,172,169,-1,163,178,165,-1,165,178,197,-1,165,197,167,-1,161,159,178,-1,178,159,157,-1,178,157,180,-1,180,157,155,-1,180,155,182,-1,182,155,153,-1,182,153,185,-1,185,153,150,-1,185,150,192,-1,192,150,148,-1,192,148,193,-1,193,148,146,-1,193,146,194,-1,194,146,144,-1,194,144,195,-1,195,144,142,-1,195,142,196,-1,196,142,140,-1,196,140,135,-1,135,140,139,-1,135,139,134,-1,134,139,137,-1,198,199,200,-1,200,199,201,-1,202,198,203,-1,203,198,200,-1,204,202,205,-1,205,202,203,-1,204,205,206,-1,204,206,207,-1,207,206,208,-1,207,208,209,-1,209,208,210,-1,209,210,211,-1,211,210,212,-1,211,212,213,-1,213,212,214,-1,213,214,215,-1,215,214,216,-1,215,216,217,-1,218,217,219,-1,219,217,216,-1,218,219,220,-1,220,219,221,-1,220,221,222,-1,222,221,223,-1,222,223,224,-1,224,223,225,-1,224,225,226,-1,226,225,227,-1,226,227,228,-1,228,227,229,-1,228,229,230,-1,230,229,231,-1,232,230,233,-1,233,230,231,-1,234,235,236,-1,236,235,237,-1,237,235,238,-1,237,238,239,-1,239,238,240,-1,239,240,241,-1,241,240,242,-1,241,242,243,-1,243,242,244,-1,243,244,245,-1,245,244,246,-1,245,246,247,-1,247,246,248,-1,247,248,249,-1,250,249,251,-1,251,249,248,-1,236,237,252,-1,252,237,239,-1,239,241,252,-1,252,241,243,-1,252,243,245,-1,224,226,245,-1,245,226,228,-1,245,228,252,-1,252,228,230,-1,252,230,232,-1,198,202,199,-1,199,202,204,-1,199,204,253,-1,253,204,207,-1,253,207,254,-1,254,207,209,-1,254,209,255,-1,255,209,211,-1,255,211,256,-1,256,211,213,-1,256,213,257,-1,257,213,215,-1,257,215,250,-1,250,215,217,-1,250,217,249,-1,249,217,218,-1,249,218,247,-1,247,218,220,-1,247,220,245,-1,245,220,222,-1,245,222,224,-1,250,251,257,-1,257,251,258,-1,257,258,256,-1,256,258,259,-1,256,259,255,-1,255,259,260,-1,255,260,254,-1,254,260,261,-1,254,261,253,-1,253,261,262,-1,253,262,199,-1,199,262,201,-1,235,234,263,-1,263,244,242,-1,229,227,244,-1,242,240,263,-1,263,240,238,-1,263,238,235,-1,229,244,231,-1,231,244,263,-1,231,263,233,-1,227,225,244,-1,244,225,223,-1,244,223,246,-1,246,223,221,-1,246,221,248,-1,248,221,219,-1,248,219,251,-1,251,219,216,-1,251,216,258,-1,258,216,214,-1,258,214,259,-1,259,214,212,-1,259,212,260,-1,260,212,210,-1,260,210,261,-1,261,210,208,-1,261,208,262,-1,262,208,206,-1,262,206,201,-1,201,206,205,-1,201,205,200,-1,200,205,203,-1,264,265,266,-1,266,265,267,-1,265,268,267,-1,267,268,269,-1,268,270,269,-1,269,270,271,-1,272,273,274,-1,272,274,275,-1,275,274,276,-1,275,276,277,-1,277,276,278,-1,277,278,279,-1,279,278,280,-1,279,280,281,-1,281,280,282,-1,281,282,283,-1,283,282,271,-1,283,271,270,-1,272,284,273,-1,273,284,285,-1,286,287,288,-1,288,287,289,-1,288,289,290,-1,290,289,291,-1,290,291,292,-1,292,291,293,-1,292,293,294,-1,294,293,295,-1,294,295,296,-1,296,295,297,-1,296,297,284,-1,284,297,285,-1,286,298,287,-1,287,298,299,-1,300,301,302,-1,302,301,303,-1,304,305,306,-1,304,306,307,-1,307,306,308,-1,307,308,309,-1,309,308,310,-1,309,310,311,-1,311,310,312,-1,311,312,313,-1,313,312,314,-1,313,314,315,-1,315,314,300,-1,315,300,302,-1,304,316,305,-1,305,316,317,-1,302,303,318,-1,302,318,315,-1,309,311,318,-1,318,311,313,-1,318,313,315,-1,309,288,290,-1,288,309,286,-1,286,309,318,-1,286,318,298,-1,290,292,309,-1,309,292,294,-1,309,294,307,-1,307,294,296,-1,307,296,304,-1,304,296,284,-1,304,284,316,-1,316,284,272,-1,316,272,319,-1,319,272,275,-1,319,275,320,-1,320,275,277,-1,320,277,321,-1,321,277,279,-1,321,279,322,-1,322,279,281,-1,322,281,323,-1,323,281,283,-1,323,283,264,-1,264,283,270,-1,264,270,265,-1,265,270,268,-1,264,266,323,-1,323,266,324,-1,323,324,322,-1,322,324,325,-1,322,325,321,-1,321,325,326,-1,321,326,320,-1,320,326,327,-1,320,327,319,-1,319,327,328,-1,319,328,316,-1,316,328,317,-1,301,300,329,-1,329,300,314,-1,314,312,329,-1,329,312,310,-1,329,310,308,-1,293,291,308,-1,308,291,289,-1,308,289,329,-1,329,289,287,-1,329,287,299,-1,267,269,266,-1,266,269,271,-1,266,271,324,-1,324,271,282,-1,324,282,325,-1,325,282,280,-1,325,280,326,-1,326,280,278,-1,326,278,327,-1,327,278,276,-1,327,276,328,-1,328,276,274,-1,328,274,317,-1,317,274,273,-1,317,273,305,-1,305,273,285,-1,305,285,306,-1,306,285,297,-1,306,297,308,-1,308,297,295,-1,308,295,293,-1,330,331,332,-1,332,331,333,-1,331,334,333,-1,333,334,335,-1,334,336,335,-1,335,336,337,-1,338,339,340,-1,338,340,341,-1,341,340,342,-1,341,342,343,-1,343,342,344,-1,343,344,345,-1,345,344,346,-1,345,346,347,-1,347,346,348,-1,347,348,349,-1,349,348,337,-1,349,337,336,-1,338,350,339,-1,339,350,351,-1,352,353,354,-1,354,353,355,-1,354,355,356,-1,356,355,357,-1,356,357,358,-1,358,357,359,-1,358,359,360,-1,360,359,361,-1,360,361,362,-1,362,361,363,-1,362,363,350,-1,350,363,351,-1,352,364,353,-1,353,364,365,-1,366,367,368,-1,368,367,369,-1,370,371,372,-1,370,372,373,-1,373,372,374,-1,373,374,375,-1,375,374,376,-1,375,376,377,-1,377,376,378,-1,377,378,379,-1,379,378,380,-1,379,380,381,-1,381,380,366,-1,381,366,368,-1,370,382,371,-1,371,382,383,-1,368,369,384,-1,368,384,381,-1,375,377,384,-1,384,377,379,-1,384,379,381,-1,375,354,356,-1,354,375,352,-1,352,375,384,-1,352,384,364,-1,356,358,375,-1,375,358,360,-1,375,360,373,-1,373,360,362,-1,373,362,370,-1,370,362,350,-1,370,350,382,-1,382,350,338,-1,382,338,385,-1,385,338,341,-1,385,341,386,-1,386,341,343,-1,386,343,387,-1,387,343,345,-1,387,345,388,-1,388,345,347,-1,388,347,389,-1,389,347,349,-1,389,349,330,-1,330,349,336,-1,330,336,331,-1,331,336,334,-1,330,332,389,-1,389,332,390,-1,389,390,388,-1,388,390,391,-1,388,391,387,-1,387,391,392,-1,387,392,386,-1,386,392,393,-1,386,393,385,-1,385,393,394,-1,385,394,382,-1,382,394,383,-1,367,366,395,-1,395,366,380,-1,380,378,395,-1,395,378,376,-1,395,376,374,-1,359,357,374,-1,374,357,355,-1,374,355,395,-1,395,355,353,-1,395,353,365,-1,333,335,332,-1,332,335,337,-1,332,337,390,-1,390,337,348,-1,390,348,391,-1,391,348,346,-1,391,346,392,-1,392,346,344,-1,392,344,393,-1,393,344,342,-1,393,342,394,-1,394,342,340,-1,394,340,383,-1,383,340,339,-1,383,339,371,-1,371,339,351,-1,371,351,372,-1,372,351,363,-1,372,363,374,-1,374,363,361,-1,374,361,359,-1,396,397,398,-1,398,397,399,-1,397,400,399,-1,399,400,401,-1,400,402,401,-1,401,402,403,-1,404,405,406,-1,404,406,407,-1,407,406,408,-1,407,408,409,-1,409,408,410,-1,409,410,411,-1,411,410,412,-1,411,412,413,-1,413,412,414,-1,413,414,415,-1,415,414,403,-1,415,403,402,-1,404,416,405,-1,405,416,417,-1,418,419,420,-1,420,419,421,-1,420,421,422,-1,422,421,423,-1,422,423,424,-1,424,423,425,-1,424,425,426,-1,426,425,427,-1,426,427,428,-1,428,427,429,-1,428,429,416,-1,416,429,417,-1,418,430,419,-1,419,430,431,-1,432,433,434,-1,434,433,435,-1,436,437,438,-1,436,438,439,-1,439,438,440,-1,439,440,441,-1,441,440,442,-1,441,442,443,-1,443,442,444,-1,443,444,445,-1,445,444,446,-1,445,446,447,-1,447,446,432,-1,447,432,434,-1,436,448,437,-1,437,448,449,-1,434,435,450,-1,434,450,447,-1,441,443,450,-1,450,443,445,-1,450,445,447,-1,441,420,422,-1,420,441,418,-1,418,441,450,-1,418,450,430,-1,422,424,441,-1,441,424,426,-1,441,426,439,-1,439,426,428,-1,439,428,436,-1,436,428,416,-1,436,416,448,-1,448,416,404,-1,448,404,451,-1,451,404,407,-1,451,407,452,-1,452,407,409,-1,452,409,453,-1,453,409,411,-1,453,411,454,-1,454,411,413,-1,454,413,455,-1,455,413,415,-1,455,415,396,-1,396,415,402,-1,396,402,397,-1,397,402,400,-1,396,398,455,-1,455,398,456,-1,455,456,454,-1,454,456,457,-1,454,457,453,-1,453,457,458,-1,453,458,452,-1,452,458,459,-1,452,459,451,-1,451,459,460,-1,451,460,448,-1,448,460,449,-1,433,432,461,-1,461,432,446,-1,446,444,461,-1,461,444,442,-1,461,442,440,-1,425,423,440,-1,440,423,421,-1,440,421,461,-1,461,421,419,-1,461,419,431,-1,399,401,398,-1,398,401,403,-1,398,403,456,-1,456,403,414,-1,456,414,457,-1,457,414,412,-1,457,412,458,-1,458,412,410,-1,458,410,459,-1,459,410,408,-1,459,408,460,-1,460,408,406,-1,460,406,449,-1,449,406,405,-1,449,405,437,-1,437,405,417,-1,437,417,438,-1,438,417,429,-1,438,429,440,-1,440,429,427,-1,440,427,425,-1,462,463,464,-1,464,463,465,-1,463,466,465,-1,465,466,467,-1,466,468,467,-1,467,468,469,-1,470,471,472,-1,470,472,473,-1,473,472,474,-1,473,474,475,-1,475,474,476,-1,475,476,477,-1,477,476,478,-1,477,478,479,-1,479,478,480,-1,479,480,481,-1,481,480,469,-1,481,469,468,-1,470,482,471,-1,471,482,483,-1,484,485,486,-1,486,485,487,-1,486,487,488,-1,488,487,489,-1,488,489,490,-1,490,489,491,-1,490,491,492,-1,492,491,493,-1,492,493,494,-1,494,493,495,-1,494,495,482,-1,482,495,483,-1,484,496,485,-1,485,496,497,-1,498,499,500,-1,500,499,501,-1,502,503,504,-1,502,504,505,-1,505,504,506,-1,505,506,507,-1,507,506,508,-1,507,508,509,-1,509,508,510,-1,509,510,511,-1,511,510,512,-1,511,512,513,-1,513,512,498,-1,513,498,500,-1,502,514,503,-1,503,514,515,-1,500,501,516,-1,500,516,513,-1,507,509,516,-1,516,509,511,-1,516,511,513,-1,507,486,488,-1,486,507,484,-1,484,507,516,-1,484,516,496,-1,488,490,507,-1,507,490,492,-1,507,492,505,-1,505,492,494,-1,505,494,502,-1,502,494,482,-1,502,482,514,-1,514,482,470,-1,514,470,517,-1,517,470,473,-1,517,473,518,-1,518,473,475,-1,518,475,519,-1,519,475,477,-1,519,477,520,-1,520,477,479,-1,520,479,521,-1,521,479,481,-1,521,481,462,-1,462,481,468,-1,462,468,463,-1,463,468,466,-1,462,464,521,-1,521,464,522,-1,521,522,520,-1,520,522,523,-1,520,523,519,-1,519,523,524,-1,519,524,518,-1,518,524,525,-1,518,525,517,-1,517,525,526,-1,517,526,514,-1,514,526,515,-1,499,498,527,-1,527,498,512,-1,512,510,527,-1,527,510,508,-1,527,508,506,-1,491,489,506,-1,506,489,487,-1,506,487,527,-1,527,487,485,-1,527,485,497,-1,465,467,464,-1,464,467,469,-1,464,469,522,-1,522,469,480,-1,522,480,523,-1,523,480,478,-1,523,478,524,-1,524,478,476,-1,524,476,525,-1,525,476,474,-1,525,474,526,-1,526,474,472,-1,526,472,515,-1,515,472,471,-1,515,471,503,-1,503,471,483,-1,503,483,504,-1,504,483,495,-1,504,495,506,-1,506,495,493,-1,506,493,491,-1,528,529,530,-1,530,529,531,-1,532,528,533,-1,533,528,530,-1,534,532,535,-1,535,532,533,-1,529,534,531,-1,531,534,535,-1,532,534,528,-1,528,534,529,-1,536,537,538,-1,538,537,539,-1,540,536,541,-1,541,536,538,-1,542,540,543,-1,543,540,541,-1,544,542,545,-1,545,542,543,-1,546,544,547,-1,547,544,545,-1,537,546,539,-1,539,546,547,-1,542,544,540,-1,540,544,546,-1,540,546,536,-1,536,546,537,-1,548,549,550,-1,548,550,551,-1,551,550,552,-1,551,552,553,-1,553,552,554,-1,553,554,555,-1,556,555,557,-1,557,555,554,-1,556,557,558,-1,556,558,559,-1,559,558,560,-1,559,560,561,-1,561,560,562,-1,561,562,563,-1,563,562,564,-1,563,564,565,-1,565,564,566,-1,565,566,567,-1,567,566,568,-1,567,568,569,-1,569,568,570,-1,569,570,571,-1,571,570,572,-1,571,572,573,-1,573,572,574,-1,573,574,575,-1,575,574,576,-1,575,576,577,-1,577,576,578,-1,577,578,579,-1,579,578,580,-1,579,580,581,-1,581,580,582,-1,581,582,583,-1,583,582,584,-1,583,584,585,-1,585,584,586,-1,585,586,587,-1,587,586,588,-1,587,588,589,-1,589,588,590,-1,589,590,591,-1,591,590,592,-1,591,592,593,-1,593,592,594,-1,593,594,595,-1,595,594,596,-1,595,596,597,-1,597,596,598,-1,597,598,599,-1,599,598,600,-1,599,600,601,-1,602,601,603,-1,603,601,600,-1,604,605,606,-1,602,603,607,-1,602,607,608,-1,608,607,609,-1,608,609,606,-1,606,609,610,-1,606,610,604,-1,604,611,605,-1,605,611,612,-1,611,613,612,-1,612,613,614,-1,612,614,615,-1,615,614,616,-1,615,616,617,-1,617,616,618,-1,617,618,619,-1,619,618,620,-1,619,620,621,-1,621,620,622,-1,621,622,623,-1,622,624,623,-1,623,624,625,-1,623,625,626,-1,626,625,627,-1,626,627,628,-1,628,627,629,-1,628,629,630,-1,630,629,631,-1,630,631,632,-1,631,633,632,-1,632,633,634,-1,632,634,635,-1,635,634,636,-1,635,636,637,-1,637,636,638,-1,637,638,639,-1,639,638,640,-1,639,640,641,-1,641,640,642,-1,641,642,643,-1,643,642,549,-1,643,549,548,-1,599,601,602,-1,589,591,612,-1,581,583,621,-1,612,591,605,-1,599,602,597,-1,555,556,553,-1,553,556,559,-1,553,559,551,-1,551,559,561,-1,551,561,548,-1,548,561,563,-1,548,563,643,-1,643,563,565,-1,643,565,641,-1,641,565,567,-1,641,567,639,-1,639,567,569,-1,639,569,637,-1,637,569,571,-1,637,571,635,-1,635,571,573,-1,635,573,632,-1,632,573,630,-1,630,573,575,-1,630,575,628,-1,621,583,619,-1,591,593,605,-1,605,593,595,-1,605,595,606,-1,606,595,597,-1,606,597,608,-1,608,597,602,-1,612,615,589,-1,589,615,617,-1,589,617,587,-1,587,617,619,-1,587,619,585,-1,585,619,583,-1,575,577,628,-1,628,577,579,-1,628,579,626,-1,626,579,581,-1,626,581,623,-1,623,581,621,-1,644,645,646,-1,646,645,647,-1,648,649,650,-1,650,649,644,-1,650,644,646,-1,651,649,652,-1,652,649,648,-1,651,652,653,-1,653,652,654,-1,653,654,655,-1,656,653,657,-1,657,653,655,-1,658,659,660,-1,660,659,656,-1,660,656,657,-1,661,659,662,-1,662,659,658,-1,661,662,663,-1,663,662,664,-1,663,664,665,-1,666,663,667,-1,667,663,665,-1,668,669,670,-1,670,669,666,-1,670,666,667,-1,671,669,672,-1,672,669,668,-1,671,672,645,-1,645,672,673,-1,645,673,647,-1,671,645,644,-1,644,649,671,-1,671,649,651,-1,671,651,669,-1,663,666,661,-1,661,666,669,-1,661,669,659,-1,659,669,651,-1,659,651,656,-1,656,651,653,-1,674,675,676,-1,676,675,677,-1,676,677,678,-1,678,677,679,-1,678,679,680,-1,680,679,681,-1,680,681,682,-1,682,681,683,-1,682,683,684,-1,684,683,685,-1,684,685,686,-1,686,685,687,-1,686,687,688,-1,688,687,689,-1,688,689,690,-1,690,689,691,-1,690,691,692,-1,692,691,693,-1,692,693,694,-1,694,693,695,-1,694,695,696,-1,696,695,697,-1,696,697,698,-1,698,697,699,-1,698,699,700,-1,700,699,701,-1,700,701,702,-1,702,701,703,-1,702,703,704,-1,704,703,705,-1,704,705,706,-1,706,705,707,-1,706,707,708,-1,708,707,709,-1,708,709,674,-1,674,709,675,-1,697,695,710,-1,710,695,711,-1,697,710,712,-1,697,712,699,-1,699,712,713,-1,699,713,701,-1,713,714,701,-1,701,714,715,-1,701,715,703,-1,703,715,716,-1,703,716,705,-1,705,716,717,-1,705,717,707,-1,707,717,718,-1,707,718,709,-1,709,718,719,-1,709,719,675,-1,675,719,720,-1,675,720,677,-1,677,720,721,-1,677,721,679,-1,679,721,722,-1,679,722,681,-1,681,722,723,-1,681,723,683,-1,683,723,724,-1,683,724,685,-1,725,691,689,-1,685,724,726,-1,685,726,687,-1,687,726,727,-1,687,727,689,-1,689,727,728,-1,689,728,725,-1,693,691,729,-1,729,691,725,-1,695,693,711,-1,711,693,729,-1,690,692,730,-1,730,692,731,-1,692,694,731,-1,731,694,732,-1,694,696,732,-1,732,696,733,-1,704,734,735,-1,704,735,702,-1,702,735,736,-1,702,736,700,-1,700,736,737,-1,700,737,698,-1,698,737,733,-1,698,733,696,-1,676,738,739,-1,676,739,674,-1,674,739,740,-1,674,740,708,-1,708,740,741,-1,708,741,706,-1,706,741,734,-1,706,734,704,-1,684,742,743,-1,684,743,682,-1,682,743,744,-1,682,744,680,-1,680,744,745,-1,680,745,678,-1,678,745,738,-1,678,738,676,-1,690,730,746,-1,690,746,688,-1,688,746,747,-1,688,747,686,-1,686,747,742,-1,686,742,684,-1,
        ]
    }
}
Shape{
    appearance Appearance {
        material  Material 	{
            diffuseColor 0.25098039215686274 0.25098039215686274 0.25098039215686274
            specularColor 0.12549019607843137 0.12549019607843137 0.12549019607843137
            ambientIntensity 0.251
            transparency 0.0
            shininess 0.5
        }
    }
    geometry IndexedFaceSet {
        ccw TRUE
        solid FALSE
        coord DEF co Coordinate {
            point [
                0.9307 0.58 0.6052, 0.9347 0.58 0.5769, 0.9307 0.5856 0.6052, 0.9347 0.5854 0.5769, 0.9346 0.5899 0.5773, 0.9345 0.5931 0.5784, 0.9342 0.5956 0.58, 0.9341 0.5964 0.5807, 0.9338 0.5983 0.5831, 0.9334 0.5996 0.5859, 0.9329 0.6003 0.5893, 0.9326 0.6004 0.5914, 0.932 0.5999 0.5956, 0.9316 0.5989 0.5984, 0.9314 0.5975 0.6005, 0.9312 0.5963 0.6017, 0.9308 0.5902 0.6047, 0.9309 0.5935 0.6036
            ]
        }
        coordIndex [
            0,1,2,-1,2,1,3,-1,2,3,4,-1,4,5,2,-1,2,5,6,-1,2,6,7,-1,7,8,2,-1,2,8,9,-1,2,9,10,-1,10,11,2,-1,2,11,12,-1,2,12,13,-1,13,14,2,-1,2,14,15,-1,2,15,16,-1,16,15,17,-1,
        ]
    }
}
Shape{
    appearance Appearance {
        material  Material 	{
            diffuseColor 1.0 1.0 1.0
            specularColor 0.5019607843137255 0.5019607843137255 0.5019607843137255
            ambientIntensity 1.0
            transparency 0.0
            shininess 0.5
        }
    }
    geometry IndexedFaceSet {
        ccw TRUE
        solid FALSE
        coord DEF co Coordinate {
            point [
                0.9372 0.6178 0.5874, 0.9377 0.6163 0.5833, 0.9372 0.6303 0.5874, 0.9377 0.6317 0.5833, 0.935 0.6234 0.6027, 0.934 0.6216 0.6099, 0.9392 0.6075 0.5732, 0.9392 0.6127 0.5732, 0.9349 0.6237 0.6038, 0.9347 0.624 0.6053, 0.934 0.6267 0.6099, 0.9347 0.6241 0.6053, 0.9349 0.6244 0.6037, 0.935 0.6247 0.6027, 0.9392 0.6408 0.5732, 0.9392 0.6355 0.5732, 0.9301 0.6267 0.6094, 0.9353 0.6408 0.5727, 0.9301 0.6216 0.6094, 0.9353 0.6075 0.5727, 0.9314 0.6181 0.6005, 0.9353 0.6127 0.5727, 0.9339 0.6163 0.5827, 0.9339 0.6317 0.5827, 0.9339 0.6181 0.5827, 0.9353 0.6355 0.5727, 0.9333 0.6178 0.5869, 0.9333 0.6303 0.5869, 0.9311 0.6247 0.6021, 0.9308 0.6241 0.6047, 0.931 0.6244 0.6032, 0.9308 0.624 0.6047, 0.9311 0.6234 0.6021, 0.931 0.6237 0.6032
            ]
        }
        coordIndex [
            0,1,2,-1,2,1,3,-1,4,5,0,-1,0,5,6,-1,0,6,1,-1,1,6,7,-1,4,8,5,-1,5,8,9,-1,5,9,10,-1,10,9,11,-1,10,11,12,-1,12,13,10,-1,10,13,2,-1,10,2,14,-1,14,2,3,-1,14,3,15,-1,10,14,16,-1,16,14,17,-1,5,10,18,-1,18,10,16,-1,19,6,20,-1,20,6,5,-1,20,5,18,-1,7,6,21,-1,21,6,19,-1,1,7,22,-1,22,7,21,-1,23,3,24,-1,24,3,1,-1,24,1,22,-1,15,3,25,-1,25,3,23,-1,14,15,17,-1,17,15,25,-1,0,2,26,-1,26,2,27,-1,2,13,27,-1,27,13,28,-1,11,29,30,-1,11,30,12,-1,12,30,28,-1,12,28,13,-1,11,9,29,-1,29,9,31,-1,4,32,33,-1,4,33,8,-1,8,33,31,-1,8,31,9,-1,4,0,32,-1,32,0,26,-1,
        ]
    }
}
Shape{
    appearance Appearance {
        material  Material 	{
            diffuseColor 0.25098039215686274 0.25098039215686274 0.25098039215686274
            specularColor 0.12549019607843137 0.12549019607843137 0.12549019607843137
            ambientIntensity 0.251
            transparency 0.0
            shininess 0.5
        }
    }
    geometry IndexedFaceSet {
        ccw TRUE
        solid FALSE
        coord DEF co Coordinate {
            point [
                0.9308 0.6241 0.6047, 0.9308 0.624 0.6047, 0.931 0.6244 0.6032, 0.931 0.6237 0.6032, 0.9311 0.6247 0.6021, 0.9311 0.6234 0.6021, 0.9333 0.6303 0.5869, 0.9333 0.6178 0.5869
            ]
        }
        coordIndex [
            0,1,2,-1,2,1,3,-1,2,3,4,-1,4,3,5,-1,4,5,6,-1,6,5,7,-1,
        ]
    }
}
Shape{
    appearance Appearance {
        material  Material 	{
            diffuseColor 1.0 1.0 1.0
            specularColor 0.5019607843137255 0.5019607843137255 0.5019607843137255
            ambientIntensity 1.0
            transparency 0.0
            shininess 0.5
        }
    }
    geometry IndexedFaceSet {
        ccw TRUE
        solid FALSE
        coord DEF co Coordinate {
            point [
                0.9468 0.512 0.5192, 0.9473 0.512 0.515, 0.9429 0.512 0.5186, 0.9434 0.512 0.5145, 0.9468 0.4968 0.5192, 0.9429 0.4968 0.5186, 0.945 0.4968 0.5315, 0.9411 0.4968 0.531, 0.945 0.5101 0.5315, 0.9411 0.5101 0.531, 0.9444 0.5101 0.5357, 0.9405 0.5101 0.5352, 0.9444 0.4968 0.5357, 0.9405 0.4968 0.5352, 0.9428 0.4968 0.5475, 0.9389 0.4968 0.5469, 0.9428 0.5111 0.5475, 0.9389 0.5111 0.5469, 0.9422 0.5111 0.5517, 0.9383 0.5111 0.5512, 0.9422 0.492 0.5517, 0.9383 0.492 0.5512, 0.9473 0.492 0.515, 0.9434 0.492 0.5145, 0.9468 0.5329 0.5191, 0.9468 0.5331 0.5191, 0.9462 0.5328 0.5233, 0.9459 0.5331 0.5253, 0.945 0.5377 0.5319, 0.9458 0.5331 0.5256, 0.9455 0.5331 0.5282, 0.9473 0.5331 0.515, 0.9473 0.5377 0.515, 0.9453 0.5214 0.5296, 0.9458 0.523 0.5262, 0.9457 0.5242 0.5267, 0.9464 0.5321 0.5216, 0.9466 0.5311 0.5203, 0.9469 0.5322 0.518, 0.9467 0.5305 0.5197, 0.9471 0.5307 0.5164, 0.9468 0.5292 0.5189, 0.9473 0.5291 0.5153, 0.9469 0.5278 0.5183, 0.9474 0.5272 0.5146, 0.9469 0.526 0.5182, 0.9474 0.5248 0.5144, 0.9469 0.5245 0.5183, 0.9474 0.522 0.5147, 0.9468 0.5234 0.5187, 0.9473 0.5203 0.5154, 0.9467 0.5225 0.5193, 0.9471 0.5187 0.5164, 0.9467 0.5221 0.5197, 0.9439 0.519 0.5394, 0.9445 0.519 0.5349, 0.9438 0.5203 0.5401, 0.9443 0.5222 0.5369, 0.9436 0.5239 0.5414, 0.9441 0.5251 0.5378, 0.9436 0.5281 0.5418, 0.9441 0.5277 0.5381, 0.9436 0.5281 0.5418, 0.9441 0.5293 0.5379, 0.9436 0.5314 0.5415, 0.9442 0.5303 0.5376, 0.9437 0.5332 0.5408, 0.9442 0.5312 0.537, 0.9452 0.5252 0.5306, 0.9456 0.5269 0.5273, 0.945 0.5331 0.5317, 0.9447 0.5329 0.5337, 0.9444 0.5372 0.5358, 0.9445 0.5324 0.5353, 0.9442 0.5365 0.5377, 0.9444 0.5319 0.5363, 0.944 0.5355 0.5391, 0.9438 0.5347 0.5399, 0.9458 0.5224 0.5257, 0.9454 0.5195 0.5286, 0.9459 0.5218 0.525, 0.9456 0.5182 0.5273, 0.9461 0.5214 0.5242, 0.9458 0.5172 0.5258, 0.9462 0.5212 0.5231, 0.9461 0.5166 0.5241, 0.9463 0.5211 0.5224, 0.9464 0.5164 0.522, 0.9465 0.5213 0.5213, 0.9467 0.5167 0.5199, 0.9466 0.5216 0.5205, 0.9469 0.5172 0.5184, 0.9471 0.5182 0.517, 0.9397 0.5281 0.5413, 0.9397 0.5239 0.5408, 0.9399 0.5203 0.5396, 0.94 0.519 0.5388, 0.9406 0.519 0.5344, 0.9404 0.5222 0.5364, 0.9402 0.5251 0.5373, 0.9402 0.5277 0.5375, 0.9402 0.5293 0.5374, 0.9403 0.5303 0.537, 0.9404 0.5312 0.5365, 0.9405 0.5319 0.5357, 0.9406 0.5324 0.5348, 0.9408 0.5329 0.5332, 0.9411 0.5331 0.5311, 0.9413 0.5252 0.53, 0.9414 0.5214 0.529, 0.9415 0.5195 0.528, 0.9417 0.5182 0.5268, 0.9419 0.5172 0.5253, 0.9422 0.5166 0.5236, 0.9425 0.5164 0.5215, 0.9428 0.5167 0.5194, 0.943 0.5172 0.5178, 0.9432 0.5182 0.5164, 0.9432 0.5187 0.5159, 0.9435 0.5248 0.5138, 0.9435 0.5221 0.5141, 0.9435 0.522 0.5142, 0.9434 0.5203 0.5148, 0.9435 0.5272 0.5141, 0.9435 0.5274 0.5141, 0.9434 0.5291 0.5148, 0.9432 0.5307 0.5159, 0.943 0.5322 0.5174, 0.9429 0.5329 0.5185, 0.9429 0.5331 0.5185, 0.9434 0.5331 0.5145, 0.9434 0.5377 0.5145, 0.9411 0.5377 0.5313, 0.9405 0.5372 0.5352, 0.9403 0.5365 0.5372, 0.9401 0.5355 0.5386, 0.9399 0.5347 0.5393, 0.9398 0.5332 0.5403, 0.9397 0.5314 0.5409, 0.9397 0.5281 0.5413, 0.9419 0.5224 0.5252, 0.9419 0.523 0.5257, 0.9418 0.5242 0.5262, 0.9417 0.5269 0.5268, 0.9424 0.5211 0.5219, 0.9423 0.5212 0.5226, 0.9422 0.5214 0.5236, 0.942 0.5218 0.5245, 0.9428 0.5225 0.5188, 0.9428 0.5221 0.5192, 0.9427 0.5216 0.52, 0.9426 0.5213 0.5208, 0.943 0.526 0.5176, 0.943 0.5245 0.5178, 0.9429 0.5234 0.5182, 0.9427 0.5311 0.5197, 0.9428 0.5305 0.5192, 0.9429 0.5292 0.5183, 0.943 0.5278 0.5178, 0.942 0.5331 0.5251, 0.942 0.5331 0.5248, 0.9423 0.5328 0.5227, 0.9425 0.5321 0.5211, 0.9416 0.5331 0.5276
            ]
        }
        coordIndex [
            0,1,2,-1,2,1,3,-1,4,0,5,-1,5,0,2,-1,6,4,7,-1,7,4,5,-1,8,6,9,-1,9,6,7,-1,10,8,11,-1,11,8,9,-1,12,10,13,-1,13,10,11,-1,14,12,15,-1,15,12,13,-1,16,14,17,-1,17,14,15,-1,18,16,19,-1,19,16,17,-1,20,18,21,-1,21,18,19,-1,22,20,23,-1,23,20,21,-1,1,22,3,-1,3,22,23,-1,8,10,6,-1,6,10,12,-1,1,0,22,-1,22,0,4,-1,16,18,14,-1,14,18,20,-1,14,20,12,-1,12,20,22,-1,12,22,6,-1,6,22,4,-1,24,25,26,-1,27,28,29,-1,29,28,30,-1,31,32,25,-1,25,32,28,-1,25,28,26,-1,26,28,27,-1,33,34,35,-1,26,36,24,-1,24,36,37,-1,24,37,38,-1,38,37,39,-1,38,39,40,-1,40,39,41,-1,40,41,42,-1,42,41,43,-1,42,43,44,-1,44,43,45,-1,44,45,46,-1,46,45,47,-1,46,47,48,-1,48,47,49,-1,48,49,50,-1,50,49,51,-1,50,51,52,-1,52,51,53,-1,54,55,56,-1,56,55,57,-1,56,57,58,-1,58,57,59,-1,58,59,60,-1,60,59,61,-1,60,61,62,-1,62,61,63,-1,62,63,64,-1,64,63,65,-1,64,65,66,-1,66,65,67,-1,33,35,68,-1,68,35,69,-1,68,69,70,-1,69,30,70,-1,70,30,28,-1,70,28,71,-1,71,28,72,-1,71,72,73,-1,73,72,74,-1,73,74,75,-1,75,74,76,-1,75,76,67,-1,67,76,77,-1,67,77,66,-1,34,33,78,-1,78,33,79,-1,78,79,80,-1,80,79,81,-1,80,81,82,-1,82,81,83,-1,82,83,84,-1,84,83,85,-1,84,85,86,-1,86,85,87,-1,86,87,88,-1,88,87,89,-1,88,89,90,-1,90,89,91,-1,90,91,53,-1,53,91,92,-1,53,92,52,-1,60,93,94,-1,60,94,58,-1,58,94,95,-1,58,95,56,-1,56,95,96,-1,56,96,54,-1,55,54,97,-1,97,54,96,-1,55,97,98,-1,55,98,57,-1,57,98,99,-1,57,99,59,-1,59,99,100,-1,59,100,61,-1,61,100,101,-1,61,101,63,-1,63,101,102,-1,63,102,65,-1,65,102,103,-1,65,103,67,-1,67,103,104,-1,67,104,75,-1,75,104,105,-1,75,105,73,-1,73,105,106,-1,73,106,71,-1,71,106,107,-1,71,107,70,-1,68,70,108,-1,108,70,107,-1,68,108,109,-1,68,109,33,-1,33,109,110,-1,33,110,79,-1,79,110,111,-1,79,111,81,-1,81,111,112,-1,81,112,83,-1,83,112,113,-1,83,113,85,-1,85,113,114,-1,85,114,87,-1,87,114,115,-1,87,115,89,-1,89,115,116,-1,89,116,91,-1,91,116,117,-1,91,117,92,-1,92,117,118,-1,92,118,52,-1,119,46,120,-1,120,46,48,-1,120,48,121,-1,121,48,50,-1,121,50,122,-1,122,50,52,-1,122,52,118,-1,46,119,123,-1,46,123,44,-1,44,123,124,-1,44,124,42,-1,124,125,42,-1,42,125,126,-1,42,126,40,-1,40,126,127,-1,40,127,38,-1,38,127,128,-1,38,128,24,-1,25,24,129,-1,129,24,128,-1,31,25,130,-1,130,25,129,-1,32,31,131,-1,131,31,130,-1,28,32,132,-1,132,32,131,-1,28,132,133,-1,28,133,72,-1,72,133,134,-1,72,134,74,-1,74,134,135,-1,74,135,76,-1,76,135,136,-1,76,136,77,-1,77,136,137,-1,77,137,66,-1,66,137,138,-1,66,138,64,-1,64,138,139,-1,64,139,62,-1,62,139,93,-1,62,93,60,-1,78,140,141,-1,78,141,34,-1,34,141,142,-1,34,142,35,-1,35,142,143,-1,35,143,69,-1,86,144,145,-1,86,145,84,-1,84,145,146,-1,84,146,82,-1,82,146,147,-1,82,147,80,-1,80,147,140,-1,80,140,78,-1,51,148,149,-1,51,149,53,-1,53,149,150,-1,53,150,90,-1,90,150,151,-1,90,151,88,-1,88,151,144,-1,88,144,86,-1,45,152,153,-1,45,153,47,-1,47,153,154,-1,47,154,49,-1,49,154,148,-1,49,148,51,-1,37,155,156,-1,37,156,39,-1,39,156,157,-1,39,157,41,-1,41,157,158,-1,41,158,43,-1,43,158,152,-1,43,152,45,-1,29,159,160,-1,29,160,27,-1,27,160,161,-1,27,161,26,-1,26,161,162,-1,26,162,36,-1,36,162,155,-1,36,155,37,-1,29,30,159,-1,159,30,163,-1,30,69,163,-1,163,69,143,-1,
        ]
    }
}
Shape{
    appearance Appearance {
        material  Material 	{
            diffuseColor 0.25098039215686274 0.25098039215686274 0.25098039215686274
            specularColor 0.12549019607843137 0.12549019607843137 0.12549019607843137
            ambientIntensity 0.251
            transparency 0.0
            shininess 0.5
        }
    }
    geometry IndexedFaceSet {
        ccw TRUE
        solid FALSE
        coord DEF co Coordinate {
            point [
                0.9416 0.5331 0.5276, 0.9417 0.5269 0.5268, 0.942 0.5331 0.5251, 0.9418 0.5242 0.5262, 0.9419 0.523 0.5257, 0.9419 0.5224 0.5252, 0.942 0.5331 0.5248, 0.9423 0.5328 0.5227, 0.942 0.5218 0.5245, 0.9425 0.5321 0.5211, 0.9428 0.5221 0.5192, 0.9428 0.5225 0.5188, 0.9428 0.5305 0.5192, 0.9427 0.5216 0.52, 0.9429 0.5292 0.5183, 0.943 0.5278 0.5178, 0.943 0.526 0.5176, 0.9422 0.5214 0.5236, 0.9423 0.5212 0.5226, 0.9427 0.5311 0.5197, 0.9424 0.5211 0.5219, 0.9426 0.5213 0.5208, 0.9429 0.5234 0.5182, 0.943 0.5245 0.5178
            ]
        }
        coordIndex [
            0,1,2,-1,2,1,3,-1,3,4,2,-1,2,4,5,-1,2,5,6,-1,6,5,7,-1,7,5,8,-1,7,8,9,-1,10,11,12,-1,10,12,13,-1,14,12,15,-1,15,12,16,-1,8,17,9,-1,9,17,18,-1,9,18,19,-1,19,18,20,-1,19,20,12,-1,12,20,21,-1,12,21,13,-1,11,22,12,-1,12,22,23,-1,12,23,16,-1,
        ]
    }
}
Shape{
    appearance Appearance {
        material  Material 	{
            diffuseColor 1.0 1.0 1.0
            specularColor 0.5019607843137255 0.5019607843137255 0.5019607843137255
            ambientIntensity 1.0
            transparency 0.0
            shininess 0.5
        }
    }
    geometry IndexedFaceSet {
        ccw TRUE
        solid FALSE
        coord DEF co Coordinate {
            point [
                0.9426 0.544 0.5201, 0.9465 0.544 0.5207, 0.9467 0.5458 0.5196, 0.9469 0.5516 0.5181, 0.943 0.5516 0.5176, 0.943 0.5487 0.5179, 0.9469 0.5487 0.5185, 0.9428 0.5461 0.5189, 0.9428 0.5458 0.519, 0.9472 0.544 0.5159, 0.9433 0.544 0.5154, 0.9434 0.5461 0.5146, 0.9474 0.5473 0.5148, 0.9435 0.5512 0.5138, 0.9474 0.5512 0.5144, 0.9435 0.5481 0.5141, 0.9435 0.5473 0.5142, 0.9435 0.5539 0.5141, 0.9474 0.5552 0.5148, 0.9435 0.5552 0.5143, 0.9433 0.5577 0.5152, 0.9472 0.5577 0.5158, 0.9432 0.5589 0.5159, 0.9471 0.5589 0.5165, 0.9431 0.5602 0.5171, 0.947 0.5602 0.5176, 0.9429 0.5611 0.5183, 0.9468 0.5611 0.5188, 0.9427 0.5617 0.5197, 0.9466 0.5617 0.5203, 0.9424 0.5619 0.5216, 0.9463 0.5619 0.5221, 0.9422 0.5617 0.5233, 0.9461 0.5617 0.5238, 0.942 0.5612 0.5247, 0.9459 0.5612 0.5252, 0.9418 0.5603 0.5259, 0.9457 0.5603 0.5265, 0.9417 0.5592 0.5269, 0.9456 0.5592 0.5274, 0.9415 0.5561 0.5286, 0.9454 0.5561 0.5291, 0.9414 0.5543 0.5293, 0.9453 0.5543 0.5299, 0.9412 0.5515 0.5306, 0.9451 0.5515 0.5311, 0.941 0.5498 0.5316, 0.9449 0.5498 0.5321, 0.941 0.5494 0.5321, 0.9449 0.5494 0.5326, 0.9409 0.549 0.5327, 0.9448 0.549 0.5332, 0.9408 0.5488 0.5334, 0.9447 0.5488 0.5339, 0.9407 0.5488 0.534, 0.9446 0.5488 0.5346, 0.9406 0.5489 0.5347, 0.9445 0.5489 0.5353, 0.9405 0.5491 0.5354, 0.9444 0.5491 0.5359, 0.9404 0.5495 0.536, 0.9443 0.5495 0.5365, 0.9403 0.5502 0.5366, 0.9442 0.5502 0.5371, 0.9403 0.5513 0.5371, 0.9442 0.5513 0.5377, 0.9402 0.5525 0.5374, 0.9441 0.5525 0.538, 0.9402 0.5539 0.5375, 0.9441 0.5539 0.5381, 0.9403 0.5569 0.5372, 0.9441 0.5569 0.5377, 0.9404 0.5595 0.5362, 0.9443 0.5595 0.5368, 0.9405 0.5606 0.5356, 0.9444 0.5606 0.5362, 0.9437 0.5606 0.5407, 0.9398 0.5606 0.5401, 0.9397 0.5571 0.5411, 0.9436 0.5571 0.5416, 0.9397 0.5543 0.5413, 0.9436 0.5543 0.5418, 0.9397 0.5506 0.5408, 0.9436 0.5506 0.5414, 0.9399 0.5481 0.5399, 0.9438 0.5481 0.5404, 0.94 0.547 0.5392, 0.9439 0.547 0.5397, 0.9401 0.5461 0.5384, 0.944 0.5456 0.5385, 0.9401 0.5456 0.538, 0.9403 0.5448 0.5367, 0.9442 0.5448 0.5373, 0.9405 0.5442 0.5352, 0.9444 0.5442 0.5358, 0.9408 0.544 0.5336, 0.9447 0.544 0.5341, 0.941 0.5442 0.5318, 0.9449 0.5442 0.5324, 0.9412 0.5447 0.5304, 0.9451 0.5447 0.531, 0.9413 0.5453 0.5295, 0.9452 0.5453 0.53, 0.9418 0.5511 0.526, 0.9457 0.5511 0.5265, 0.9455 0.5483 0.5278, 0.9414 0.5461 0.5287, 0.9453 0.5461 0.5292, 0.9415 0.5461 0.5286, 0.9416 0.5483 0.5272, 0.942 0.5541 0.5247, 0.9459 0.5541 0.5253, 0.9422 0.5559 0.5236, 0.9461 0.5559 0.5242, 0.9422 0.5565 0.523, 0.9461 0.5565 0.5236, 0.9423 0.5569 0.5224, 0.9462 0.5569 0.523, 0.9424 0.5571 0.5217, 0.9463 0.5571 0.5223, 0.9425 0.5571 0.5211, 0.9464 0.5571 0.5217, 0.9426 0.557 0.5203, 0.9465 0.557 0.5208, 0.9427 0.5568 0.5196, 0.9466 0.5568 0.5202, 0.9428 0.5564 0.519, 0.9467 0.5564 0.5196, 0.9429 0.5558 0.5185, 0.9468 0.5558 0.5191, 0.9429 0.5554 0.5183, 0.9468 0.5554 0.5188, 0.943 0.5542 0.5179, 0.9469 0.5542 0.5184, 0.943 0.5518 0.5176, 0.9469 0.5518 0.5181, 0.9437 0.5849 0.5412, 0.9437 0.5897 0.5412, 0.9398 0.5849 0.5407, 0.9398 0.5897 0.5407, 0.9464 0.5777 0.5215, 0.9425 0.5777 0.5209, 0.9427 0.5773 0.5197, 0.9466 0.5773 0.5203, 0.9428 0.5771 0.5188, 0.9467 0.5771 0.5194, 0.9467 0.577 0.5194, 0.9428 0.577 0.5188, 0.9464 0.5764 0.5215, 0.9425 0.5764 0.521, 0.9437 0.5695 0.5412, 0.9407 0.5717 0.5343, 0.9398 0.5695 0.5407, 0.9437 0.5643 0.5412, 0.9398 0.5643 0.5407, 0.9473 0.5747 0.5151, 0.9424 0.5717 0.5219, 0.9434 0.5747 0.5145, 0.9441 0.5726 0.5097, 0.948 0.5726 0.5103, 0.9435 0.5745 0.5141, 0.9443 0.5717 0.5081, 0.9443 0.5717 0.5081, 0.9484 0.5709 0.5077, 0.9482 0.5717 0.5086, 0.9445 0.5709 0.5071, 0.9446 0.57 0.5065, 0.9485 0.57 0.5071, 0.9446 0.569 0.5062, 0.9485 0.569 0.5067, 0.9446 0.5679 0.506, 0.9485 0.5679 0.5066, 0.9446 0.5662 0.5063, 0.9485 0.5662 0.5068, 0.9446 0.5652 0.5066, 0.9485 0.5652 0.5071, 0.949 0.5652 0.503, 0.9451 0.5652 0.5025, 0.9452 0.5672 0.5021, 0.9491 0.5672 0.5027, 0.9452 0.5682 0.5021, 0.9491 0.5682 0.5027, 0.9452 0.5701 0.5023, 0.9491 0.5701 0.5029, 0.9451 0.5717 0.5029, 0.949 0.5719 0.5036, 0.9451 0.5719 0.503, 0.9449 0.5736 0.5041, 0.9488 0.5736 0.5047, 0.9449 0.5739 0.5044, 0.9488 0.5739 0.505, 0.9446 0.5756 0.5064, 0.9485 0.5756 0.507, 0.944 0.5777 0.5105, 0.9479 0.5777 0.511, 0.9435 0.5791 0.5141, 0.9468 0.6146 0.5192, 0.9473 0.6146 0.515, 0.9429 0.6146 0.5186, 0.9434 0.6146 0.5145, 0.9468 0.5995 0.5192, 0.9429 0.6064 0.5186, 0.9429 0.5995 0.5186, 0.945 0.5995 0.5315, 0.9411 0.5995 0.531, 0.945 0.6127 0.5315, 0.9411 0.6064 0.531, 0.9411 0.6127 0.531, 0.9444 0.6127 0.5357, 0.9405 0.6127 0.5352, 0.9405 0.5995 0.5352, 0.9444 0.5995 0.5357, 0.9405 0.6064 0.5352, 0.9428 0.5995 0.5475, 0.9389 0.5995 0.5469, 0.9389 0.6138 0.5469, 0.9428 0.6138 0.5475, 0.9389 0.6064 0.5469, 0.9422 0.6138 0.5517, 0.9383 0.6138 0.5512, 0.9383 0.5947 0.5512, 0.9422 0.5947 0.5517, 0.9383 0.6064 0.5512, 0.9473 0.5947 0.515, 0.9434 0.5947 0.5145, 0.9434 0.6064 0.5145, 0.945 0.6467 0.5316, 0.9451 0.6517 0.5312, 0.9447 0.6468 0.5337, 0.9447 0.6518 0.5338, 0.9441 0.6463 0.5379, 0.9441 0.6514 0.5382, 0.9437 0.6453 0.5407, 0.9436 0.6501 0.5419, 0.9434 0.6439 0.5428, 0.9431 0.6479 0.5452, 0.9433 0.6427 0.544, 0.9429 0.6462 0.5469, 0.943 0.6399 0.5459, 0.9425 0.6428 0.5492, 0.9428 0.6366 0.547, 0.9423 0.6384 0.551, 0.9428 0.632 0.5475, 0.9422 0.6322 0.5517, 0.9428 0.6264 0.5475, 0.9422 0.6216 0.5517, 0.9468 0.6264 0.5192, 0.9473 0.6216 0.515, 0.9468 0.6318 0.5192, 0.9473 0.6318 0.515, 0.9467 0.6363 0.5196, 0.9472 0.6381 0.5157, 0.9465 0.6396 0.5207, 0.947 0.6423 0.5174, 0.9463 0.642 0.5223, 0.9467 0.6459 0.5198, 0.9462 0.6428 0.523, 0.9466 0.6462 0.5201, 0.9459 0.6448 0.5254, 0.9462 0.6488 0.5232, 0.9455 0.646 0.5282, 0.9457 0.6507 0.5269, 0.9434 0.6318 0.5145, 0.9434 0.6216 0.5145, 0.9433 0.6381 0.5152, 0.9431 0.6423 0.5168, 0.9428 0.6459 0.5193, 0.9427 0.6462 0.5196, 0.9423 0.6488 0.5226, 0.9418 0.6507 0.5264, 0.9412 0.6517 0.5306, 0.9408 0.6518 0.5333, 0.9402 0.6514 0.5377, 0.9397 0.6501 0.5413, 0.9392 0.6479 0.5446, 0.939 0.6462 0.5463, 0.9386 0.6428 0.5487, 0.9384 0.6384 0.5504, 0.9383 0.6322 0.5512, 0.9383 0.6216 0.5512, 0.9389 0.632 0.5469, 0.9389 0.6264 0.5469, 0.9429 0.6264 0.5186, 0.9429 0.6318 0.5186, 0.9423 0.6428 0.5225, 0.9424 0.642 0.5218, 0.9426 0.6396 0.5202, 0.9428 0.6363 0.5191, 0.9408 0.6468 0.5331, 0.9411 0.6467 0.5311, 0.9416 0.646 0.5276, 0.942 0.6448 0.5249, 0.9394 0.6427 0.5435, 0.9395 0.6439 0.5423, 0.9398 0.6453 0.5402, 0.9402 0.6463 0.5374, 0.9389 0.6366 0.5465, 0.9391 0.6399 0.5453
            ]
        }
        coordIndex [
            0,1,2,-1,3,4,5,-1,3,5,6,-1,6,5,7,-1,6,7,2,-1,2,7,8,-1,2,8,0,-1,9,1,10,-1,10,1,0,-1,10,11,9,-1,9,11,12,-1,13,14,15,-1,15,14,12,-1,15,12,16,-1,16,12,11,-1,13,17,14,-1,14,17,18,-1,17,19,18,-1,18,19,20,-1,18,20,21,-1,21,20,22,-1,21,22,23,-1,23,22,24,-1,23,24,25,-1,25,24,26,-1,25,26,27,-1,27,26,28,-1,27,28,29,-1,29,28,30,-1,29,30,31,-1,31,30,32,-1,31,32,33,-1,33,32,34,-1,33,34,35,-1,35,34,36,-1,35,36,37,-1,37,36,38,-1,37,38,39,-1,39,38,40,-1,39,40,41,-1,41,40,42,-1,41,42,43,-1,43,42,44,-1,43,44,45,-1,45,44,46,-1,45,46,47,-1,47,46,48,-1,47,48,49,-1,49,48,50,-1,49,50,51,-1,51,50,52,-1,51,52,53,-1,53,52,54,-1,53,54,55,-1,55,54,56,-1,55,56,57,-1,57,56,58,-1,57,58,59,-1,59,58,60,-1,59,60,61,-1,61,60,62,-1,61,62,63,-1,63,62,64,-1,63,64,65,-1,65,64,66,-1,65,66,67,-1,67,66,68,-1,67,68,69,-1,69,68,70,-1,69,70,71,-1,71,70,72,-1,71,72,73,-1,73,72,74,-1,73,74,75,-1,76,75,77,-1,77,75,74,-1,76,77,78,-1,76,78,79,-1,79,78,80,-1,79,80,81,-1,81,80,82,-1,81,82,83,-1,83,82,84,-1,83,84,85,-1,85,84,86,-1,85,86,87,-1,86,88,87,-1,87,88,89,-1,88,90,89,-1,89,90,91,-1,89,91,92,-1,92,91,93,-1,92,93,94,-1,94,93,95,-1,94,95,96,-1,96,95,97,-1,96,97,98,-1,98,97,99,-1,98,99,100,-1,100,99,101,-1,100,101,102,-1,103,104,105,-1,102,101,106,-1,102,106,107,-1,107,106,108,-1,107,108,105,-1,105,108,109,-1,105,109,103,-1,104,103,110,-1,104,110,111,-1,111,110,112,-1,111,112,113,-1,113,112,114,-1,113,114,115,-1,115,114,116,-1,115,116,117,-1,117,116,118,-1,117,118,119,-1,119,118,120,-1,119,120,121,-1,121,120,122,-1,121,122,123,-1,123,122,124,-1,123,124,125,-1,125,124,126,-1,125,126,127,-1,127,126,128,-1,127,128,129,-1,129,128,130,-1,129,130,131,-1,131,130,132,-1,131,132,133,-1,133,132,134,-1,133,134,135,-1,135,134,4,-1,135,4,3,-1,61,63,85,-1,85,63,83,-1,111,43,104,-1,104,43,45,-1,21,23,127,-1,127,23,25,-1,127,25,125,-1,125,25,27,-1,125,27,123,-1,123,27,29,-1,123,29,121,-1,121,29,31,-1,121,31,119,-1,119,31,33,-1,119,33,117,-1,117,33,35,-1,117,35,115,-1,115,35,37,-1,115,37,113,-1,113,37,39,-1,113,39,111,-1,111,39,41,-1,111,41,43,-1,14,3,12,-1,12,3,6,-1,12,6,9,-1,9,6,2,-1,9,2,1,-1,63,65,83,-1,83,65,67,-1,83,67,81,-1,81,67,69,-1,81,69,79,-1,79,69,71,-1,79,71,76,-1,76,71,73,-1,76,73,75,-1,127,129,21,-1,21,129,131,-1,21,131,18,-1,18,131,133,-1,18,133,14,-1,14,133,135,-1,14,135,3,-1,85,87,61,-1,61,87,89,-1,61,89,59,-1,59,89,92,-1,59,92,57,-1,57,92,94,-1,57,94,55,-1,55,94,96,-1,55,96,53,-1,53,96,98,-1,53,98,51,-1,51,98,100,-1,51,100,49,-1,49,100,102,-1,49,102,47,-1,47,102,107,-1,47,107,45,-1,45,107,105,-1,45,105,104,-1,136,137,138,-1,138,137,139,-1,140,136,141,-1,141,136,138,-1,140,141,142,-1,140,142,143,-1,143,142,144,-1,143,144,145,-1,146,145,147,-1,147,145,144,-1,148,146,149,-1,149,146,147,-1,148,149,150,-1,150,149,151,-1,150,151,152,-1,153,150,154,-1,154,150,152,-1,153,154,155,-1,155,154,156,-1,155,156,157,-1,158,159,160,-1,160,159,155,-1,160,155,157,-1,159,158,161,-1,162,163,161,-1,161,163,164,-1,161,164,159,-1,162,165,163,-1,163,165,166,-1,163,166,167,-1,167,166,168,-1,167,168,169,-1,169,168,170,-1,169,170,171,-1,171,170,172,-1,171,172,173,-1,173,172,174,-1,173,174,175,-1,176,175,177,-1,177,175,174,-1,176,177,178,-1,176,178,179,-1,179,178,180,-1,179,180,181,-1,181,180,182,-1,181,182,183,-1,183,182,184,-1,183,184,185,-1,184,186,185,-1,185,186,187,-1,185,187,188,-1,188,187,189,-1,188,189,190,-1,190,189,191,-1,190,191,192,-1,192,191,193,-1,192,193,194,-1,139,137,195,-1,195,137,194,-1,195,194,193,-1,143,145,194,-1,137,136,194,-1,194,136,140,-1,194,140,143,-1,150,153,148,-1,148,153,155,-1,148,155,146,-1,192,164,190,-1,190,164,163,-1,175,176,173,-1,173,176,179,-1,173,179,171,-1,171,179,181,-1,171,181,169,-1,169,181,183,-1,169,183,167,-1,167,183,185,-1,167,185,163,-1,163,185,188,-1,163,188,190,-1,145,146,194,-1,194,146,155,-1,194,155,192,-1,192,155,159,-1,192,159,164,-1,196,197,198,-1,198,197,199,-1,196,198,200,-1,200,198,201,-1,200,201,202,-1,203,200,204,-1,204,200,202,-1,203,204,205,-1,205,204,206,-1,205,206,207,-1,208,205,209,-1,209,205,207,-1,210,211,212,-1,212,211,208,-1,212,208,209,-1,213,211,214,-1,214,211,210,-1,215,216,217,-1,217,216,213,-1,217,213,214,-1,218,216,219,-1,219,216,215,-1,220,221,222,-1,222,221,218,-1,222,218,219,-1,223,221,224,-1,224,221,220,-1,223,224,197,-1,197,224,225,-1,197,225,199,-1,216,218,213,-1,213,218,221,-1,213,221,211,-1,197,196,223,-1,223,196,200,-1,223,200,203,-1,205,208,203,-1,203,208,211,-1,203,211,223,-1,223,211,221,-1,226,227,228,-1,228,227,229,-1,228,229,230,-1,230,229,231,-1,230,231,232,-1,232,231,233,-1,232,233,234,-1,234,233,235,-1,234,235,236,-1,236,235,237,-1,236,237,238,-1,238,237,239,-1,238,239,240,-1,240,239,241,-1,240,241,242,-1,242,241,243,-1,242,243,244,-1,244,243,245,-1,244,245,246,-1,246,245,247,-1,246,247,248,-1,248,247,249,-1,248,249,250,-1,250,249,251,-1,250,251,252,-1,252,251,253,-1,252,253,254,-1,254,253,255,-1,254,255,256,-1,256,255,257,-1,256,257,258,-1,258,257,259,-1,258,259,260,-1,260,259,261,-1,260,261,226,-1,226,261,227,-1,249,247,262,-1,262,247,263,-1,249,262,264,-1,249,264,251,-1,251,264,265,-1,251,265,253,-1,253,265,266,-1,253,266,255,-1,255,266,267,-1,255,267,257,-1,257,267,268,-1,257,268,259,-1,259,268,269,-1,259,269,261,-1,261,269,270,-1,261,270,227,-1,227,270,271,-1,227,271,229,-1,229,271,272,-1,229,272,231,-1,231,272,273,-1,231,273,233,-1,233,273,274,-1,233,274,235,-1,235,274,275,-1,235,275,237,-1,237,275,276,-1,237,276,239,-1,239,276,277,-1,239,277,241,-1,241,277,278,-1,241,278,243,-1,245,243,279,-1,279,243,278,-1,247,245,263,-1,263,245,279,-1,242,244,280,-1,280,244,281,-1,244,246,281,-1,281,246,282,-1,246,248,282,-1,282,248,283,-1,256,284,285,-1,256,285,254,-1,254,285,286,-1,254,286,252,-1,252,286,287,-1,252,287,250,-1,250,287,283,-1,250,283,248,-1,228,288,289,-1,228,289,226,-1,226,289,290,-1,226,290,260,-1,260,290,291,-1,260,291,258,-1,258,291,284,-1,258,284,256,-1,236,292,293,-1,236,293,234,-1,234,293,294,-1,234,294,232,-1,232,294,295,-1,232,295,230,-1,230,295,288,-1,230,288,228,-1,242,280,296,-1,242,296,240,-1,240,296,297,-1,240,297,238,-1,238,297,292,-1,238,292,236,-1,
        ]
    }
}
Shape{
    appearance Appearance {
        material  Material 	{
            diffuseColor 0.25098039215686274 0.25098039215686274 0.25098039215686274
            specularColor 0.12549019607843137 0.12549019607843137 0.12549019607843137
            ambientIntensity 0.251
            transparency 0.0
            shininess 0.5
        }
    }
    geometry IndexedFaceSet {
        ccw TRUE
        solid FALSE
        coord DEF co Coordinate {
            point [
                0.9389 0.6264 0.5469, 0.9429 0.6264 0.5186, 0.9389 0.632 0.5469, 0.9429 0.6318 0.5186, 0.9428 0.6363 0.5191, 0.9426 0.6396 0.5202, 0.9424 0.642 0.5218, 0.9423 0.6428 0.5225, 0.942 0.6448 0.5249, 0.9416 0.646 0.5276, 0.9411 0.6467 0.5311, 0.9408 0.6468 0.5331, 0.9402 0.6463 0.5374, 0.9398 0.6453 0.5402, 0.9395 0.6439 0.5423, 0.9394 0.6427 0.5435, 0.9389 0.6366 0.5465, 0.9391 0.6399 0.5453
            ]
        }
        coordIndex [
            0,1,2,-1,2,1,3,-1,2,3,4,-1,4,5,2,-1,2,5,6,-1,2,6,7,-1,7,8,2,-1,2,8,9,-1,2,9,10,-1,10,11,2,-1,2,11,12,-1,2,12,13,-1,13,14,2,-1,2,14,15,-1,2,15,16,-1,16,15,17,-1,
        ]
    }
}
Shape{
    appearance Appearance {
        material  Material 	{
            diffuseColor 1.0 1.0 1.0
            specularColor 0.5019607843137255 0.5019607843137255 0.5019607843137255
            ambientIntensity 1.0
            transparency 0.0
            shininess 0.5
        }
    }
    geometry IndexedFaceSet {
        ccw TRUE
        solid FALSE
        coord DEF co Coordinate {
            point [
                0.9454 0.6642 0.5292, 0.9459 0.6627 0.525, 0.9454 0.6767 0.5292, 0.9459 0.6782 0.525, 0.9432 0.6698 0.5444, 0.9422 0.668 0.5517, 0.9473 0.6539 0.515, 0.9473 0.6592 0.515, 0.9431 0.6701 0.5455, 0.9428 0.6704 0.547, 0.9422 0.6731 0.5517, 0.9428 0.6705 0.547, 0.9431 0.6708 0.5455, 0.9432 0.6711 0.5444, 0.9473 0.6872 0.515, 0.9473 0.682 0.515, 0.9383 0.6731 0.5512, 0.9434 0.6872 0.5145, 0.9383 0.668 0.5512, 0.9434 0.6539 0.5145, 0.9434 0.6592 0.5145, 0.942 0.6627 0.5245, 0.942 0.6782 0.5245, 0.9434 0.682 0.5145, 0.9415 0.6642 0.5286, 0.9415 0.6767 0.5286, 0.9393 0.6711 0.5439, 0.9389 0.6705 0.5465, 0.9392 0.6708 0.5449, 0.9389 0.6704 0.5465, 0.9393 0.6698 0.5439, 0.9392 0.6701 0.545
            ]
        }
        coordIndex [
            0,1,2,-1,2,1,3,-1,4,5,0,-1,0,5,6,-1,0,6,1,-1,1,6,7,-1,4,8,5,-1,5,8,9,-1,5,9,10,-1,10,9,11,-1,10,11,12,-1,12,13,10,-1,10,13,2,-1,10,2,14,-1,14,2,3,-1,14,3,15,-1,10,14,16,-1,16,14,17,-1,5,10,18,-1,18,10,16,-1,6,5,19,-1,19,5,18,-1,7,6,20,-1,20,6,19,-1,1,7,21,-1,21,7,20,-1,3,1,22,-1,22,1,21,-1,15,3,23,-1,23,3,22,-1,14,15,17,-1,17,15,23,-1,0,2,24,-1,24,2,25,-1,2,13,25,-1,25,13,26,-1,11,27,28,-1,11,28,12,-1,12,28,26,-1,12,26,13,-1,11,9,27,-1,27,9,29,-1,4,30,31,-1,4,31,8,-1,8,31,29,-1,8,29,9,-1,4,0,30,-1,30,0,24,-1,
        ]
    }
}
Shape{
    appearance Appearance {
        material  Material 	{
            diffuseColor 0.25098039215686274 0.25098039215686274 0.25098039215686274
            specularColor 0.12549019607843137 0.12549019607843137 0.12549019607843137
            ambientIntensity 0.251
            transparency 0.0
            shininess 0.5
        }
    }
    geometry IndexedFaceSet {
        ccw TRUE
        solid FALSE
        coord DEF co Coordinate {
            point [
                0.9389 0.6705 0.5465, 0.9389 0.6704 0.5465, 0.9392 0.6708 0.5449, 0.9392 0.6701 0.545, 0.9393 0.6711 0.5439, 0.9393 0.6698 0.5439, 0.9415 0.6767 0.5286, 0.9415 0.6642 0.5286
            ]
        }
        coordIndex [
            0,1,2,-1,2,1,3,-1,2,3,4,-1,4,3,5,-1,4,5,6,-1,6,5,7,-1,
        ]
    }
}
Shape{
    appearance Appearance {
        material  Material 	{
            diffuseColor 1.0 1.0 1.0
            specularColor 0.5019607843137255 0.5019607843137255 0.5019607843137255
            ambientIntensity 1.0
            transparency 0.0
            shininess 0.5
        }
    }
    geometry IndexedFaceSet {
        ccw TRUE
        solid FALSE
        coord DEF co Coordinate {
            point [
                0.9385 0.3213 0.5782, 0.938 0.3272 0.5813, 0.9358 0.3258 0.5974, 0.9482 0.3723 0.5087, 0.9474 0.3754 0.5145, 0.9465 0.3769 0.521, 0.9357 0.3423 0.5981, 0.9383 0.3505 0.5791, 0.9372 0.3545 0.5873, 0.9466 0.3407 0.5203, 0.9463 0.3402 0.5227, 0.9448 0.326 0.5329, 0.9473 0.3257 0.5154, 0.9472 0.3223 0.5164, 0.9443 0.3202 0.5364, 0.9356 0.3362 0.5987, 0.943 0.414 0.5457, 0.9411 0.4058 0.5595, 0.9457 0.3771 0.5264, 0.9437 0.3705 0.5412, 0.9461 0.3771 0.5238, 0.9494 0.363 0.5007, 0.9488 0.3683 0.5043, 0.9469 0.3417 0.5181, 0.9488 0.3323 0.505, 0.9481 0.3283 0.5098, 0.9348 0.3477 0.6044, 0.9362 0.3604 0.5943, 0.934 0.3539 0.6096, 0.9355 0.3675 0.5994, 0.9335 0.3603 0.6136, 0.9378 0.3337 0.5828, 0.9378 0.3365 0.583, 0.9356 0.3393 0.5985, 0.9379 0.3427 0.5822, 0.9382 0.3486 0.5801, 0.947 0.3588 0.5176, 0.9472 0.3574 0.516, 0.9474 0.3554 0.5146, 0.9497 0.3571 0.4984, 0.9475 0.3531 0.5136, 0.9498 0.3507 0.4977, 0.9476 0.3505 0.5133, 0.9498 0.3497 0.4977, 0.9476 0.35 0.5133, 0.9496 0.3435 0.4986, 0.9475 0.3477 0.5137, 0.9493 0.3374 0.5012, 0.9474 0.3453 0.5147, 0.9472 0.3433 0.5162, 0.9456 0.3601 0.5271, 0.946 0.3607 0.5247, 0.9463 0.3607 0.5223, 0.9467 0.36 0.5198, 0.9457 0.4519 0.5266, 0.9443 0.4397 0.537, 0.9466 0.4448 0.5206, 0.9447 0.4358 0.5338, 0.9471 0.4367 0.5167, 0.945 0.4311 0.5317, 0.9474 0.428 0.5149, 0.9451 0.4264 0.5308, 0.9474 0.4124 0.5149, 0.9451 0.4145 0.5308, 0.9473 0.4109 0.5151, 0.9459 0.3403 0.5253, 0.9456 0.3411 0.5277, 0.944 0.3289 0.5385, 0.9453 0.3425 0.5299, 0.9434 0.3332 0.5434, 0.9451 0.3435 0.531, 0.9428 0.3386 0.5471, 0.9449 0.3456 0.5324, 0.9425 0.3444 0.5493, 0.9448 0.3479 0.5333, 0.9424 0.3507 0.5501, 0.9447 0.3505 0.5337, 0.9424 0.3539 0.5499, 0.9448 0.3527 0.5334, 0.9427 0.3603 0.5484, 0.9449 0.3551 0.5326, 0.9431 0.3659 0.5454, 0.9451 0.3572 0.5311, 0.9453 0.3589 0.5293, 0.9394 0.4227 0.5715, 0.9394 0.4248 0.5715, 0.9374 0.4356 0.5856, 0.9395 0.4291 0.5711, 0.9375 0.4369 0.5852, 0.9397 0.4337 0.5695, 0.938 0.4447 0.5813, 0.9401 0.4379 0.5668, 0.9389 0.4519 0.5753, 0.9406 0.4414 0.5631, 0.9399 0.4573 0.5679, 0.9412 0.4439 0.5587, 0.941 0.4605 0.56, 0.9419 0.4452 0.5537, 0.9422 0.4617 0.5514, 0.9423 0.4453 0.5512, 0.9435 0.4605 0.5421, 0.943 0.4447 0.5461, 0.9447 0.4572 0.5339, 0.9436 0.4429 0.5414, 0.9442 0.44 0.5373, 0.9345 0.4214 0.6062, 0.9362 0.411 0.5943, 0.9359 0.4301 0.5962, 0.9372 0.417 0.5872, 0.9384 0.4211 0.5788, 0.9406 0.3109 0.5632, 0.9412 0.2936 0.5589, 0.9415 0.3101 0.5569, 0.9415 0.2935 0.5564, 0.942 0.3105 0.5528, 0.943 0.2948 0.5461, 0.9429 0.3124 0.5464, 0.9443 0.2986 0.5364, 0.9437 0.3155 0.5412, 0.9455 0.3046 0.5279, 0.9465 0.3128 0.521, 0.9328 0.3725 0.6182, 0.935 0.3761 0.6029, 0.9326 0.3855 0.6198, 0.9348 0.3858 0.6041, 0.9328 0.3964 0.6187, 0.935 0.3947 0.603, 0.9334 0.4096 0.614, 0.9354 0.403 0.5999, 0.9361 0.4104 0.5948, 0.9363 0.3161 0.5936, 0.9371 0.3077 0.5878, 0.939 0.3169 0.5742, 0.9373 0.3059 0.5861, 0.9397 0.3132 0.569, 0.9385 0.2996 0.5781, 0.9398 0.2954 0.5687, 0.9451 0.4132 0.531, 0.947 0.4069 0.5176, 0.9471 0.4075 0.517, 0.9451 0.414 0.5309, 0.9472 0.4092 0.5158, 0.9462 0.4048 0.523, 0.9465 0.405 0.521, 0.9467 0.4057 0.5193, 0.9451 0.4109 0.5308, 0.9452 0.4091 0.5301, 0.9461 0.4048 0.524, 0.9454 0.4075 0.529, 0.9456 0.4064 0.5278, 0.9458 0.4054 0.526, 0.9451 0.4129 0.5311, 0.9383 0.4617 0.5509, 0.9371 0.4605 0.5594, 0.9368 0.4596 0.5616, 0.936 0.4573 0.5674, 0.935 0.4519 0.5748, 0.9341 0.4447 0.5808, 0.9336 0.4369 0.5846, 0.9335 0.4356 0.5851, 0.932 0.4301 0.5957, 0.9306 0.4214 0.6057, 0.9301 0.4153 0.6097, 0.9295 0.4096 0.6135, 0.9289 0.3964 0.6181, 0.9287 0.3855 0.6192, 0.9301 0.3539 0.6091, 0.9301 0.3549 0.6097, 0.9296 0.3603 0.613, 0.9289 0.3725 0.6177, 0.9309 0.3477 0.6038, 0.9318 0.3423 0.5976, 0.9317 0.3393 0.5979, 0.9317 0.3362 0.5981, 0.9319 0.3258 0.5968, 0.9324 0.3161 0.5931, 0.9332 0.3077 0.5872, 0.9335 0.3059 0.5856, 0.9359 0.2954 0.5681, 0.9346 0.2996 0.5775, 0.9368 0.2942 0.5616, 0.9373 0.2936 0.5583, 0.9376 0.2935 0.5558, 0.9391 0.2948 0.5456, 0.9404 0.2986 0.5359, 0.9416 0.3046 0.5274, 0.9426 0.3128 0.5204, 0.9433 0.3223 0.5158, 0.9434 0.3257 0.5149, 0.9435 0.326 0.5141, 0.9442 0.3283 0.5092, 0.9449 0.3323 0.5044, 0.9454 0.3374 0.5006, 0.9455 0.3398 0.4996, 0.9457 0.3435 0.4981, 0.9459 0.3497 0.4971, 0.9459 0.3507 0.4971, 0.9422 0.3771 0.5232, 0.9458 0.3571 0.4979, 0.9455 0.3616 0.4996, 0.9455 0.363 0.5001, 0.945 0.3683 0.5037, 0.9443 0.3723 0.5082, 0.9435 0.3754 0.514, 0.9435 0.3754 0.5141, 0.9426 0.3769 0.5204, 0.9418 0.3771 0.5258, 0.9391 0.414 0.5451, 0.9372 0.4058 0.559, 0.9398 0.3705 0.5407, 0.9392 0.3659 0.5449, 0.9388 0.3603 0.5478, 0.9385 0.3539 0.5494, 0.9385 0.3507 0.5496, 0.9386 0.3444 0.5488, 0.9389 0.3386 0.5466, 0.9395 0.3332 0.5429, 0.9401 0.3289 0.5379, 0.9409 0.326 0.5323, 0.9404 0.3202 0.5359, 0.9398 0.3155 0.5407, 0.939 0.3124 0.5459, 0.9381 0.3105 0.5523, 0.9376 0.3101 0.5563, 0.9368 0.3108 0.5616, 0.9367 0.3109 0.5627, 0.9359 0.3132 0.5685, 0.9351 0.3169 0.5737, 0.9346 0.3213 0.5777, 0.9341 0.3272 0.5808, 0.9339 0.3337 0.5823, 0.9339 0.3365 0.5824, 0.934 0.3427 0.5817, 0.9343 0.3486 0.5795, 0.9344 0.3505 0.5785, 0.9333 0.3545 0.5868, 0.9323 0.3604 0.5938, 0.9316 0.3675 0.5989, 0.9311 0.3761 0.6023, 0.9309 0.3858 0.6036, 0.9311 0.3947 0.6025, 0.9315 0.403 0.5994, 0.9322 0.4104 0.5943, 0.9323 0.411 0.5937, 0.9333 0.417 0.5867, 0.9345 0.4211 0.5783, 0.9355 0.4227 0.571, 0.9355 0.4248 0.571, 0.9356 0.4291 0.5705, 0.9358 0.4337 0.5689, 0.9362 0.4379 0.5663, 0.9367 0.4414 0.5626, 0.9368 0.4419 0.5616, 0.9373 0.4439 0.5581, 0.938 0.4452 0.5531, 0.9384 0.4453 0.5506, 0.9391 0.4447 0.5455, 0.9397 0.4429 0.5409, 0.9403 0.44 0.5368, 0.9404 0.4397 0.5365, 0.9408 0.4358 0.5333, 0.9411 0.4311 0.5312, 0.9412 0.4264 0.5302, 0.9412 0.4145 0.5302, 0.9412 0.414 0.5303, 0.9412 0.4132 0.5305, 0.9412 0.4129 0.5305, 0.9412 0.4109 0.5303, 0.9413 0.4091 0.5295, 0.9415 0.4075 0.5284, 0.9417 0.4064 0.5272, 0.9419 0.4054 0.5254, 0.9422 0.4048 0.5234, 0.9423 0.4048 0.5224, 0.9426 0.405 0.5205, 0.9428 0.4057 0.5187, 0.9431 0.4069 0.5171, 0.9432 0.4075 0.5164, 0.9433 0.4092 0.5152, 0.9434 0.4109 0.5146, 0.9435 0.4124 0.5143, 0.9435 0.428 0.5143, 0.9432 0.4367 0.5162, 0.9427 0.4448 0.5201, 0.9418 0.4519 0.5261, 0.9408 0.4572 0.5333, 0.9396 0.4605 0.5416, 0.9408 0.3505 0.5331, 0.9409 0.3527 0.5329, 0.941 0.3551 0.532, 0.9412 0.3572 0.5306, 0.9414 0.3589 0.5287, 0.9417 0.3601 0.5266, 0.9421 0.3607 0.5242, 0.9424 0.3607 0.5218, 0.9428 0.36 0.5193, 0.9431 0.3588 0.517, 0.9433 0.3574 0.5154, 0.9435 0.3554 0.514, 0.9436 0.3531 0.5131, 0.9437 0.3505 0.5128, 0.9437 0.35 0.5128, 0.9436 0.3477 0.5132, 0.9435 0.3453 0.5142, 0.9433 0.3433 0.5157, 0.943 0.3417 0.5176, 0.9427 0.3407 0.5197, 0.9424 0.3402 0.5222, 0.942 0.3403 0.5247, 0.9417 0.3411 0.5272, 0.9414 0.3425 0.5294, 0.9412 0.3435 0.5304, 0.941 0.3456 0.5319, 0.9409 0.3479 0.5328
            ]
        }
        coordIndex [
            0,1,2,-1,3,4,5,-1,6,7,8,-1,9,10,11,-1,12,11,13,-1,13,11,14,-1,2,1,15,-1,16,17,18,-1,18,17,19,-1,18,19,20,-1,20,19,21,-1,20,21,5,-1,5,21,22,-1,5,22,3,-1,23,9,24,-1,24,9,11,-1,24,11,25,-1,25,11,12,-1,6,8,26,-1,26,8,27,-1,26,27,28,-1,28,27,29,-1,28,29,30,-1,1,31,15,-1,15,31,32,-1,15,32,33,-1,33,32,34,-1,33,34,6,-1,6,34,35,-1,6,35,7,-1,36,37,21,-1,21,37,38,-1,21,38,39,-1,39,38,40,-1,39,40,41,-1,41,40,42,-1,41,42,43,-1,43,42,44,-1,43,44,45,-1,45,44,46,-1,45,46,47,-1,47,46,48,-1,47,48,24,-1,24,48,49,-1,24,49,23,-1,50,51,19,-1,19,51,52,-1,19,52,21,-1,21,52,53,-1,21,53,36,-1,54,55,56,-1,56,55,57,-1,56,57,58,-1,58,57,59,-1,58,59,60,-1,60,59,61,-1,60,61,62,-1,62,61,63,-1,62,63,64,-1,10,65,11,-1,11,65,66,-1,11,66,67,-1,67,66,68,-1,67,68,69,-1,69,68,70,-1,69,70,71,-1,71,70,72,-1,71,72,73,-1,73,72,74,-1,73,74,75,-1,75,74,76,-1,75,76,77,-1,77,76,78,-1,77,78,79,-1,79,78,80,-1,79,80,81,-1,81,80,82,-1,81,82,19,-1,19,82,83,-1,19,83,50,-1,84,85,86,-1,86,85,87,-1,86,87,88,-1,88,87,89,-1,88,89,90,-1,90,89,91,-1,90,91,92,-1,92,91,93,-1,92,93,94,-1,94,93,95,-1,94,95,96,-1,96,95,97,-1,96,97,98,-1,98,97,99,-1,98,99,100,-1,100,99,101,-1,100,101,102,-1,102,101,103,-1,102,103,54,-1,54,103,104,-1,54,104,55,-1,105,106,107,-1,107,106,108,-1,107,108,86,-1,86,108,109,-1,86,109,84,-1,110,111,112,-1,112,111,113,-1,112,113,114,-1,114,113,115,-1,114,115,116,-1,116,115,117,-1,116,117,118,-1,118,117,119,-1,118,119,14,-1,14,119,120,-1,14,120,13,-1,30,29,121,-1,121,29,122,-1,121,122,123,-1,123,122,124,-1,123,124,125,-1,125,124,126,-1,125,126,127,-1,127,126,128,-1,127,128,105,-1,105,128,129,-1,105,129,106,-1,2,130,0,-1,0,130,131,-1,0,131,132,-1,132,131,133,-1,132,133,134,-1,134,133,135,-1,134,135,110,-1,110,135,136,-1,110,136,111,-1,137,138,139,-1,63,140,64,-1,64,140,137,-1,64,137,141,-1,141,137,139,-1,142,143,137,-1,137,143,144,-1,137,144,138,-1,145,146,147,-1,146,148,147,-1,147,148,149,-1,147,149,150,-1,142,137,147,-1,147,137,151,-1,147,151,145,-1,98,152,153,-1,98,153,96,-1,96,153,154,-1,96,154,94,-1,154,155,94,-1,94,155,156,-1,94,156,92,-1,92,156,157,-1,92,157,90,-1,90,157,158,-1,90,158,88,-1,88,158,159,-1,88,159,86,-1,86,159,160,-1,86,160,107,-1,107,160,161,-1,107,161,105,-1,105,161,127,-1,127,161,162,-1,162,163,127,-1,127,163,164,-1,127,164,125,-1,125,164,165,-1,125,165,123,-1,166,28,167,-1,167,28,30,-1,167,30,168,-1,168,30,121,-1,168,121,169,-1,169,121,123,-1,169,123,165,-1,28,166,170,-1,28,170,26,-1,26,170,171,-1,26,171,6,-1,6,171,172,-1,6,172,33,-1,33,172,173,-1,33,173,15,-1,15,173,174,-1,15,174,2,-1,2,174,175,-1,2,175,130,-1,130,175,176,-1,130,176,131,-1,131,176,177,-1,131,177,133,-1,178,135,179,-1,179,135,133,-1,179,133,177,-1,180,111,178,-1,178,111,136,-1,178,136,135,-1,180,181,111,-1,111,181,182,-1,111,182,113,-1,113,182,183,-1,113,183,115,-1,115,183,184,-1,115,184,117,-1,117,184,185,-1,117,185,119,-1,119,185,186,-1,119,186,120,-1,120,186,187,-1,120,187,13,-1,13,187,188,-1,13,188,12,-1,12,188,189,-1,12,189,25,-1,189,190,25,-1,25,190,191,-1,25,191,24,-1,24,191,192,-1,24,192,47,-1,47,192,193,-1,47,193,45,-1,193,194,45,-1,45,194,195,-1,45,195,43,-1,43,195,196,-1,43,196,41,-1,197,20,5,-1,41,196,198,-1,41,198,39,-1,39,198,199,-1,39,199,21,-1,199,200,21,-1,21,200,201,-1,21,201,22,-1,22,201,202,-1,22,202,3,-1,3,202,203,-1,3,203,4,-1,4,203,204,-1,4,204,5,-1,5,204,205,-1,5,205,197,-1,18,20,206,-1,206,20,197,-1,16,18,207,-1,207,18,206,-1,17,16,208,-1,208,16,207,-1,19,17,209,-1,209,17,208,-1,19,209,210,-1,19,210,81,-1,81,210,211,-1,81,211,79,-1,79,211,212,-1,79,212,77,-1,77,212,213,-1,77,213,75,-1,75,213,214,-1,75,214,73,-1,73,214,215,-1,73,215,71,-1,71,215,216,-1,71,216,69,-1,69,216,217,-1,69,217,67,-1,67,217,218,-1,67,218,11,-1,11,218,219,-1,11,219,14,-1,14,219,220,-1,14,220,118,-1,118,220,221,-1,118,221,116,-1,116,221,222,-1,116,222,114,-1,114,222,223,-1,114,223,112,-1,223,224,112,-1,112,224,110,-1,224,225,110,-1,110,225,226,-1,110,226,134,-1,134,226,227,-1,134,227,132,-1,132,227,228,-1,132,228,0,-1,0,228,229,-1,0,229,1,-1,1,229,230,-1,1,230,31,-1,31,230,231,-1,31,231,32,-1,32,231,232,-1,32,232,34,-1,34,232,233,-1,34,233,35,-1,35,233,234,-1,35,234,7,-1,7,234,235,-1,7,235,8,-1,8,235,236,-1,8,236,27,-1,27,236,237,-1,27,237,29,-1,29,237,238,-1,29,238,122,-1,122,238,239,-1,122,239,124,-1,124,239,240,-1,124,240,126,-1,126,240,241,-1,126,241,128,-1,128,241,242,-1,128,242,129,-1,129,242,243,-1,129,243,106,-1,106,243,244,-1,106,244,108,-1,108,244,245,-1,108,245,109,-1,109,245,246,-1,109,246,84,-1,85,84,247,-1,247,84,246,-1,85,247,248,-1,85,248,87,-1,87,248,249,-1,87,249,89,-1,89,249,250,-1,89,250,91,-1,91,250,251,-1,91,251,93,-1,93,251,252,-1,93,252,95,-1,252,253,95,-1,95,253,254,-1,95,254,97,-1,97,254,255,-1,97,255,99,-1,99,255,256,-1,99,256,101,-1,101,256,257,-1,101,257,103,-1,103,257,258,-1,103,258,104,-1,104,258,259,-1,104,259,55,-1,55,259,260,-1,55,260,57,-1,57,260,261,-1,57,261,59,-1,59,261,262,-1,59,262,61,-1,63,61,263,-1,263,61,262,-1,63,263,264,-1,63,264,140,-1,140,264,265,-1,140,265,137,-1,137,265,266,-1,137,266,151,-1,151,266,267,-1,151,267,145,-1,145,267,268,-1,145,268,146,-1,146,268,269,-1,146,269,148,-1,148,269,270,-1,148,270,149,-1,149,270,271,-1,149,271,150,-1,150,271,272,-1,150,272,147,-1,147,272,273,-1,147,273,142,-1,142,273,274,-1,142,274,143,-1,143,274,275,-1,143,275,144,-1,144,275,276,-1,144,276,138,-1,138,276,277,-1,138,277,139,-1,139,277,278,-1,139,278,141,-1,141,278,279,-1,141,279,64,-1,64,279,280,-1,64,280,62,-1,60,62,281,-1,281,62,280,-1,60,281,282,-1,60,282,58,-1,58,282,283,-1,58,283,56,-1,56,283,284,-1,56,284,54,-1,54,284,285,-1,54,285,102,-1,102,285,286,-1,102,286,100,-1,100,286,152,-1,100,152,98,-1,76,287,288,-1,76,288,78,-1,78,288,289,-1,78,289,80,-1,80,289,290,-1,80,290,82,-1,82,290,291,-1,82,291,83,-1,83,291,292,-1,83,292,50,-1,50,292,293,-1,50,293,51,-1,51,293,294,-1,51,294,52,-1,52,294,295,-1,52,295,53,-1,53,295,296,-1,53,296,36,-1,36,296,297,-1,36,297,37,-1,37,297,298,-1,37,298,38,-1,38,298,299,-1,38,299,40,-1,40,299,300,-1,40,300,42,-1,42,300,301,-1,42,301,44,-1,44,301,302,-1,44,302,46,-1,46,302,303,-1,46,303,48,-1,48,303,304,-1,48,304,49,-1,49,304,305,-1,49,305,23,-1,23,305,306,-1,23,306,9,-1,9,306,307,-1,9,307,10,-1,10,307,308,-1,10,308,65,-1,65,308,309,-1,65,309,66,-1,66,309,310,-1,66,310,68,-1,68,310,311,-1,68,311,70,-1,70,311,312,-1,70,312,72,-1,72,312,313,-1,72,313,74,-1,74,313,287,-1,74,287,76,-1,
        ]
    }
}
Shape{
    appearance Appearance {
        material  Material 	{
            diffuseColor 0.25098039215686274 0.25098039215686274 0.25098039215686274
            specularColor 0.12549019607843137 0.12549019607843137 0.12549019607843137
            ambientIntensity 0.251
            transparency 0.0
            shininess 0.5
        }
    }
    geometry IndexedFaceSet {
        ccw TRUE
        solid FALSE
        coord DEF co Coordinate {
            point [
                0.9437 0.35 0.5128, 0.9412 0.3435 0.5304, 0.9414 0.3425 0.5294, 0.9436 0.3531 0.5131, 0.9435 0.3554 0.514, 0.9409 0.3527 0.5329, 0.9408 0.3505 0.5331, 0.9409 0.3479 0.5328, 0.941 0.3456 0.5319, 0.9427 0.3407 0.5197, 0.943 0.3417 0.5176, 0.9433 0.3433 0.5157, 0.9437 0.3505 0.5128, 0.9417 0.3411 0.5272, 0.942 0.3403 0.5247, 0.9424 0.3402 0.5222, 0.9435 0.3453 0.5142, 0.9436 0.3477 0.5132, 0.9433 0.3574 0.5154, 0.9431 0.3588 0.517, 0.9428 0.36 0.5193, 0.9424 0.3607 0.5218, 0.9421 0.3607 0.5242, 0.9417 0.3601 0.5266, 0.9414 0.3589 0.5287, 0.9412 0.3572 0.5306, 0.941 0.3551 0.532
            ]
        }
        coordIndex [
            0,1,2,-1,3,4,5,-1,6,7,0,-1,0,7,8,-1,0,8,1,-1,9,10,2,-1,2,10,11,-1,6,0,5,-1,5,0,12,-1,5,12,3,-1,13,14,2,-1,2,14,15,-1,2,15,9,-1,11,16,2,-1,2,16,17,-1,2,17,0,-1,4,18,5,-1,5,18,19,-1,5,19,20,-1,20,21,5,-1,5,21,22,-1,5,22,23,-1,23,24,5,-1,5,24,25,-1,5,25,26,-1,
        ]
    }
}